chr	start	end	WT.count	mut.count	subclonal.CN	nMaj1	nMin1	frac1	nMaj2	nMin2	frac2	phase	mutation.copy.number	subclonal.fraction	no.chrs.bearing.mut
1	859355	859356	46	19	3	2	1	1	NA	NA	NA	unphased	1.56155516216307	0.780777581081533	2
1	879496	879497	37	22	3	2	1	1	NA	NA	NA	unphased	1.99199275815627	0.995996379078137	2
1	1861946	1861947	78	21	3	2	1	1	NA	NA	NA	unphased	1.1331859629732	1.1331859629732	1
1	2076946	2076947	73	28	3	2	1	1	NA	NA	NA	unphased	1.48099551596497	0.740497757982485	2
1	2537448	2537449	62	13	3	2	1	1	NA	NA	NA	unphased	0.925974815458098	0.925974815458098	1
1	3093736	3093737	60	12	3	2	1	1	NA	NA	NA	unphased	0.890360399478941	0.890360399478941	1
1	3726144	3726145	78	19	3	2	1	1	NA	NA	NA	unphased	1.04640294371752	1.04640294371752	1
1	4091339	4091340	75	6	NA	NA	NA	NA	NA	NA	NA	unphased	NA	NA	1
1	4091364	4091365	85	3	NA	NA	NA	NA	NA	NA	NA	unphased	NA	NA	1
1	4091386	4091387	78	2	NA	NA	NA	NA	NA	NA	NA	unphased	NA	NA	1
1	4091402	4091403	81	2	NA	NA	NA	NA	NA	NA	NA	unphased	NA	NA	1
1	4091424	4091425	81	3	NA	NA	NA	NA	NA	NA	NA	unphased	NA	NA	1
1	4091477	4091478	73	1	NA	NA	NA	NA	NA	NA	NA	unphased	NA	NA	1
1	4091548	4091549	72	2	NA	NA	NA	NA	NA	NA	NA	unphased	NA	NA	1
1	4091567	4091568	69	2	NA	NA	NA	NA	NA	NA	NA	unphased	NA	NA	1
1	4091582	4091583	75	2	NA	NA	NA	NA	NA	NA	NA	unphased	NA	NA	1
1	4091648	4091649	75	9	NA	NA	NA	NA	NA	NA	NA	unphased	NA	NA	1
1	4092058	4092059	26	9	NA	NA	NA	NA	NA	NA	NA	unphased	NA	NA	1
1	4092243	4092244	69	4	NA	NA	NA	NA	NA	NA	NA	unphased	NA	NA	1
1	4092247	4092248	65	2	NA	NA	NA	NA	NA	NA	NA	unphased	NA	NA	1
1	4092270	4092271	64	2	NA	NA	NA	NA	NA	NA	NA	unphased	NA	NA	1
1	4092463	4092464	58	1	NA	NA	NA	NA	NA	NA	NA	unphased	NA	NA	1
1	4092479	4092480	63	1	NA	NA	NA	NA	NA	NA	NA	unphased	NA	NA	1
1	4092486	4092487	64	1	NA	NA	NA	NA	NA	NA	NA	unphased	NA	NA	1
1	5040447	5040448	56	9	2	2	0	1	NA	NA	NA	unphased	0.601222485720966	0.601222485720966	1
1	5166613	5166614	56	14	2	2	0	1	NA	NA	NA	unphased	0.868432479374729	0.868432479374729	1
1	5782555	5782556	43	2	3	2	1	1	NA	NA	NA	unphased	0.237429439861051	0.237429439861051	1
1	5782556	5782557	43	2	3	2	1	1	NA	NA	NA	unphased	0.237429439861051	0.237429439861051	1
1	5782645	5782646	39	8	3	2	1	1	NA	NA	NA	unphased	0.909304237765727	0.909304237765727	1
1	5782829	5782830	69	12	NA	NA	NA	NA	NA	NA	NA	unphased	NA	NA	1
1	5783116	5783117	80	17	NA	NA	NA	NA	NA	NA	NA	unphased	NA	NA	1
1	5783210	5783211	92	17	NA	NA	NA	NA	NA	NA	NA	unphased	NA	NA	1
1	5783255	5783256	82	4	NA	NA	NA	NA	NA	NA	NA	unphased	NA	NA	1
1	5783262	5783263	87	3	NA	NA	NA	NA	NA	NA	NA	unphased	NA	NA	1
1	5784974	5784975	69	16	NA	NA	NA	NA	NA	NA	NA	unphased	NA	NA	1
1	7536200	7536201	32	24	3	2	1	1	NA	NA	NA	unphased	2.2894981700887	1.14474908504435	2
1	9631136	9631137	60	20	3	2	1	1	NA	NA	NA	unphased	1.33554059921841	1.33554059921841	1
1	10578828	10578829	58	16	3	2	1	1	NA	NA	NA	unphased	1.15506213986457	1.15506213986457	1
1	13874151	13874152	81	14	3	2	1	1	NA	NA	NA	unphased	0.787266037434011	0.787266037434011	1
1	13922305	13922306	47	7	3	2	1	1	NA	NA	NA	unphased	0.692502532928065	0.692502532928065	1
1	14845731	14845732	66	17	3	2	1	1	NA	NA	NA	unphased	1.09417784032352	1.09417784032352	1
1	14933238	14933239	48	26	3	2	1	1	NA	NA	NA	unphased	1.87697597727993	0.938487988639964	2
1	14942853	14942854	63	20	3	2	1	1	NA	NA	NA	unphased	1.28726804743943	1.28726804743943	1
1	15585111	15585112	29	24	3	2	1	1	NA	NA	NA	unphased	2.41909240613146	1.20954620306573	2
1	15856888	15856889	74	20	3	2	1	1	NA	NA	NA	unphased	1.13663029720716	1.13663029720716	1
1	16440689	16440690	47	7	3	2	1	1	NA	NA	NA	unphased	0.692502532928065	0.692502532928065	1
1	16967019	16967020	312	35	3	2	1	1	NA	NA	NA	unphased	0.538834823892154	0.538834823892154	1
1	17719682	17719683	47	7	3	2	1	1	NA	NA	NA	unphased	0.692502532928065	0.692502532928065	1
1	18043450	18043451	41	15	3	2	1	1	NA	NA	NA	unphased	1.43093635630544	1.43093635630544	1
1	21858524	21858525	33	14	1	1	0	1	NA	NA	NA	unphased	0.995537735238957	0.995537735238957	1
1	22592892	22592893	28	14	1	1	0	1	NA	NA	NA	unphased	1.11405413229121	1.11405413229121	1
1	22939591	22939592	36	15	1	1	0	1	NA	NA	NA	unphased	0.982988940256954	0.982988940256954	1
1	23523220	23523221	33	13	1	1	0	1	NA	NA	NA	unphased	0.944524155638203	0.944524155638203	1
1	27387206	27387207	40	11	1	1	0	1	NA	NA	NA	unphased	0.720858556188433	0.720858556188433	1
1	29522515	29522516	27	10	1	1	0	1	NA	NA	NA	unphased	0.903287134290174	0.903287134290174	1
1	33884624	33884625	47	31	3	2	1	1	NA	NA	NA	unphased	2.12316710644978	1.06158355322489	2
1	34041081	34041082	63	5	3	2	1	1	NA	NA	NA	unphased	0.39280605859365	0.39280605859365	1
1	34521509	34521510	52	17	3	2	1	1	NA	NA	NA	unphased	1.31618493836017	1.31618493836017	1
1	34802836	34802837	40	12	3	2	1	1	NA	NA	NA	unphased	1.23280670697084	1.23280670697084	1
1	35380972	35380973	48	34	3	2	1	1	NA	NA	NA	unphased	2.21504294504517	1.10752147252258	2
1	37257882	37257883	67	13	3	2	1	1	NA	NA	NA	unphased	0.868101389491967	0.868101389491967	1
1	37476443	37476444	68	10	3	2	1	1	NA	NA	NA	unphased	0.6848926149838	0.6848926149838	1
1	38787533	38787534	81	15	3	2	1	1	NA	NA	NA	unphased	0.834712874511507	0.834712874511507	1
1	42145588	42145589	53	14	3	2	1	1	NA	NA	NA	unphased	1.11627273964524	1.11627273964524	1
1	42515342	42515343	72	13	3	2	1	1	NA	NA	NA	unphased	0.817036601874793	0.817036601874793	1
1	42515448	42515449	99	17	3	2	1	1	NA	NA	NA	unphased	0.782903109886655	0.782903109886655	1
1	42774092	42774093	50	14	2	1	1	1	NA	NA	NA	unphased	0.949848024316109	0.949848024316109	1
1	44801261	44801262	48	5	2	1	1	1	NA	NA	NA	unphased	0.409637961969212	0.409637961969212	1
1	45292886	45292887	46	16	2	1	1	1	NA	NA	NA	unphased	1.12055803790288	1.12055803790288	1
1	48309112	48309113	55	14	2	1	1	1	NA	NA	NA	unphased	0.881018457336681	0.881018457336681	1
1	49877267	49877268	61	20	2	1	1	1	NA	NA	NA	unphased	1.07213886342559	1.07213886342559	1
1	50174173	50174174	39	14	2	1	1	1	NA	NA	NA	unphased	1.14698629351379	1.14698629351379	1
1	51979342	51979343	59	15	2	1	1	1	NA	NA	NA	unphased	0.880168053420333	0.880168053420333	1
1	52817498	52817499	35	16	2	1	1	1	NA	NA	NA	unphased	1.36224702647016	1.36224702647016	1
1	54608922	54608923	57	18	2	1	1	1	NA	NA	NA	unphased	1.04211897524967	1.04211897524967	1
1	56958031	56958032	57	12	2	1	1	1	NA	NA	NA	unphased	0.755158677717155	0.755158677717155	1
1	57130061	57130062	70	16	2	1	1	1	NA	NA	NA	unphased	0.807844166860213	0.807844166860213	1
1	57730001	57730002	60	18	2	1	1	1	NA	NA	NA	unphased	1.00203747620161	1.00203747620161	1
1	57816423	57816424	61	21	2	1	1	1	NA	NA	NA	unphased	1.11201719919935	1.11201719919935	1
1	58128148	58128149	38	16	2	1	1	1	NA	NA	NA	unphased	1.28656663611071	1.28656663611071	1
1	60298566	60298567	74	18	2	1	1	1	NA	NA	NA	unphased	0.8495535124318	0.8495535124318	1
1	60972585	60972586	57	16	2	1	1	1	NA	NA	NA	unphased	0.951706826712031	0.951706826712031	1
1	62115460	62115461	60	8	2	1	1	1	NA	NA	NA	unphased	0.510842634926311	0.510842634926311	1
1	62612540	62612541	69	20	2	1	1	1	NA	NA	NA	unphased	0.975766830758122	0.975766830758122	1
1	64747021	64747022	62	22	2	1	1	1	NA	NA	NA	unphased	1.137233008705	1.137233008705	1
1	66991497	66991498	53	26	2	1	1	1	NA	NA	NA	unphased	1.42906610530019	1.42906610530019	1
1	67147839	67147840	47	6	2	1	1	1	NA	NA	NA	unphased	0.491565554363054	0.491565554363054	1
1	68201258	68201259	56	15	2	1	1	1	NA	NA	NA	unphased	0.917358252860629	0.917358252860629	1
1	69042298	69042299	42	17	2	1	1	1	NA	NA	NA	unphased	1.25113153808224	1.25113153808224	1
1	69536746	69536747	57	17	2	1	1	1	NA	NA	NA	unphased	0.997523793876377	0.997523793876377	1
1	71562136	71562137	60	16	2	1	1	1	NA	NA	NA	unphased	0.914139451973399	0.914139451973399	1
1	71644457	71644458	55	13	2	1	1	1	NA	NA	NA	unphased	0.830119281755255	0.830119281755255	1
1	71814046	71814047	53	12	2	1	1	1	NA	NA	NA	unphased	0.801629980961288	0.801629980961288	1
1	72324533	72324534	47	18	2	1	1	1	NA	NA	NA	unphased	1.20244497144193	1.20244497144193	1
1	73206327	73206328	55	19	2	1	1	1	NA	NA	NA	unphased	1.11487953433242	1.11487953433242	1
1	73422132	73422133	57	21	2	1	1	1	NA	NA	NA	unphased	1.16904372223521	1.16904372223521	1
1	73543969	73543970	65	20	2	1	1	1	NA	NA	NA	unphased	1.02168526985262	1.02168526985262	1
1	73685521	73685522	66	12	2	1	1	1	NA	NA	NA	unphased	0.668024984134407	0.668024984134407	1
1	73776365	73776366	52	12	2	1	1	1	NA	NA	NA	unphased	0.814155449413808	0.814155449413808	1
1	73908713	73908714	45	17	2	1	1	1	NA	NA	NA	unphased	1.19059291527181	1.19059291527181	1
1	74566879	74566880	44	10	2	1	1	1	NA	NA	NA	unphased	0.804104147569193	0.804104147569193	1
1	75323640	75323641	64	14	2	1	1	1	NA	NA	NA	unphased	0.779362481490141	0.779362481490141	1
1	75665595	75665596	58	14	2	1	1	1	NA	NA	NA	unphased	0.844309354947653	0.844309354947653	1
1	77677834	77677835	82	5	2	1	1	1	NA	NA	NA	unphased	0.249549563038715	0.249549563038715	1
1	77728467	77728468	27	10	2	1	1	1	NA	NA	NA	unphased	1.17355740456044	1.17355740456044	1
1	77791174	77791175	55	20	2	1	1	1	NA	NA	NA	unphased	1.15790997249964	1.15790997249964	1
1	78544349	78544350	62	14	2	1	1	1	NA	NA	NA	unphased	0.799872020476724	0.799872020476724	1
1	78977620	78977621	55	15	2	1	1	1	NA	NA	NA	unphased	0.930463370758638	0.930463370758638	1
1	79003103	79003104	69	13	2	1	1	1	NA	NA	NA	unphased	0.688391599504358	0.688391599504358	1
1	79611578	79611579	60	12	2	1	1	1	NA	NA	NA	unphased	0.723693732812274	0.723693732812274	1
1	79899738	79899739	59	21	2	1	1	1	NA	NA	NA	unphased	1.13981762917933	1.13981762917933	1
1	79929989	79929990	51	16	2	1	1	1	NA	NA	NA	unphased	1.03693430373102	1.03693430373102	1
1	80923547	80923548	70	9	2	1	1	1	NA	NA	NA	unphased	0.494676728757757	0.494676728757757	1
1	81001173	81001174	75	7	2	1	1	1	NA	NA	NA	unphased	0.370672399733116	0.370672399733116	1
1	81067109	81067110	60	14	2	1	1	1	NA	NA	NA	unphased	0.821490183192311	0.821490183192311	1
1	81333284	81333285	66	15	2	1	1	1	NA	NA	NA	unphased	0.804104147569193	0.804104147569193	1
1	81370737	81370738	66	16	2	1	1	1	NA	NA	NA	unphased	0.847251199389979	0.847251199389979	1
1	81971599	81971600	56	15	2	1	1	1	NA	NA	NA	unphased	0.917358252860629	0.917358252860629	1
1	82050753	82050754	67	24	2	1	1	1	NA	NA	NA	unphased	1.14518568708755	1.14518568708755	1
1	82491465	82491466	51	14	2	1	1	1	NA	NA	NA	unphased	0.935234977788169	0.935234977788169	1
1	83195306	83195307	59	15	2	1	1	1	NA	NA	NA	unphased	0.880168053420333	0.880168053420333	1
1	83613676	83613677	41	13	2	1	1	1	NA	NA	NA	unphased	1.04533539183995	1.04533539183995	1
1	86165969	86165970	60	17	2	1	1	1	NA	NA	NA	unphased	0.958659230478596	0.958659230478596	1
1	86677660	86677661	64	16	2	1	1	1	NA	NA	NA	unphased	0.868432479374729	0.868432479374729	1
1	86902200	86902201	60	19	2	1	1	1	NA	NA	NA	unphased	1.0443175384886	1.0443175384886	1
1	87264967	87264968	51	16	2	1	1	1	NA	NA	NA	unphased	1.03693430373102	1.03693430373102	1
1	87773754	87773755	59	11	2	1	1	1	NA	NA	NA	unphased	0.682339805223001	0.682339805223001	1
1	88911383	88911384	54	18	2	1	1	1	NA	NA	NA	unphased	1.08554059921841	1.08554059921841	1
1	90033635	90033636	54	16	2	1	1	1	NA	NA	NA	unphased	0.992494262142547	0.992494262142547	1
1	90662349	90662350	62	29	2	1	1	1	NA	NA	NA	unphased	1.38376603856413	1.38376603856413	1
1	91414051	91414052	53	14	2	1	1	1	NA	NA	NA	unphased	0.907317515764642	0.907317515764642	1
1	91906576	91906577	41	19	2	1	1	1	NA	NA	NA	unphased	1.37501809234332	1.37501809234332	1
1	92481635	92481636	50	12	2	1	1	1	NA	NA	NA	unphased	0.840418528427157	0.840418528427157	1
1	94432864	94432865	67	22	2	1	1	1	NA	NA	NA	unphased	1.07334351383393	1.07334351383393	1
1	95416004	95416005	47	13	2	1	1	1	NA	NA	NA	unphased	0.940801852655956	0.940801852655956	1
1	95597718	95597719	48	19	NA	NA	NA	NA	NA	NA	NA	unphased	NA	NA	1
1	95880342	95880343	43	18	1	1	0	1	NA	NA	NA	unphased	0.986211854815173	0.986211854815173	1
1	95922673	95922674	75	14	NA	NA	NA	NA	NA	NA	NA	unphased	NA	NA	1
1	95922681	95922682	72	15	NA	NA	NA	NA	NA	NA	NA	unphased	NA	NA	1
1	95923070	95923071	61	18	NA	NA	NA	NA	NA	NA	NA	unphased	NA	NA	1
1	100233108	100233109	48	12	2	1	1	1	NA	NA	NA	unphased	0.868432479374729	0.868432479374729	1
1	101124823	101124824	61	10	2	1	1	1	NA	NA	NA	unphased	0.611572168573753	0.611572168573753	1
1	102820627	102820628	68	25	2	1	1	1	NA	NA	NA	unphased	1.16724795614883	1.16724795614883	1
1	103020182	103020183	67	5	2	1	1	1	NA	NA	NA	unphased	0.301539055338447	0.301539055338447	1
1	104501198	104501199	62	15	2	1	1	1	NA	NA	NA	unphased	0.845875791598762	0.845875791598762	1
1	104587362	104587363	56	12	2	1	1	1	NA	NA	NA	unphased	0.766263952389466	0.766263952389466	1
1	105174994	105174995	45	12	2	1	1	1	NA	NA	NA	unphased	0.914139451973399	0.914139451973399	1
1	105703812	105703813	50	19	2	1	1	1	NA	NA	NA	unphased	1.1956679063855	1.1956679063855	1
1	105800990	105800991	68	22	2	1	1	1	NA	NA	NA	unphased	1.06141747479133	1.06141747479133	1
1	105896071	105896072	72	19	2	1	1	1	NA	NA	NA	unphased	0.90660533561098	0.90660533561098	1
1	106111624	106111625	28	1	2	1	1	1	NA	NA	NA	unphased	0.149729737823229	0.149729737823229	1
1	106746833	106746834	60	19	2	1	1	1	NA	NA	NA	unphased	1.0443175384886	1.0443175384886	1
1	107146746	107146747	42	11	2	1	1	1	NA	NA	NA	unphased	0.901203516332266	0.901203516332266	1
1	108107247	108107248	57	13	2	1	1	1	NA	NA	NA	unphased	0.806401587990819	0.806401587990819	1
1	108171094	108171095	47	15	2	1	1	1	NA	NA	NA	unphased	1.05052316053395	1.05052316053395	1
1	109153160	109153161	39	12	2	1	1	1	NA	NA	NA	unphased	1.02168526985262	1.02168526985262	1
1	109240966	109240967	62	13	2	1	1	1	NA	NA	NA	unphased	0.752641482124765	0.752641482124765	1
1	111917811	111917812	82	16	2	1	1	1	NA	NA	NA	unphased	0.708924472958962	0.708924472958962	1
1	113640828	113640829	58	16	2	1	1	1	NA	NA	NA	unphased	0.938845923648355	0.938845923648355	1
1	119460691	119460692	63	16	2	1	1	1	NA	NA	NA	unphased	0.879425295569345	0.879425295569345	1
1	144855745	144855746	107	20	2	1	1	1	NA	NA	NA	unphased	0.683805101869865	0.683805101869865	1
1	145178544	145178545	141	12	2	1	1	1	NA	NA	NA	unphased	0.340561756617541	0.340561756617541	1
1	146498135	146498136	66	23	2	1	1	1	NA	NA	NA	unphased	1.12213185537184	1.12213185537184	1
1	146536670	146536671	49	17	2	1	1	1	NA	NA	NA	unphased	1.1184357688917	1.1184357688917	1
1	146842063	146842064	54	26	2	1	1	1	NA	NA	NA	unphased	1.41120277898393	1.41120277898393	1
1	148554784	148554785	57	14	2	1	1	1	NA	NA	NA	unphased	0.856201036003253	0.856201036003253	1
1	152731986	152731987	38	11	2	1	1	1	NA	NA	NA	unphased	0.974771150318573	0.974771150318573	1
1	154787639	154787640	48	10	2	1	1	1	NA	NA	NA	unphased	0.748648689116145	0.748648689116145	1
1	155527847	155527848	49	25	2	1	1	1	NA	NA	NA	unphased	1.46694675570056	1.46694675570056	1
1	157458974	157458975	40	15	2	1	1	1	NA	NA	NA	unphased	1.18422610823827	1.18422610823827	1
1	157480536	157480537	51	20	2	1	1	1	NA	NA	NA	unphased	1.22314433714751	1.22314433714751	1
1	157646521	157646522	64	19	2	1	1	1	NA	NA	NA	unphased	0.993988982416858	0.993988982416858	1
1	157777954	157777955	45	20	2	1	1	1	NA	NA	NA	unphased	1.33604996826881	1.33604996826881	1
1	157804058	157804059	71	17	2	1	1	1	NA	NA	NA	unphased	0.838826826668772	0.838826826668772	1
1	158277147	158277148	64	16	2	1	1	1	NA	NA	NA	unphased	0.868432479374729	0.868432479374729	1
1	158532138	158532139	62	19	2	1	1	1	NA	NA	NA	unphased	1.01853192025431	1.01853192025431	1
1	158746441	158746442	49	16	2	1	1	1	NA	NA	NA	unphased	1.06883997461505	1.06883997461505	1
1	159088839	159088840	57	12	2	1	1	1	NA	NA	NA	unphased	0.755158677717155	0.755158677717155	1
1	160761127	160761128	40	12	2	1	1	1	NA	NA	NA	unphased	1.00203747620161	1.00203747620161	1
1	163441517	163441518	60	17	2	1	1	1	NA	NA	NA	unphased	0.958659230478596	0.958659230478596	1
1	163743976	163743977	35	10	2	1	1	1	NA	NA	NA	unphased	0.964924977083032	0.964924977083032	1
1	166767740	166767741	71	2	2	1	1	1	NA	NA	NA	unphased	0.118963353339004	0.118963353339004	1
1	167122778	167122779	42	14	2	1	1	1	NA	NA	NA	unphased	1.08554059921841	1.08554059921841	1
1	167244310	167244311	42	12	2	1	1	1	NA	NA	NA	unphased	0.964924977083032	0.964924977083032	1
1	168133646	168133647	47	19	2	1	1	1	NA	NA	NA	unphased	1.25001644758484	1.25001644758484	1
1	168257125	168257126	60	12	2	1	1	1	NA	NA	NA	unphased	0.723693732812274	0.723693732812274	1
1	174398674	174398675	33	18	2	1	1	1	NA	NA	NA	unphased	1.53252790477893	1.53252790477893	1
1	175497714	175497715	56	12	2	1	1	1	NA	NA	NA	unphased	0.766263952389466	0.766263952389466	1
1	178637981	178637982	56	16	2	1	1	1	NA	NA	NA	unphased	0.964924977083032	0.964924977083032	1
1	178752678	178752679	68	19	2	1	1	1	NA	NA	NA	unphased	0.948288339547117	0.948288339547117	1
1	181153836	181153837	51	9	2	1	1	1	NA	NA	NA	unphased	0.651324359531046	0.651324359531046	1
1	181326409	181326410	52	19	2	1	1	1	NA	NA	NA	unphased	1.16198712029013	1.16198712029013	1
1	182192294	182192295	49	17	2	1	1	1	NA	NA	NA	unphased	1.1184357688917	1.1184357688917	1
1	184590301	184590302	62	18	2	1	1	1	NA	NA	NA	unphased	0.97698653929657	0.97698653929657	1
1	186737580	186737581	67	7	2	1	1	1	NA	NA	NA	unphased	0.410745091596155	0.410745091596155	1
1	188199540	188199541	58	22	2	1	1	1	NA	NA	NA	unphased	1.19409465914025	1.19409465914025	1
1	189028373	189028374	48	8	2	1	1	1	NA	NA	NA	unphased	0.620308913839092	0.620308913839092	1
1	189257550	189257551	41	13	2	1	1	1	NA	NA	NA	unphased	1.04533539183995	1.04533539183995	1
1	189789557	189789558	60	17	2	1	1	1	NA	NA	NA	unphased	0.958659230478596	0.958659230478596	1
1	190221803	190221804	55	12	2	1	1	1	NA	NA	NA	unphased	0.777700727798264	0.777700727798264	1
1	190378139	190378140	54	8	2	1	1	1	NA	NA	NA	unphased	0.560279018951438	0.560279018951438	1
1	190479321	190479322	55	20	2	1	1	1	NA	NA	NA	unphased	1.15790997249964	1.15790997249964	1
1	190550357	190550358	46	21	2	1	1	1	NA	NA	NA	unphased	1.36097627364696	1.36097627364696	1
1	190775738	190775739	45	13	2	1	1	1	NA	NA	NA	unphased	0.973243295850989	0.973243295850989	1
1	190812379	190812380	47	11	2	1	1	1	NA	NA	NA	unphased	0.82351355802776	0.82351355802776	1
1	190827267	190827268	53	13	2	1	1	1	NA	NA	NA	unphased	0.855274411505415	0.855274411505415	1
1	190992862	190992863	46	10	2	1	1	1	NA	NA	NA	unphased	0.775386142298865	0.775386142298865	1
1	191301126	191301127	60	16	2	1	1	1	NA	NA	NA	unphased	0.914139451973399	0.914139451973399	1
1	191324250	191324251	48	14	2	1	1	1	NA	NA	NA	unphased	0.980488283165016	0.980488283165016	1
1	191355240	191355241	59	25	2	1	1	1	NA	NA	NA	unphased	1.29231023716477	1.29231023716477	1
1	191568206	191568207	72	17	2	1	1	1	NA	NA	NA	unphased	0.829401806144404	0.829401806144404	1
1	191660691	191660692	46	20	2	1	1	1	NA	NA	NA	unphased	1.31580678693141	1.31580678693141	1
1	191679912	191679913	73	16	2	1	1	1	NA	NA	NA	unphased	0.780613464606498	0.780613464606498	1
1	191840027	191840028	46	24	2	1	1	1	NA	NA	NA	unphased	1.48874139321382	1.48874139321382	1
1	191871574	191871575	49	17	2	1	1	1	NA	NA	NA	unphased	1.1184357688917	1.1184357688917	1
1	192040379	192040380	64	11	2	1	1	1	NA	NA	NA	unphased	0.636850484874801	0.636850484874801	1
1	193133701	193133702	56	15	2	1	1	1	NA	NA	NA	unphased	0.917358252860629	0.917358252860629	1
1	194424451	194424452	65	15	2	1	1	1	NA	NA	NA	unphased	0.814155449413808	0.814155449413808	1
1	194992004	194992005	45	13	1	1	0	1	NA	NA	NA	unphased	0.749105364816506	0.749105364816506	1
1	195930151	195930152	63	15	2	1	1	1	NA	NA	NA	unphased	0.835031230168008	0.835031230168008	1
1	196907076	196907077	47	13	2	1	1	1	NA	NA	NA	unphased	0.940801852655956	0.940801852655956	1
1	199400358	199400359	52	13	2	1	1	1	NA	NA	NA	unphased	0.868432479374729	0.868432479374729	1
1	200152754	200152755	56	18	2	1	1	1	NA	NA	NA	unphased	1.0562016641044	1.0562016641044	1
1	200574398	200574399	46	21	2	1	1	1	NA	NA	NA	unphased	1.36097627364696	1.36097627364696	1
1	202117160	202117161	53	20	2	1	1	1	NA	NA	NA	unphased	1.18963353339004	1.18963353339004	1
1	203920808	203920809	39	11	2	1	1	1	NA	NA	NA	unphased	0.955275727312201	0.955275727312201	1
1	205542582	205542583	51	17	2	1	1	1	NA	NA	NA	unphased	1.08554059921841	1.08554059921841	1
1	207216769	207216770	69	27	2	1	1	1	NA	NA	NA	unphased	1.22123317412071	1.22123317412071	1
1	208837459	208837460	29	20	1	1	0	1	NA	NA	NA	unphased	1.36414791709128	1.36414791709128	1
1	208979320	208979321	44	11	1	1	0	1	NA	NA	NA	unphased	0.668432479374729	0.668432479374729	1
1	209089572	209089573	46	12	1	1	0	1	NA	NA	NA	unphased	0.691481875215237	0.691481875215237	1
1	210661799	210661800	36	22	1	1	0	1	NA	NA	NA	unphased	1.26771677122793	1.26771677122793	1
1	210989115	210989116	54	16	1	1	0	1	NA	NA	NA	unphased	0.763922833571118	0.763922833571118	1
1	211190963	211190964	52	17	2	1	1	1	NA	NA	NA	unphased	1.06980812676597	1.06980812676597	1
1	213112212	213112213	46	8	2	1	1	1	NA	NA	NA	unphased	0.643283318055354	0.643283318055354	1
1	214569954	214569955	41	18	2	1	1	1	NA	NA	NA	unphased	1.3247275109106	1.3247275109106	1
1	214963739	214963740	46	14	2	1	1	1	NA	NA	NA	unphased	1.01317122593718	1.01317122593718	1
1	215968190	215968191	52	10	2	1	1	1	NA	NA	NA	unphased	0.700348773689297	0.700348773689297	1
1	216561508	216561509	47	11	2	1	1	1	NA	NA	NA	unphased	0.82351355802776	0.82351355802776	1
1	216902050	216902051	66	14	2	1	1	1	NA	NA	NA	unphased	0.759878419452887	0.759878419452887	1
1	217096732	217096733	70	28	2	1	1	1	NA	NA	NA	unphased	1.24061782767818	1.24061782767818	1
1	218325226	218325227	54	13	2	1	1	1	NA	NA	NA	unphased	0.842509121781453	0.842509121781453	1
1	218342818	218342819	51	15	2	1	1	1	NA	NA	NA	unphased	0.986855090198555	0.986855090198555	1
1	218902071	218902072	41	13	2	1	1	1	NA	NA	NA	unphased	1.04533539183995	1.04533539183995	1
1	219735127	219735128	42	10	2	1	1	1	NA	NA	NA	unphased	0.835031230168008	0.835031230168008	1
1	219747744	219747745	56	11	2	1	1	1	NA	NA	NA	unphased	0.712892333815076	0.712892333815076	1
1	219936670	219936671	49	6	2	1	1	1	NA	NA	NA	unphased	0.473690443295306	0.473690443295306	1
1	221460414	221460415	54	17	2	1	1	1	NA	NA	NA	unphased	1.03967268657538	1.03967268657538	1
1	222229722	222229723	63	16	2	1	1	1	NA	NA	NA	unphased	0.879425295569345	0.879425295569345	1
1	222234257	222234258	48	29	2	1	1	1	NA	NA	NA	unphased	1.63535986375761	1.63535986375761	1
1	224291698	224291699	62	20	2	1	1	1	NA	NA	NA	unphased	1.05906399923747	1.05906399923747	1
1	224326408	224326409	67	27	2	1	1	1	NA	NA	NA	unphased	1.24721685867647	1.24721685867647	1
1	224611270	224611271	64	12	2	1	1	1	NA	NA	NA	unphased	0.685604588980049	0.685604588980049	1
1	224850977	224850978	68	15	2	1	1	1	NA	NA	NA	unphased	0.784728144013309	0.784728144013309	1
1	226327761	226327762	45	12	2	1	1	1	NA	NA	NA	unphased	0.914139451973399	0.914139451973399	1
1	228880940	228880941	44	21	2	1	1	1	NA	NA	NA	unphased	1.40285246668225	1.40285246668225	1
1	228993760	228993761	70	12	2	1	1	1	NA	NA	NA	unphased	0.635438399542484	0.635438399542484	1
1	229500127	229500128	33	17	2	1	1	1	NA	NA	NA	unphased	1.47633521493704	1.47633521493704	1
1	229518313	229518314	25	4	2	1	1	1	NA	NA	NA	unphased	0.598918951292916	0.598918951292916	1
1	230358414	230358415	76	18	2	1	1	1	NA	NA	NA	unphased	0.831477905784315	0.831477905784315	1
1	230975340	230975341	48	14	2	1	1	1	NA	NA	NA	unphased	0.980488283165016	0.980488283165016	1
1	231489092	231489093	57	19	2	1	1	1	NA	NA	NA	unphased	1.08554059921841	1.08554059921841	1
1	231795447	231795448	64	17	2	1	1	1	NA	NA	NA	unphased	0.911318033911752	0.911318033911752	1
1	233367558	233367559	50	15	2	1	1	1	NA	NA	NA	unphased	1.00203747620161	1.00203747620161	1
1	234678261	234678262	38	17	2	1	1	1	NA	NA	NA	unphased	1.34212292267004	1.34212292267004	1
1	235322559	235322560	49	12	2	1	1	1	NA	NA	NA	unphased	0.854195881352192	0.854195881352192	1
1	235862995	235862996	36	21	1	1	0	1	NA	NA	NA	unphased	1.23132298832187	1.23132298832187	1
1	237279284	237279285	35	16	1	1	0	1	NA	NA	NA	unphased	1.04852153627408	1.04852153627408	1
1	239509689	239509690	41	18	2	1	1	1	NA	NA	NA	unphased	1.3247275109106	1.3247275109106	1
1	239604461	239604462	51	21	2	1	1	1	NA	NA	NA	unphased	1.26646403242148	1.26646403242148	1
1	240369140	240369141	49	7	2	1	1	1	NA	NA	NA	unphased	0.542770299609205	0.542770299609205	1
1	240746498	240746499	49	20	2	1	1	1	NA	NA	NA	unphased	1.25859779619526	1.25859779619526	1
1	241628487	241628488	56	10	2	1	1	1	NA	NA	NA	unphased	0.657903393465703	0.657903393465703	1
1	241929470	241929471	47	16	2	1	1	1	NA	NA	NA	unphased	1.10277140238061	1.10277140238061	1
1	242176923	242176924	60	13	2	1	1	1	NA	NA	NA	unphased	0.773261796703525	0.773261796703525	1
1	242265027	242265028	70	15	2	1	1	1	NA	NA	NA	unphased	0.766263952389466	0.766263952389466	1
1	242274217	242274218	62	15	2	1	1	1	NA	NA	NA	unphased	0.845875791598762	0.845875791598762	1
1	242668152	242668153	62	13	2	1	1	1	NA	NA	NA	unphased	0.752641482124765	0.752641482124765	1
1	242967900	242967901	57	20	2	1	1	1	NA	NA	NA	unphased	1.12783438879835	1.12783438879835	1
1	243947410	243947411	69	25	2	1	1	1	NA	NA	NA	unphased	1.15483042470044	1.15483042470044	1
1	244106230	244106231	58	19	2	1	1	1	NA	NA	NA	unphased	1.07144266935843	1.07144266935843	1
1	245276703	245276704	57	21	2	1	1	1	NA	NA	NA	unphased	1.16904372223521	1.16904372223521	1
1	247588915	247588916	57	14	2	1	1	1	NA	NA	NA	unphased	0.856201036003253	0.856201036003253	1
1	247801112	247801113	66	13	2	1	1	1	NA	NA	NA	unphased	0.714533052650093	0.714533052650093	1
1	248263381	248263382	57	17	2	1	1	1	NA	NA	NA	unphased	0.997523793876377	0.997523793876377	1
2	955158	955159	44	15	1	1	0	1	NA	NA	NA	unphased	0.849702304289909	0.849702304289909	1
2	2131902	2131903	35	18	0.731925749023013	0	0	0.268074250976987	1	0	0.731925749023013	unphased	1.04402993634226	1.04402993634226	1
2	2574810	2574811	48	11	2	1	1	1	NA	NA	NA	unphased	0.809555701112035	0.809555701112035	1
2	2751531	2751532	49	11	2	1	1	1	NA	NA	NA	unphased	0.796063106093501	0.796063106093501	1
2	2919427	2919428	55	13	2	1	1	1	NA	NA	NA	unphased	0.830119281755255	0.830119281755255	1
2	3116131	3116132	42	8	2	1	1	1	NA	NA	NA	unphased	0.694745983499783	0.694745983499783	1
2	4295881	4295882	52	13	2	1	1	1	NA	NA	NA	unphased	0.868432479374729	0.868432479374729	1
2	4410369	4410370	73	8	2	1	1	1	NA	NA	NA	unphased	0.428855545370236	0.428855545370236	1
2	4687013	4687014	46	20	2	1	1	1	NA	NA	NA	unphased	1.31580678693141	1.31580678693141	1
2	4831878	4831879	44	9	2	1	1	1	NA	NA	NA	unphased	0.737348331544581	0.737348331544581	1
2	4833546	4833547	64	15	2	1	1	1	NA	NA	NA	unphased	0.824461214596261	0.824461214596261	1
2	4965207	4965208	50	16	2	1	1	1	NA	NA	NA	unphased	1.05264542954513	1.05264542954513	1
2	5179050	5179051	47	16	2	1	1	1	NA	NA	NA	unphased	1.10277140238061	1.10277140238061	1
2	5803361	5803362	68	12	2	1	1	1	NA	NA	NA	unphased	0.651324359531046	0.651324359531046	1
2	5840160	5840161	71	12	NA	NA	NA	NA	NA	NA	NA	unphased	NA	NA	1
2	5840203	5840204	72	2	NA	NA	NA	NA	NA	NA	NA	unphased	NA	NA	1
2	5840254	5840255	55	1	NA	NA	NA	NA	NA	NA	NA	unphased	NA	NA	1
2	5840284	5840285	50	9	NA	NA	NA	NA	NA	NA	NA	unphased	NA	NA	1
2	6000330	6000331	47	18	2	1	1	1	NA	NA	NA	unphased	1.20244497144193	1.20244497144193	1
2	6117463	6117464	48	12	2	1	1	1	NA	NA	NA	unphased	0.868432479374729	0.868432479374729	1
2	6383963	6383964	69	21	2	1	1	1	NA	NA	NA	unphased	1.01317122593718	1.01317122593718	1
2	7618647	7618648	41	15	2	1	1	1	NA	NA	NA	unphased	1.1630792134483	1.1630792134483	1
2	8022825	8022826	68	8	2	1	1	1	NA	NA	NA	unphased	0.457069725986699	0.457069725986699	1
2	8532058	8532059	44	7	2	1	1	1	NA	NA	NA	unphased	0.595983074080696	0.595983074080696	1
2	8547760	8547761	52	20	2	1	1	1	NA	NA	NA	unphased	1.20615622135379	1.20615622135379	1
2	9875904	9875905	68	16	2	1	1	1	NA	NA	NA	unphased	0.827078551785456	0.827078551785456	1
2	10075412	10075413	45	14	2	1	1	1	NA	NA	NA	unphased	1.03034361959714	1.03034361959714	1
2	10417691	10417692	55	14	NA	NA	NA	NA	NA	NA	NA	unphased	NA	NA	1
2	12832895	12832896	28	7	NA	NA	NA	NA	NA	NA	NA	unphased	NA	NA	1
2	12877598	12877599	52	16	2	1	1	1	NA	NA	NA	unphased	1.02168526985262	1.02168526985262	1
2	12996119	12996120	41	10	2	1	1	1	NA	NA	NA	unphased	0.851404391543852	0.851404391543852	1
2	13030670	13030671	66	12	2	1	1	1	NA	NA	NA	unphased	0.668024984134407	0.668024984134407	1
2	14431752	14431753	36	21	1	1	0	1	NA	NA	NA	unphased	1.23132298832187	1.23132298832187	1
2	14971685	14971686	45	17	1	1	0	1	NA	NA	NA	unphased	0.916399366884709	0.916399366884709	1
2	15488387	15488388	54	16	2	1	1	1	NA	NA	NA	unphased	0.992494262142547	0.992494262142547	1
2	17275801	17275802	71	19	2	1	1	1	NA	NA	NA	unphased	0.91667872822888	0.91667872822888	1
2	17436628	17436629	54	13	2	1	1	1	NA	NA	NA	unphased	0.842509121781453	0.842509121781453	1
2	17502497	17502498	38	15	2	1	1	1	NA	NA	NA	unphased	1.22891388590763	1.22891388590763	1
2	17888108	17888109	46	16	2	1	1	1	NA	NA	NA	unphased	1.12055803790288	1.12055803790288	1
2	18006608	18006609	52	17	2	1	1	1	NA	NA	NA	unphased	1.06980812676597	1.06980812676597	1
2	18291187	18291188	51	11	2	1	1	1	NA	NA	NA	unphased	0.770383651058227	0.770383651058227	1
2	19110426	19110427	65	10	2	1	1	1	NA	NA	NA	unphased	0.578954986249819	0.578954986249819	1
2	19165381	19165382	38	18	2	1	1	1	NA	NA	NA	unphased	1.39569505613796	1.39569505613796	1
2	19577530	19577531	46	18	2	1	1	1	NA	NA	NA	unphased	1.22123317412071	1.22123317412071	1
2	22227898	22227899	46	18	NA	NA	NA	NA	NA	NA	NA	unphased	NA	NA	1
2	22642708	22642709	32	17	1	1	0	1	NA	NA	NA	unphased	1.15952572952759	1.15952572952759	1
2	22652030	22652031	52	22	1	1	0	1	NA	NA	NA	unphased	0.993615847719191	0.993615847719191	1
2	22965653	22965654	34	18	1	1	0	1	NA	NA	NA	unphased	1.15690236814857	1.15690236814857	1
2	23155451	23155452	41	20	1	1	0	1	NA	NA	NA	unphased	1.09579094979464	1.09579094979464	1
2	26247418	26247419	65	16	2	1	1	1	NA	NA	NA	unphased	0.857711090740473	0.857711090740473	1
2	27266611	27266612	53	15	2	1	1	1	NA	NA	NA	unphased	0.957829940486833	0.957829940486833	1
2	27314843	27314844	41	18	2	1	1	1	NA	NA	NA	unphased	1.3247275109106	1.3247275109106	1
2	31193045	31193046	46	23	2	1	1	1	NA	NA	NA	unphased	1.44738746562455	1.44738746562455	1
2	31794555	31794556	37	14	1	1	0	1	NA	NA	NA	unphased	0.917456344239824	0.917456344239824	1
2	32045045	32045046	55	13	2	1	1	1	NA	NA	NA	unphased	0.830119281755255	0.830119281755255	1
2	32316788	32316789	31	11	1	1	0	1	NA	NA	NA	unphased	0.87532824680024	0.87532824680024	1
2	35601890	35601891	53	11	2	1	1	1	NA	NA	NA	unphased	0.746309161962657	0.746309161962657	1
2	35603207	35603208	58	19	2	1	1	1	NA	NA	NA	unphased	1.07144266935843	1.07144266935843	1
2	35819442	35819443	57	16	2	1	1	1	NA	NA	NA	unphased	0.951706826712031	0.951706826712031	1
2	36124162	36124163	52	9	2	1	1	1	NA	NA	NA	unphased	0.640646911014144	0.640646911014144	1
2	36374148	36374149	57	18	2	1	1	1	NA	NA	NA	unphased	1.04211897524967	1.04211897524967	1
2	36506322	36506323	58	17	2	1	1	1	NA	NA	NA	unphased	0.984223476624692	0.984223476624692	1
2	37730278	37730279	49	16	2	1	1	1	NA	NA	NA	unphased	1.06883997461505	1.06883997461505	1
2	38880952	38880953	54	16	2	1	1	1	NA	NA	NA	unphased	0.992494262142547	0.992494262142547	1
2	39629933	39629934	45	15	2	1	1	1	NA	NA	NA	unphased	1.08554059921841	1.08554059921841	1
2	39942452	39942453	42	16	2	1	1	1	NA	NA	NA	unphased	1.19783790258583	1.19783790258583	1
2	40044984	40044985	53	19	2	1	1	1	NA	NA	NA	unphased	1.1458484102861	1.1458484102861	1
2	40081805	40081806	51	24	2	1	1	1	NA	NA	NA	unphased	1.38949196699957	1.38949196699957	1
2	41260507	41260508	60	27	2	1	1	1	NA	NA	NA	unphased	1.34756764040906	1.34756764040906	1
2	41432297	41432298	58	9	2	1	1	1	NA	NA	NA	unphased	0.583275545848698	0.583275545848698	1
2	41451347	41451348	55	16	2	1	1	1	NA	NA	NA	unphased	0.978515469718004	0.978515469718004	1
2	41675989	41675990	52	11	2	1	1	1	NA	NA	NA	unphased	0.758155339136668	0.758155339136668	1
2	41905982	41905983	66	22	2	1	1	1	NA	NA	NA	unphased	1.08554059921841	1.08554059921841	1
2	42534024	42534025	73	22	2	1	1	1	NA	NA	NA	unphased	1.00555339717074	1.00555339717074	1
2	45109663	45109664	68	13	2	1	1	1	NA	NA	NA	unphased	0.696890261226634	0.696890261226634	1
2	45459717	45459718	58	15	2	1	1	1	NA	NA	NA	unphased	0.892225150042529	0.892225150042529	1
2	45533488	45533489	68	12	2	1	1	1	NA	NA	NA	unphased	0.651324359531046	0.651324359531046	1
2	46775997	46775998	49	17	2	1	1	1	NA	NA	NA	unphased	1.1184357688917	1.1184357688917	1
2	47986670	47986671	64	11	2	1	1	1	NA	NA	NA	unphased	0.636850484874801	0.636850484874801	1
2	48639588	48639589	67	15	2	1	1	1	NA	NA	NA	unphased	0.794297999428105	0.794297999428105	1
2	48937914	48937915	55	15	2	1	1	1	NA	NA	NA	unphased	0.930463370758638	0.930463370758638	1
2	49112451	49112452	45	22	2	1	1	1	NA	NA	NA	unphased	1.42578466763015	1.42578466763015	1
2	49813707	49813708	55	22	2	1	1	1	NA	NA	NA	unphased	1.24061782767818	1.24061782767818	1
2	49905847	49905848	54	17	2	1	1	1	NA	NA	NA	unphased	1.03967268657538	1.03967268657538	1
2	50113889	50113890	56	22	2	1	1	1	NA	NA	NA	unphased	1.22471247091308	1.22471247091308	1
2	50222644	50222645	49	14	2	1	1	1	NA	NA	NA	unphased	0.964924977083032	0.964924977083032	1
2	50722666	50722667	32	16	1	1	0	1	NA	NA	NA	unphased	1.11405413229121	1.11405413229121	1
2	51264299	51264300	54	6	2	1	1	1	NA	NA	NA	unphased	0.434216239687364	0.434216239687364	1
2	51302902	51302903	64	10	2	1	1	1	NA	NA	NA	unphased	0.586778702280222	0.586778702280222	1
2	51400827	51400828	60	14	2	1	1	1	NA	NA	NA	unphased	0.821490183192311	0.821490183192311	1
2	51416695	51416696	58	12	2	1	1	1	NA	NA	NA	unphased	0.74437069660691	0.74437069660691	1
2	52184288	52184289	75	14	2	1	1	1	NA	NA	NA	unphased	0.683036781530685	0.683036781530685	1
2	52495607	52495608	57	17	2	1	1	1	NA	NA	NA	unphased	0.997523793876377	0.997523793876377	1
2	52854220	52854221	61	14	2	1	1	1	NA	NA	NA	unphased	0.810536980749747	0.810536980749747	1
2	52937004	52937005	54	4	2	1	1	1	NA	NA	NA	unphased	0.299459475646458	0.299459475646458	1
2	53669156	53669157	69	19	2	1	1	1	NA	NA	NA	unphased	0.937512335688627	0.937512335688627	1
2	56336882	56336883	53	12	2	1	1	1	NA	NA	NA	unphased	0.801629980961288	0.801629980961288	1
2	56485928	56485929	56	22	2	1	1	1	NA	NA	NA	unphased	1.22471247091308	1.22471247091308	1
2	57392019	57392020	59	17	2	1	1	1	NA	NA	NA	unphased	0.971273167721736	0.971273167721736	1
2	58138252	58138253	50	15	2	1	1	1	NA	NA	NA	unphased	1.00203747620161	1.00203747620161	1
2	59108316	59108317	47	19	2	1	1	1	NA	NA	NA	unphased	1.25001644758484	1.25001644758484	1
2	59468044	59468045	48	13	2	1	1	1	NA	NA	NA	unphased	0.925378871464875	0.925378871464875	1
2	59809599	59809600	52	14	2	1	1	1	NA	NA	NA	unphased	0.921064750851985	0.921064750851985	1
2	61440500	61440501	57	15	2	1	1	1	NA	NA	NA	unphased	0.904617166015342	0.904617166015342	1
2	62376406	62376407	31	16	1	1	0	1	NA	NA	NA	unphased	1.13775741170167	1.13775741170167	1
2	62432817	62432818	67	7	1	1	0	1	NA	NA	NA	unphased	0.316150497001561	0.316150497001561	1
2	62432818	62432819	67	7	1	1	0	1	NA	NA	NA	unphased	0.316150497001561	0.316150497001561	1
2	62432871	62432872	46	3	1	1	0	1	NA	NA	NA	unphased	0.204622187563692	0.204622187563692	1
2	62433144	62433145	66	7	1	1	0	1	NA	NA	NA	unphased	0.32048132572761	0.32048132572761	1
2	63037585	63037586	67	17	2	1	1	1	NA	NA	NA	unphased	0.878770961272047	0.878770961272047	1
2	63217713	63217714	64	17	2	1	1	1	NA	NA	NA	unphased	0.911318033911752	0.911318033911752	1
2	63964800	63964801	56	15	2	1	1	1	NA	NA	NA	unphased	0.917358252860629	0.917358252860629	1
2	64686339	64686340	60	15	2	1	1	1	NA	NA	NA	unphased	0.868432479374729	0.868432479374729	1
2	67376108	67376109	51	14	2	1	1	1	NA	NA	NA	unphased	0.935234977788169	0.935234977788169	1
2	67850356	67850357	44	18	2	1	1	1	NA	NA	NA	unphased	1.26062779264074	1.26062779264074	1
2	68350466	68350467	48	14	2	1	1	1	NA	NA	NA	unphased	0.980488283165016	0.980488283165016	1
2	69385878	69385879	59	20	2	1	1	1	NA	NA	NA	unphased	1.09928161946168	1.09928161946168	1
2	69833739	69833740	58	8	2	1	1	1	NA	NA	NA	unphased	0.526322714772563	0.526322714772563	1
2	70580112	70580113	38	12	2	1	1	1	NA	NA	NA	unphased	1.04211897524967	1.04211897524967	1
2	70988593	70988594	40	12	2	1	1	1	NA	NA	NA	unphased	1.00203747620161	1.00203747620161	1
2	71119876	71119877	50	20	2	1	1	1	NA	NA	NA	unphased	1.24061782767818	1.24061782767818	1
2	71802165	71802166	57	16	2	1	1	1	NA	NA	NA	unphased	0.951706826712031	0.951706826712031	1
2	76215729	76215730	66	28	2	1	1	1	NA	NA	NA	unphased	1.29341007566449	1.29341007566449	1
2	76599832	76599833	49	15	2	1	1	1	NA	NA	NA	unphased	1.01769431176726	1.01769431176726	1
2	77481078	77481079	52	13	1.69874927726108	1	0	0.301250722738923	1	1	0.698749277261077	unphased	0.808182334826944	0.808182334826944	1
2	77576993	77576994	75	13	1.69874927726108	1	0	0.301250722738923	1	1	0.698749277261077	unphased	0.59695286095172	0.854316248156458	0.698749277261077
2	78002155	78002156	57	6	1.69874927726108	1	0	0.301250722738923	1	1	0.698749277261077	unphased	0.384848730869973	0.550767984159475	0.698749277261077
2	78250597	78250598	39	9	1.69874927726108	1	0	0.301250722738923	1	1	0.698749277261077	unphased	0.75767093890026	0.75767093890026	1
2	78563929	78563930	48	15	1.69874927726108	1	0	0.301250722738923	1	1	0.698749277261077	unphased	0.962121827174933	0.962121827174933	1
2	78615080	78615081	52	12	1.69874927726108	1	0	0.301250722738923	1	1	0.698749277261077	unphased	0.75767093890026	0.75767093890026	1
2	78710239	78710240	46	16	1.69874927726108	1	0	0.301250722738923	1	1	0.698749277261077	unphased	1.04281591590573	1.04281591590573	1
2	80364009	80364010	45	7	1.69874927726108	1	0	0.301250722738923	1	1	0.698749277261077	unphased	0.543968879210443	0.778489362225411	0.698749277261077
2	81002252	81002253	59	14	1.69874927726108	1	0	0.301250722738923	1	1	0.698749277261077	unphased	0.774969362162823	0.774969362162823	1
2	81162605	81162606	48	16	1.69874927726108	1	0	0.301250722738923	1	1	0.698749277261077	unphased	1.01022791853368	1.01022791853368	1
2	81800935	81800936	58	17	1.69874927726108	1	0	0.301250722738923	1	1	0.698749277261077	unphased	0.915939979470537	0.915939979470537	1
2	82112609	82112610	49	17	1.69874927726108	1	0	0.301250722738923	1	1	0.698749277261077	unphased	1.04084088576197	1.04084088576197	1
2	83164178	83164179	46	15	1.69874927726108	1	0	0.301250722738923	1	1	0.698749277261077	unphased	0.993666805115095	0.993666805115095	1
2	83410693	83410694	44	25	1.69874927726108	1	0	0.301250722738923	1	1	0.698749277261077	unphased	1.46409843265751	1.46409843265751	1
2	83572389	83572390	40	25	1.69874927726108	1	0	0.301250722738923	1	1	0.698749277261077	unphased	1.55419679774412	1.55419679774412	1
2	83843955	83843956	32	11	1.69874927726108	1	0	0.301250722738923	1	1	0.698749277261077	unphased	1.03372159105772	1.03372159105772	1
2	84269642	84269643	34	16	1.69874927726108	1	0	0.301250722738923	1	1	0.698749277261077	unphased	1.29309173572311	1.29309173572311	1
2	86022660	86022661	45	19	1.69874927726108	1	0	0.301250722738923	1	1	0.698749277261077	unphased	1.19964565325875	1.19964565325875	1
2	86112247	86112248	60	19	1.69874927726108	1	0	0.301250722738923	1	1	0.698749277261077	unphased	0.971864833019743	0.971864833019743	1
2	86323386	86323387	54	11	1.69874927726108	1	0	0.301250722738923	1	1	0.698749277261077	unphased	0.683846591007414	0.683846591007414	1
2	86821257	86821258	61	15	1.69874927726108	1	0	0.301250722738923	1	1	0.698749277261077	unphased	0.797548356737116	0.797548356737116	1
2	88714387	88714388	47	18	1.69874927726108	1	0	0.301250722738923	1	1	0.698749277261077	unphased	1.11902169437577	1.11902169437577	1
2	88816885	88816886	31	6	1.69874927726108	1	0	0.301250722738923	1	1	0.698749277261077	unphased	0.655282974184009	0.655282974184009	1
2	95730914	95730915	60	22	2	1	1	1	NA	NA	NA	unphased	1.16497039916122	1.16497039916122	1
2	96977660	96977661	44	14	2	1	1	1	NA	NA	NA	unphased	1.0481081647626	1.0481081647626	1
2	100061372	100061373	65	18	2	1	1	1	NA	NA	NA	unphased	0.941673772815971	0.941673772815971	1
2	100151261	100151262	56	12	2	1	1	1	NA	NA	NA	unphased	0.766263952389466	0.766263952389466	1
2	102656076	102656077	47	27	2	1	1	1	NA	NA	NA	unphased	1.5843024961566	1.5843024961566	1
2	103979688	103979689	73	14	2	1	1	1	NA	NA	NA	unphased	0.698738776508402	0.698738776508402	1
2	104415287	104415288	67	20	2	1	1	1	NA	NA	NA	unphased	0.99819825215486	0.99819825215486	1
2	104810205	104810206	54	18	2	1	1	1	NA	NA	NA	unphased	1.08554059921841	1.08554059921841	1
2	105400144	105400145	49	5	2	1	1	1	NA	NA	NA	unphased	0.402052073784597	0.402052073784597	1
2	107511130	107511131	61	13	2	1	1	1	NA	NA	NA	unphased	0.762812312964289	0.762812312964289	1
2	108014837	108014838	51	8	2	1	1	1	NA	NA	NA	unphased	0.588767782626935	0.588767782626935	1
2	108284514	108284515	56	17	2	1	1	1	NA	NA	NA	unphased	1.01118850338153	1.01118850338153	1
2	109242455	109242456	55	14	2	1	1	1	NA	NA	NA	unphased	0.881018457336681	0.881018457336681	1
2	111346962	111346963	91	11	2	1	1	1	NA	NA	NA	unphased	0.468272415349118	0.468272415349118	1
2	113553290	113553291	47	17	2	1	1	1	NA	NA	NA	unphased	1.15338688666956	1.15338688666956	1
2	116493164	116493165	40	25	2	1	1	1	NA	NA	NA	unphased	1.67006246033602	1.67006246033602	1
2	116644958	116644959	56	12	2	1	1	1	NA	NA	NA	unphased	0.766263952389466	0.766263952389466	1
2	116649407	116649408	71	7	2	1	1	1	NA	NA	NA	unphased	0.389681240745071	0.389681240745071	1
2	116996350	116996351	59	17	2	1	1	1	NA	NA	NA	unphased	0.971273167721736	0.971273167721736	1
2	117384700	117384701	53	16	2	1	1	1	NA	NA	NA	unphased	1.00687823695621	1.00687823695621	1
2	117501868	117501869	65	19	2	1	1	1	NA	NA	NA	unphased	0.982155780245229	0.982155780245229	1
2	117813747	117813748	51	14	2	1	1	1	NA	NA	NA	unphased	0.935234977788169	0.935234977788169	1
2	117976000	117976001	57	13	2	1	1	1	NA	NA	NA	unphased	0.806401587990819	0.806401587990819	1
2	119581717	119581718	55	10	2	1	1	1	NA	NA	NA	unphased	0.668024984134407	0.668024984134407	1
2	121090457	121090458	58	16	2	1	1	1	NA	NA	NA	unphased	0.938845923648355	0.938845923648355	1
2	122739143	122739144	75	5	2	1	1	1	NA	NA	NA	unphased	0.271385149804603	0.271385149804603	1
2	123744855	123744856	55	10	2	1	1	1	NA	NA	NA	unphased	0.668024984134407	0.668024984134407	1
2	123972580	123972581	62	18	2	1	1	1	NA	NA	NA	unphased	0.97698653929657	0.97698653929657	1
2	124273622	124273623	69	18	2	1	1	1	NA	NA	NA	unphased	0.898378426939374	0.898378426939374	1
2	124355901	124355902	55	23	2	1	1	1	NA	NA	NA	unphased	1.28038121959095	1.28038121959095	1
2	124435625	124435626	42	13	2	1	1	1	NA	NA	NA	unphased	1.0263292938065	1.0263292938065	1
2	125038437	125038438	54	14	2	1	1	1	NA	NA	NA	unphased	0.893974611121044	0.893974611121044	1
2	125046612	125046613	66	22	2	1	1	1	NA	NA	NA	unphased	1.08554059921841	1.08554059921841	1
2	125105655	125105656	51	16	2	1	1	1	NA	NA	NA	unphased	1.03693430373102	1.03693430373102	1
2	125182887	125182888	65	9	2	1	1	1	NA	NA	NA	unphased	0.5281008320522	0.5281008320522	1
2	125249894	125249895	66	17	2	1	1	1	NA	NA	NA	unphased	0.889358563215083	0.889358563215083	1
2	125308704	125308705	50	21	2	1	1	1	NA	NA	NA	unphased	1.28430155400488	1.28430155400488	1
2	126020901	126020902	71	19	2	1	1	1	NA	NA	NA	unphased	0.91667872822888	0.91667872822888	1
2	126035762	126035763	44	11	2	1	1	1	NA	NA	NA	unphased	0.868432479374729	0.868432479374729	1
2	126630063	126630064	56	24	2	1	1	1	NA	NA	NA	unphased	1.30264871906209	1.30264871906209	1
2	126770662	126770663	51	19	2	1	1	1	NA	NA	NA	unphased	1.17858693629427	1.17858693629427	1
2	126923899	126923900	57	10	2	1	1	1	NA	NA	NA	unphased	0.648083939831887	0.648083939831887	1
2	127256266	127256267	42	12	2	1	1	1	NA	NA	NA	unphased	0.964924977083032	0.964924977083032	1
2	128311875	128311876	56	15	2	1	1	1	NA	NA	NA	unphased	0.917358252860629	0.917358252860629	1
2	129008250	129008251	44	14	2	1	1	1	NA	NA	NA	unphased	1.0481081647626	1.0481081647626	1
2	129412590	129412591	69	7	2	1	1	1	NA	NA	NA	unphased	0.399936010238362	0.399936010238362	1
2	130071287	130071288	40	20	2	1	1	1	NA	NA	NA	unphased	1.44738746562455	1.44738746562455	1
2	130366141	130366142	48	17	2	1	1	1	NA	NA	NA	unphased	1.13564247302849	1.13564247302849	1
2	130423940	130423941	55	12	2	1	1	1	NA	NA	NA	unphased	0.777700727798264	0.777700727798264	1
2	130741915	130741916	64	12	2	1	1	1	NA	NA	NA	unphased	0.685604588980049	0.685604588980049	1
2	131966787	131966788	41	16	2	1	1	1	NA	NA	NA	unphased	1.2188526026312	1.2188526026312	1
2	132202117	132202118	19	8	2	1	1	1	NA	NA	NA	unphased	1.28656663611071	1.28656663611071	1
2	133698937	133698938	59	18	2	1	1	1	NA	NA	NA	unphased	1.01505094991851	1.01505094991851	1
2	133816642	133816643	43	15	2	1	1	1	NA	NA	NA	unphased	1.12297303367422	1.12297303367422	1
2	136166643	136166644	55	13	2	1	1	1	NA	NA	NA	unphased	0.830119281755255	0.830119281755255	1
2	136504374	136504375	57	15	2	1	1	1	NA	NA	NA	unphased	0.904617166015342	0.904617166015342	1
2	137387909	137387910	49	14	2	1	1	1	NA	NA	NA	unphased	0.964924977083032	0.964924977083032	1
2	137499252	137499253	75	19	2	1	1	1	NA	NA	NA	unphased	0.877671122772332	0.877671122772332	1
2	138009760	138009761	63	21	2	1	1	1	NA	NA	NA	unphased	1.08554059921841	1.08554059921841	1
2	138358232	138358233	49	16	2	1	1	1	NA	NA	NA	unphased	1.06883997461505	1.06883997461505	1
2	138492228	138492229	57	20	2	1	1	1	NA	NA	NA	unphased	1.12783438879835	1.12783438879835	1
2	140109432	140109433	69	18	2	1	1	1	NA	NA	NA	unphased	0.898378426939374	0.898378426939374	1
2	140762567	140762568	45	11	2	1	1	1	NA	NA	NA	unphased	0.852924756528751	0.852924756528751	1
2	140880998	140880999	54	14	2	1	1	1	NA	NA	NA	unphased	0.893974611121044	0.893974611121044	1
2	140891001	140891002	41	14	2	1	1	1	NA	NA	NA	unphased	1.10527770102238	1.10527770102238	1
2	141044881	141044882	48	14	2	1	1	1	NA	NA	NA	unphased	0.980488283165016	0.980488283165016	1
2	141095995	141095996	55	18	2	1	1	1	NA	NA	NA	unphased	1.07067018005104	1.07067018005104	1
2	141109430	141109431	58	14	2	1	1	1	NA	NA	NA	unphased	0.844309354947653	0.844309354947653	1
2	141185124	141185125	37	10	2	1	1	1	NA	NA	NA	unphased	0.92386433976035	0.92386433976035	1
2	141189882	141189883	54	13	2	1	1	1	NA	NA	NA	unphased	0.842509121781453	0.842509121781453	1
2	141261984	141261985	44	9	2	1	1	1	NA	NA	NA	unphased	0.737348331544581	0.737348331544581	1
2	141818618	141818619	55	13	2	1	1	1	NA	NA	NA	unphased	0.830119281755255	0.830119281755255	1
2	141926919	141926920	69	20	2	1	1	1	NA	NA	NA	unphased	0.975766830758122	0.975766830758122	1
2	142728800	142728801	78	27	2	1	1	1	NA	NA	NA	unphased	1.11655604491037	1.11655604491037	1
2	142743085	142743086	69	19	2	1	1	1	NA	NA	NA	unphased	0.937512335688627	0.937512335688627	1
2	142753232	142753233	52	17	2	1	1	1	NA	NA	NA	unphased	1.06980812676597	1.06980812676597	1
2	143343631	143343632	49	9	2	1	1	1	NA	NA	NA	unphased	0.673783820204531	0.673783820204531	1
2	143583740	143583741	44	13	2	1	1	1	NA	NA	NA	unphased	0.990317739637848	0.990317739637848	1
2	143645117	143645118	62	14	2	1	1	1	NA	NA	NA	unphased	0.799872020476724	0.799872020476724	1
2	144797201	144797202	57	20	2	1	1	1	NA	NA	NA	unphased	1.12783438879835	1.12783438879835	1
2	144843910	144843911	50	25	2	1	1	1	NA	NA	NA	unphased	1.44738746562455	1.44738746562455	1
2	144910766	144910767	69	4	2	1	1	1	NA	NA	NA	unphased	0.237926706678008	0.237926706678008	1
2	144910767	144910768	69	4	2	1	1	1	NA	NA	NA	unphased	0.237926706678008	0.237926706678008	1
2	145630137	145630138	55	14	2	1	1	1	NA	NA	NA	unphased	0.881018457336681	0.881018457336681	1
2	145704341	145704342	54	21	2	1	1	1	NA	NA	NA	unphased	1.21580547112462	1.21580547112462	1
2	146137696	146137697	47	13	2	1	1	1	NA	NA	NA	unphased	0.940801852655956	0.940801852655956	1
2	148533034	148533035	62	14	2	1	1	1	NA	NA	NA	unphased	0.799872020476724	0.799872020476724	1
2	149098937	149098938	65	14	2	1	1	1	NA	NA	NA	unphased	0.769497133623177	0.769497133623177	1
2	152883488	152883489	37	18	2	1	1	1	NA	NA	NA	unphased	1.42107132988592	1.42107132988592	1
2	154067532	154067533	74	5	2	1	1	1	NA	NA	NA	unphased	0.27482040486542	0.27482040486542	1
2	154186341	154186342	49	11	2	1	1	1	NA	NA	NA	unphased	0.796063106093501	0.796063106093501	1
2	154603648	154603649	61	14	2	1	1	1	NA	NA	NA	unphased	0.810536980749747	0.810536980749747	1
2	154653870	154653871	66	18	2	1	1	1	NA	NA	NA	unphased	0.930463370758638	0.930463370758638	1
2	154729176	154729177	21	9	2	1	1	1	NA	NA	NA	unphased	1.30264871906209	1.30264871906209	1
2	155233452	155233453	70	18	2	1	1	1	NA	NA	NA	unphased	0.8881695811787	0.8881695811787	1
2	155555590	155555591	34	13	2	1	1	1	NA	NA	NA	unphased	1.20102364168845	1.20102364168845	1
2	157407566	157407567	62	19	2	1	1	1	NA	NA	NA	unphased	1.01853192025431	1.01853192025431	1
2	157659010	157659011	56	22	2	1	1	1	NA	NA	NA	unphased	1.22471247091308	1.22471247091308	1
2	160891823	160891824	62	10	2	1	1	1	NA	NA	NA	unphased	0.603078110676895	0.603078110676895	1
2	161545232	161545233	56	31	2	1	1	1	NA	NA	NA	unphased	1.54720729084003	1.54720729084003	1
2	162728332	162728333	69	21	2	1	1	1	NA	NA	NA	unphased	1.01317122593718	1.01317122593718	1
2	163332239	163332240	50	20	2	1	1	1	NA	NA	NA	unphased	1.24061782767818	1.24061782767818	1
2	163580920	163580921	89	5	2	1	1	1	NA	NA	NA	unphased	0.230966084940087	0.230966084940087	1
2	164419293	164419294	49	18	2	1	1	1	NA	NA	NA	unphased	1.1665510916974	1.1665510916974	1
2	164972815	164972816	63	18	2	1	1	1	NA	NA	NA	unphased	0.964924977083032	0.964924977083032	1
2	165026668	165026669	35	13	2	1	1	1	NA	NA	NA	unphased	1.17600231581994	1.17600231581994	1
2	165190716	165190717	63	20	2	1	1	1	NA	NA	NA	unphased	1.04630419201775	1.04630419201775	1
2	167468174	167468175	48	19	2	1	1	1	NA	NA	NA	unphased	1.23135948568059	1.23135948568059	1
2	167808449	167808450	49	16	2	1	1	1	NA	NA	NA	unphased	1.06883997461505	1.06883997461505	1
2	167818629	167818630	60	16	2	1	1	1	NA	NA	NA	unphased	0.914139451973399	0.914139451973399	1
2	168673260	168673261	57	21	2	1	1	1	NA	NA	NA	unphased	1.16904372223521	1.16904372223521	1
2	168728943	168728944	50	16	2	1	1	1	NA	NA	NA	unphased	1.05264542954513	1.05264542954513	1
2	168755126	168755127	58	22	2	1	1	1	NA	NA	NA	unphased	1.19409465914025	1.19409465914025	1
2	170093751	170093752	71	19	2	1	1	1	NA	NA	NA	unphased	0.91667872822888	0.91667872822888	1
2	171237022	171237023	47	18	2	1	1	1	NA	NA	NA	unphased	1.20244497144193	1.20244497144193	1
2	173704975	173704976	46	21	2	1	1	1	NA	NA	NA	unphased	1.36097627364696	1.36097627364696	1
2	174466784	174466785	62	5	2	1	1	1	NA	NA	NA	unphased	0.324041969915943	0.324041969915943	1
2	174679237	174679238	68	19	2	1	1	1	NA	NA	NA	unphased	0.948288339547117	0.948288339547117	1
2	177200852	177200853	76	19	2	1	1	1	NA	NA	NA	unphased	0.868432479374729	0.868432479374729	1
2	182569872	182569873	65	15	2	1	1	1	NA	NA	NA	unphased	0.814155449413808	0.814155449413808	1
2	182666422	182666423	66	11	2	1	1	1	NA	NA	NA	unphased	0.620308913839092	0.620308913839092	1
2	182880741	182880742	42	16	2	1	1	1	NA	NA	NA	unphased	1.19783790258583	1.19783790258583	1
2	183717380	183717381	65	16	2	1	1	1	NA	NA	NA	unphased	0.857711090740473	0.857711090740473	1
2	184292021	184292022	63	17	2	1	1	1	NA	NA	NA	unphased	0.922709509335649	0.922709509335649	1
2	184471654	184471655	52	19	2	1	1	1	NA	NA	NA	unphased	1.16198712029013	1.16198712029013	1
2	184492447	184492448	49	21	2	1	1	1	NA	NA	NA	unphased	1.30264871906209	1.30264871906209	1
2	185376769	185376770	67	18	2	1	1	1	NA	NA	NA	unphased	0.91951674286736	0.91951674286736	1
2	185742740	185742741	59	13	2	1	1	1	NA	NA	NA	unphased	0.784001543879963	0.784001543879963	1
2	185856536	185856537	65	27	2	1	1	1	NA	NA	NA	unphased	1.2743302686477	1.2743302686477	1
2	185866067	185866068	52	18	2	1	1	1	NA	NA	NA	unphased	1.11655604491037	1.11655604491037	1
2	186018447	186018448	57	20	2	1	1	1	NA	NA	NA	unphased	1.12783438879835	1.12783438879835	1
2	186038017	186038018	66	13	2	1	1	1	NA	NA	NA	unphased	0.714533052650093	0.714533052650093	1
2	186469240	186469241	54	15	2	1	1	1	NA	NA	NA	unphased	0.943948347146444	0.943948347146444	1
2	186741872	186741873	58	17	2	1	1	1	NA	NA	NA	unphased	0.984223476624692	0.984223476624692	1
2	188081047	188081048	45	14	NA	NA	NA	NA	NA	NA	NA	unphased	NA	NA	1
2	188594233	188594234	53	19	1	1	0	1	NA	NA	NA	unphased	0.881959521397211	0.881959521397211	1
2	188810460	188810461	48	20	NA	NA	NA	NA	NA	NA	NA	unphased	NA	NA	1
2	188851324	188851325	40	9	2	1	1	1	NA	NA	NA	unphased	0.797540032078832	0.797540032078832	1
2	190004667	190004668	31	19	1	1	0	1	NA	NA	NA	unphased	1.27002171081198	1.27002171081198	1
2	190490658	190490659	32	17	1	1	0	1	NA	NA	NA	unphased	1.15952572952759	1.15952572952759	1
2	193438619	193438620	50	16	2	1	1	1	NA	NA	NA	unphased	1.05264542954513	1.05264542954513	1
2	193621753	193621754	56	20	2	1	1	1	NA	NA	NA	unphased	1.14267431496675	1.14267431496675	1
2	193865253	193865254	50	13	0.878310898827613	0	0	0.121689101172387	1	0	0.878310898827613	unphased	0.664542108636767	0.756613756613759	0.878310898827613
2	195136080	195136081	34	8	2	1	1	1	NA	NA	NA	unphased	0.827078551785456	0.827078551785456	1
2	196149187	196149188	67	22	2	1	1	1	NA	NA	NA	unphased	1.07334351383393	1.07334351383393	1
2	196849711	196849712	64	23	2	1	1	1	NA	NA	NA	unphased	1.14792798997809	1.14792798997809	1
2	197794345	197794346	47	12	2	1	1	1	NA	NA	NA	unphased	0.883151673940402	0.883151673940402	1
2	197802820	197802821	74	17	2	1	1	1	NA	NA	NA	unphased	0.811173195020351	0.811173195020351	1
2	198615095	198615096	48	15	2	1	1	1	NA	NA	NA	unphased	1.03384818973182	1.03384818973182	1
2	199081181	199081182	39	20	2	1	1	1	NA	NA	NA	unphased	1.47191945656734	1.47191945656734	1
2	199223460	199223461	56	21	2	1	1	1	NA	NA	NA	unphased	1.18422610823827	1.18422610823827	1
2	199475993	199475994	64	18	2	1	1	1	NA	NA	NA	unphased	0.953157599313727	0.953157599313727	1
2	199612949	199612950	54	16	2	1	1	1	NA	NA	NA	unphased	0.992494262142547	0.992494262142547	1
2	199651914	199651915	65	15	2	1	1	1	NA	NA	NA	unphased	0.814155449413808	0.814155449413808	1
2	202211184	202211185	40	11	2	1	1	1	NA	NA	NA	unphased	0.936544830698237	0.936544830698237	1
2	202523999	202524000	65	12	2	1	1	1	NA	NA	NA	unphased	0.676700633279009	0.676700633279009	1
2	203568684	203568685	60	12	2	1	1	1	NA	NA	NA	unphased	0.723693732812274	0.723693732812274	1
2	206151583	206151584	56	19	2	1	1	1	NA	NA	NA	unphased	1.10001447387466	1.10001447387466	1
2	206948125	206948126	75	15	2	1	1	1	NA	NA	NA	unphased	0.723693732812274	0.723693732812274	1
2	207389708	207389709	55	12	2	1	1	1	NA	NA	NA	unphased	0.777700727798264	0.777700727798264	1
2	208692707	208692708	52	18	2	1	1	1	NA	NA	NA	unphased	1.11655604491037	1.11655604491037	1
2	208697951	208697952	62	16	2	1	1	1	NA	NA	NA	unphased	0.890699978845875	0.890699978845875	1
2	208904794	208904795	51	13	2	1	1	1	NA	NA	NA	unphased	0.882001736864959	0.882001736864959	1
2	209951094	209951095	47	13	2	1	1	1	NA	NA	NA	unphased	0.940801852655956	0.940801852655956	1
2	210566368	210566369	57	17	1	1	0	1	NA	NA	NA	unphased	0.767794064146648	0.767794064146648	1
2	211931665	211931666	49	17	2	1	1	1	NA	NA	NA	unphased	1.1184357688917	1.1184357688917	1
2	212347792	212347793	41	16	1	1	0	1	NA	NA	NA	unphased	0.938150848245233	0.938150848245233	1
2	212752378	212752379	47	21	1	1	0	1	NA	NA	NA	unphased	1.0321383872698	1.0321383872698	1
2	214890605	214890606	64	20	2	1	1	1	NA	NA	NA	unphased	1.03384818973182	1.03384818973182	1
2	215379750	215379751	39	17	NA	NA	NA	NA	NA	NA	NA	unphased	NA	NA	1
2	215810187	215810188	52	23	1	1	0	1	NA	NA	NA	unphased	1.02492980170792	1.02492980170792	1
2	216822849	216822850	31	12	NA	NA	NA	NA	NA	NA	NA	unphased	NA	NA	1
2	217505184	217505185	40	21	1	1	0	1	NA	NA	NA	unphased	1.15058049728437	1.15058049728437	1
2	220505283	220505284	28	4	1	1	0	1	NA	NA	NA	unphased	0.417770299609205	0.417770299609205	1
2	220530703	220530704	36	19	1	1	0	1	NA	NA	NA	unphased	1.15456519164726	1.15456519164726	1
2	220604859	220604860	27	16	1	1	0	1	NA	NA	NA	unphased	1.24359531046461	1.24359531046461	1
2	220662105	220662106	49	23	1	1	0	1	NA	NA	NA	unphased	1.06763521011241	1.06763521011241	1
2	220663683	220663684	30	15	1	1	0	1	NA	NA	NA	unphased	1.11405413229121	1.11405413229121	1
2	221350943	221350944	34	19	1	1	0	1	NA	NA	NA	unphased	1.19813368944527	1.19813368944527	1
2	222125466	222125467	51	13	1	1	0	1	NA	NA	NA	unphased	0.678876736864959	0.678876736864959	1
2	222138426	222138427	37	17	1	1	0	1	NA	NA	NA	unphased	1.05216223605281	1.05216223605281	1
2	222761577	222761578	29	3	1	1	0	1	NA	NA	NA	unphased	0.313327724706904	0.313327724706904	1
2	223074034	223074035	37	28	1	1	0	1	NA	NA	NA	unphased	1.43970072480711	1.43970072480711	1
2	226085931	226085932	34	24	1	1	0	1	NA	NA	NA	unphased	1.38296375043047	1.38296375043047	1
2	226865251	226865252	42	21	1	1	0	1	NA	NA	NA	unphased	1.11405413229121	1.11405413229121	1
2	227101271	227101272	39	19	1	1	0	1	NA	NA	NA	unphased	1.09484630242412	1.09484630242412	1
2	227211440	227211441	31	18	1	1	0	1	NA	NA	NA	unphased	1.22773312538215	1.22773312538215	1
2	230489452	230489453	33	15	1	1	0	1	NA	NA	NA	unphased	1.04442574902301	1.04442574902301	1
2	231171120	231171121	60	21	2	1	1	1	NA	NA	NA	unphased	1.12574580659687	1.12574580659687	1
2	232040496	232040497	60	17	2	1	1	1	NA	NA	NA	unphased	0.958659230478596	0.958659230478596	1
2	232881770	232881771	44	4	2	1	1	1	NA	NA	NA	unphased	0.361846866406137	0.361846866406137	1
2	233581469	233581470	76	19	2	1	1	1	NA	NA	NA	unphased	0.868432479374729	0.868432479374729	1
2	234234807	234234808	52	10	2	1	1	1	NA	NA	NA	unphased	0.700348773689297	0.700348773689297	1
2	236626548	236626549	69	16	2	1	1	1	NA	NA	NA	unphased	0.817348215882097	0.817348215882097	1
2	236758576	236758577	64	17	2	1	1	1	NA	NA	NA	unphased	0.911318033911752	0.911318033911752	1
2	237764166	237764167	58	18	2	1	1	1	NA	NA	NA	unphased	1.02840688347007	1.02840688347007	1
2	238230352	238230353	44	16	2	1	1	1	NA	NA	NA	unphased	1.15790997249964	1.15790997249964	1
2	239157046	239157047	52	15	2	1	1	1	NA	NA	NA	unphased	0.972125909747831	0.972125909747831	1
2	239699163	239699164	67	14	2	1	1	1	NA	NA	NA	unphased	0.750497204397914	0.750497204397914	1
2	240268013	240268014	61	26	2	1	1	1	NA	NA	NA	unphased	1.29765772780132	1.29765772780132	1
2	240322745	240322746	43	19	2	1	1	1	NA	NA	NA	unphased	1.33066267000966	1.33066267000966	1
2	240700581	240700582	38	10	2	1	1	1	NA	NA	NA	unphased	0.904617166015342	0.904617166015342	1
2	241647756	241647757	50	20	2	1	1	1	NA	NA	NA	unphased	1.24061782767818	1.24061782767818	1
2	242011166	242011167	33	6	2	1	1	1	NA	NA	NA	unphased	0.668024984134407	0.668024984134407	1
2	242111703	242111704	60	26	2	1	1	1	NA	NA	NA	unphased	1.31274677114785	1.31274677114785	1
2	242225698	242225699	50	15	2	1	1	1	NA	NA	NA	unphased	1.00203747620161	1.00203747620161	1
3	1703553	1703554	36	16	1	1	0	1	NA	NA	NA	unphased	1.02835766057651	1.02835766057651	1
3	2256023	2256024	34	18	1	1	0	1	NA	NA	NA	unphased	1.15690236814857	1.15690236814857	1
3	2270721	2270722	48	20	1	1	0	1	NA	NA	NA	unphased	0.982988940256954	0.982988940256954	1
3	3473257	3473258	26	21	1	1	0	1	NA	NA	NA	unphased	1.49330660285844	1.49330660285844	1
3	3890016	3890017	35	15	1	1	0	1	NA	NA	NA	unphased	1.00264871906209	1.00264871906209	1
3	7275030	7275031	43	17	1	1	0	1	NA	NA	NA	unphased	0.946946012447532	0.946946012447532	1
3	8898264	8898265	29	15	1	1	0	1	NA	NA	NA	unphased	1.13937354438874	1.13937354438874	1
3	9151483	9151484	40	18	1	1	0	1	NA	NA	NA	unphased	1.03722281282285	1.03722281282285	1
3	13906836	13906837	32	8	1	1	0	1	NA	NA	NA	unphased	0.668432479374729	0.668432479374729	1
3	16188762	16188763	50	18	1	1	0	1	NA	NA	NA	unphased	0.884690046231259	0.884690046231259	1
3	18283728	18283729	30	16	1	1	0	1	NA	NA	NA	unphased	1.16249126847779	1.16249126847779	1
3	18292895	18292896	38	21	1	1	0	1	NA	NA	NA	unphased	1.18958322600587	1.18958322600587	1
3	18501290	18501291	47	16	1	1	0	1	NA	NA	NA	unphased	0.848803148412354	0.848803148412354	1
3	19188014	19188015	32	15	1	1	0	1	NA	NA	NA	unphased	1.06664757347031	1.06664757347031	1
3	20711609	20711610	37	20	1	1	0	1	NA	NA	NA	unphased	1.17268856030654	1.17268856030654	1
3	26330173	26330174	30	21	1	1	0	1	NA	NA	NA	unphased	1.37618451635974	1.37618451635974	1
3	32680478	32680479	38	19	1	1	0	1	NA	NA	NA	unphased	1.11405413229121	1.11405413229121	1
3	32980469	32980470	35	17	1	1	0	1	NA	NA	NA	unphased	1.09263001436254	1.09263001436254	1
3	34166496	34166497	43	20	1	1	0	1	NA	NA	NA	unphased	1.06100393551544	1.06100393551544	1
3	36316187	36316188	46	7	1	1	0	1	NA	NA	NA	unphased	0.441417675058783	0.441417675058783	1
3	36336206	36336207	41	21	1	1	0	1	NA	NA	NA	unphased	1.13202274732817	1.13202274732817	1
3	39126198	39126199	34	20	1	1	0	1	NA	NA	NA	unphased	1.23783792476802	1.23783792476802	1
3	41844499	41844500	34	13	1	1	0	1	NA	NA	NA	unphased	0.924427897007604	0.924427897007604	1
3	42186020	42186021	42	16	1	1	0	1	NA	NA	NA	unphased	0.921975833620315	0.921975833620315	1
3	43699975	43699976	32	12	1	1	0	1	NA	NA	NA	unphased	0.911498835510994	0.911498835510994	1
3	47476469	47476470	40	11	1	1	0	1	NA	NA	NA	unphased	0.720858556188433	0.720858556188433	1
3	48037742	48037743	36	4	1	1	0	1	NA	NA	NA	unphased	0.334216239687364	0.334216239687364	1
3	52754415	52754416	51	16	1	1	0	1	NA	NA	NA	unphased	0.798128333581766	0.798128333581766	1
3	60521421	60521422	44	29	1	1	0	1	NA	NA	NA	unphased	1.32770834944295	1.32770834944295	1
3	64578021	64578022	58	5	1	1	0	1	NA	NA	NA	unphased	0.265250983878861	0.265250983878861	1
3	67432305	67432306	44	14	1	1	0	1	NA	NA	NA	unphased	0.806728854417776	0.806728854417776	1
3	68890240	68890241	29	13	1	1	0	1	NA	NA	NA	unphased	1.03447883712756	1.03447883712756	1
3	70197599	70197600	48	18	1	1	0	1	NA	NA	NA	unphased	0.911498835510994	0.911498835510994	1
3	75956100	75956101	27	15	1	1	0	1	NA	NA	NA	unphased	1.19362942745487	1.19362942745487	1
3	80212740	80212741	45	16	1	1	0	1	NA	NA	NA	unphased	0.87663275983571	0.87663275983571	1
3	80999852	80999853	50	16	1	1	0	1	NA	NA	NA	unphased	0.810221187120883	0.810221187120883	1
3	81037560	81037561	38	13	1	1	0	1	NA	NA	NA	unphased	0.851923748222693	0.851923748222693	1
3	81212219	81212220	32	13	1	1	0	1	NA	NA	NA	unphased	0.965513581319052	0.965513581319052	1
3	82945077	82945078	43	10	1	1	0	1	NA	NA	NA	unphased	0.630596678655404	0.630596678655404	1
3	83609193	83609194	43	15	1	1	0	1	NA	NA	NA	unphased	0.864352344019046	0.864352344019046	1
3	83611635	83611636	40	12	1	1	0	1	NA	NA	NA	unphased	0.771268245432379	0.771268245432379	1
3	84110064	84110065	48	19	1	1	0	1	NA	NA	NA	unphased	0.947777396128346	0.947777396128346	1
3	85067465	85067466	44	13	1	1	0	1	NA	NA	NA	unphased	0.762247564199252	0.762247564199252	1
3	86197783	86197784	37	16	1	1	0	1	NA	NA	NA	unphased	1.00895468584865	1.00895468584865	1
3	88490021	88490022	29	18	1	1	0	1	NA	NA	NA	unphased	1.27997708816437	1.27997708816437	1
3	88695461	88695462	42	19	1	1	0	1	NA	NA	NA	unphased	1.04100140230491	1.04100140230491	1
3	93771217	93771218	60	19	2	1	1	1	NA	NA	NA	unphased	1.0443175384886	1.0443175384886	1
3	93957519	93957520	39	14	2	1	1	1	NA	NA	NA	unphased	1.14698629351379	1.14698629351379	1
3	94532233	94532234	64	20	2	1	1	1	NA	NA	NA	unphased	1.03384818973182	1.03384818973182	1
3	94827047	94827048	55	22	2	1	1	1	NA	NA	NA	unphased	1.24061782767818	1.24061782767818	1
3	95824895	95824896	59	14	2	1	1	1	NA	NA	NA	unphased	0.832743473373027	0.832743473373027	1
3	96142682	96142683	51	20	2	1	1	1	NA	NA	NA	unphased	1.22314433714751	1.22314433714751	1
3	96593547	96593548	43	16	2	1	1	1	NA	NA	NA	unphased	1.17753556525387	1.17753556525387	1
3	96822651	96822652	58	14	2	1	1	1	NA	NA	NA	unphased	0.844309354947653	0.844309354947653	1
3	97161922	97161923	57	23	2	1	1	1	NA	NA	NA	unphased	1.24837168910117	1.24837168910117	1
3	99371186	99371187	62	13	2	1	1	1	NA	NA	NA	unphased	0.752641482124765	0.752641482124765	1
3	100597803	100597804	66	24	2	1	1	1	NA	NA	NA	unphased	1.15790997249964	1.15790997249964	1
3	100940130	100940131	62	20	2	1	1	1	NA	NA	NA	unphased	1.05906399923747	1.05906399923747	1
3	102893689	102893690	62	23	2	1	1	1	NA	NA	NA	unphased	1.17493806033052	1.17493806033052	1
3	102964401	102964402	63	21	2	1	1	1	NA	NA	NA	unphased	1.08554059921841	1.08554059921841	1
3	103243436	103243437	67	21	2	1	1	1	NA	NA	NA	unphased	1.03619784470848	1.03619784470848	1
3	103838239	103838240	67	19	2	1	1	1	NA	NA	NA	unphased	0.959314948146503	0.959314948146503	1
3	104087894	104087895	66	4	2	1	1	1	NA	NA	NA	unphased	0.248123565535637	0.248123565535637	1
3	106856483	106856484	55	15	2	1	1	1	NA	NA	NA	unphased	0.930463370758638	0.930463370758638	1
3	106994243	106994244	68	13	2	1	1	1	NA	NA	NA	unphased	0.696890261226634	0.696890261226634	1
3	108301365	108301366	85	5	2	1	1	1	NA	NA	NA	unphased	0.241231244270758	0.241231244270758	1
3	109157224	109157225	59	19	2	1	1	1	NA	NA	NA	unphased	1.05770622487948	1.05770622487948	1
3	109437345	109437346	51	15	2	1	1	1	NA	NA	NA	unphased	0.986855090198555	0.986855090198555	1
3	111053333	111053334	78	18	2	1	1	1	NA	NA	NA	unphased	0.814155449413808	0.814155449413808	1
3	114015930	114015931	45	13	2	1	1	1	NA	NA	NA	unphased	0.973243295850989	0.973243295850989	1
3	114963898	114963899	47	15	2	1	1	1	NA	NA	NA	unphased	1.05052316053395	1.05052316053395	1
3	115456372	115456373	47	18	2	1	1	1	NA	NA	NA	unphased	1.20244497144193	1.20244497144193	1
3	116503913	116503914	51	10	2	1	1	1	NA	NA	NA	unphased	0.711829901126827	0.711829901126827	1
3	116679765	116679766	54	17	2	1	1	1	NA	NA	NA	unphased	1.03967268657538	1.03967268657538	1
3	117852100	117852101	40	16	2	1	1	1	NA	NA	NA	unphased	1.24061782767818	1.24061782767818	1
3	120273648	120273649	62	23	2	1	1	1	NA	NA	NA	unphased	1.17493806033052	1.17493806033052	1
3	120662664	120662665	47	17	2	1	1	1	NA	NA	NA	unphased	1.15338688666956	1.15338688666956	1
3	122025162	122025163	48	20	2	1	1	1	NA	NA	NA	unphased	1.27710658731578	1.27710658731578	1
3	123380832	123380833	51	20	2	1	1	1	NA	NA	NA	unphased	1.22314433714751	1.22314433714751	1
3	124524569	124524570	48	17	2	1	1	1	NA	NA	NA	unphased	1.13564247302849	1.13564247302849	1
3	126268029	126268030	51	9	2	1	1	1	NA	NA	NA	unphased	0.651324359531046	0.651324359531046	1
3	126820638	126820639	50	19	2	1	1	1	NA	NA	NA	unphased	1.1956679063855	1.1956679063855	1
3	127460503	127460504	41	17	2	1	1	1	NA	NA	NA	unphased	1.27270277149745	1.27270277149745	1
3	129000680	129000681	43	12	2	1	1	1	NA	NA	NA	unphased	0.947380886590613	0.947380886590613	1
3	130260462	130260463	60	17	2	1	1	1	NA	NA	NA	unphased	0.958659230478596	0.958659230478596	1
3	130311930	130311931	65	13	2	1	1	1	NA	NA	NA	unphased	0.723693732812274	0.723693732812274	1
3	131011457	131011458	51	18	2	1	1	1	NA	NA	NA	unphased	1.13273801657573	1.13273801657573	1
3	131855040	131855041	48	17	2	1	1	1	NA	NA	NA	unphased	1.13564247302849	1.13564247302849	1
3	135198713	135198714	59	9	2	1	1	1	NA	NA	NA	unphased	0.5746979642921	0.5746979642921	1
3	136041136	136041137	88	5	2	1	1	1	NA	NA	NA	unphased	0.233449591229766	0.233449591229766	1
3	136041138	136041139	85	5	2	1	1	1	NA	NA	NA	unphased	0.241231244270758	0.241231244270758	1
3	137045911	137045912	58	23	2	1	1	1	NA	NA	NA	unphased	1.23295969293943	1.23295969293943	1
3	138776231	138776232	82	15	2	1	1	1	NA	NA	NA	unphased	0.671468411887677	0.671468411887677	1
3	138847124	138847125	53	16	2	1	1	1	NA	NA	NA	unphased	1.00687823695621	1.00687823695621	1
3	140037117	140037118	47	14	2	1	1	1	NA	NA	NA	unphased	0.996561861577557	0.996561861577557	1
3	140193706	140193707	50	9	2	1	1	1	NA	NA	NA	unphased	0.662363755455301	0.662363755455301	1
3	142803640	142803641	43	16	2	1	1	1	NA	NA	NA	unphased	1.17753556525387	1.17753556525387	1
3	143285071	143285072	59	23	2	1	1	1	NA	NA	NA	unphased	1.2179235991231	1.2179235991231	1
3	143654549	143654550	60	9	2	1	1	1	NA	NA	NA	unphased	0.566369008287867	0.566369008287867	1
3	143935106	143935107	63	12	2	1	1	1	NA	NA	NA	unphased	0.694745983499783	0.694745983499783	1
3	144649472	144649473	51	19	2	1	1	1	NA	NA	NA	unphased	1.17858693629427	1.17858693629427	1
3	145159123	145159124	43	16	2	1	1	1	NA	NA	NA	unphased	1.17753556525387	1.17753556525387	1
3	147021383	147021384	48	16	2	1	1	1	NA	NA	NA	unphased	1.08554059921841	1.08554059921841	1
3	147344546	147344547	67	26	2	1	1	1	NA	NA	NA	unphased	1.21393787439478	1.21393787439478	1
3	147513619	147513620	52	17	2	1	1	1	NA	NA	NA	unphased	1.06980812676597	1.06980812676597	1
3	148554247	148554248	47	15	2	1	1	1	NA	NA	NA	unphased	1.05052316053395	1.05052316053395	1
3	154613313	154613314	65	23	2	1	1	1	NA	NA	NA	unphased	1.13488335372834	1.13488335372834	1
3	155187138	155187139	64	6	2	1	1	1	NA	NA	NA	unphased	0.372185348303455	0.372185348303455	1
3	157546115	157546116	57	17	2	1	1	1	NA	NA	NA	unphased	0.997523793876377	0.997523793876377	1
3	157679000	157679001	47	23	2	1	1	1	NA	NA	NA	unphased	1.42671050182991	1.42671050182991	1
3	158663122	158663123	52	20	2	1	1	1	NA	NA	NA	unphased	1.20615622135379	1.20615622135379	1
3	158765459	158765460	55	12	2	1	1	1	NA	NA	NA	unphased	0.777700727798264	0.777700727798264	1
3	159033803	159033804	44	12	2	1	1	1	NA	NA	NA	unphased	0.930463370758638	0.930463370758638	1
3	159266747	159266748	73	14	2	1	1	1	NA	NA	NA	unphased	0.698738776508402	0.698738776508402	1
3	159762601	159762602	41	14	2	1	1	1	NA	NA	NA	unphased	1.10527770102238	1.10527770102238	1
3	160221935	160221936	75	9	2	1	1	1	NA	NA	NA	unphased	0.465231685379319	0.465231685379319	1
3	160631395	160631396	45	21	2	1	1	1	NA	NA	NA	unphased	1.38159712627798	1.38159712627798	1
3	161147852	161147853	52	12	2	1	1	1	NA	NA	NA	unphased	0.814155449413808	0.814155449413808	1
3	162051366	162051367	43	21	2	1	1	1	NA	NA	NA	unphased	1.42477203647416	1.42477203647416	1
3	162401369	162401370	88	16	2	1	1	1	NA	NA	NA	unphased	0.668024984134407	0.668024984134407	1
3	162443858	162443859	42	11	2	1	1	1	NA	NA	NA	unphased	0.901203516332266	0.901203516332266	1
3	162806903	162806904	57	18	2	1	1	1	NA	NA	NA	unphased	1.04211897524967	1.04211897524967	1
3	162962716	162962717	52	13	2	1	1	1	NA	NA	NA	unphased	0.868432479374729	0.868432479374729	1
3	163122768	163122769	48	15	2	1	1	1	NA	NA	NA	unphased	1.03384818973182	1.03384818973182	1
3	163206520	163206521	36	17	2	1	1	1	NA	NA	NA	unphased	1.39276907069532	1.39276907069532	1
3	163212535	163212536	57	28	2	1	1	1	NA	NA	NA	unphased	1.43035937779367	1.43035937779367	1
3	163370213	163370214	53	22	2	1	1	1	NA	NA	NA	unphased	1.2737009697496	1.2737009697496	1
3	163475957	163475958	51	23	2	1	1	1	NA	NA	NA	unphased	1.34959101524451	1.34959101524451	1
3	163701324	163701325	52	8	2	1	1	1	NA	NA	NA	unphased	0.578954986249819	0.578954986249819	1
3	164200438	164200439	69	11	2	1	1	1	NA	NA	NA	unphased	0.597047329570126	0.597047329570126	1
3	164496593	164496594	55	18	2	1	1	1	NA	NA	NA	unphased	1.07067018005104	1.07067018005104	1
3	164573659	164573660	56	14	2	1	1	1	NA	NA	NA	unphased	0.868432479374729	0.868432479374729	1
3	164759821	164759822	54	10	2	1	1	1	NA	NA	NA	unphased	0.678462874511507	0.678462874511507	1
3	165350654	165350655	57	15	2	1	1	1	NA	NA	NA	unphased	0.904617166015342	0.904617166015342	1
3	165448685	165448686	82	18	2	1	1	1	NA	NA	NA	unphased	0.781589231437256	0.781589231437256	1
3	165538814	165538815	56	15	2	1	1	1	NA	NA	NA	unphased	0.917358252860629	0.917358252860629	1
3	165541465	165541466	54	17	2	1	1	1	NA	NA	NA	unphased	1.03967268657538	1.03967268657538	1
3	165612542	165612543	42	17	2	1	1	1	NA	NA	NA	unphased	1.25113153808224	1.25113153808224	1
3	165749263	165749264	52	14	2	1	1	1	NA	NA	NA	unphased	0.921064750851985	0.921064750851985	1
3	166014529	166014530	43	20	2	1	1	1	NA	NA	NA	unphased	1.37846425297576	1.37846425297576	1
3	166135256	166135257	60	13	2	1	1	1	NA	NA	NA	unphased	0.773261796703525	0.773261796703525	1
3	166146274	166146275	52	22	2	1	1	1	NA	NA	NA	unphased	1.29091314501649	1.29091314501649	1
3	166237683	166237684	47	10	2	1	1	1	NA	NA	NA	unphased	0.761782876644499	0.761782876644499	1
3	166292240	166292241	51	19	2	1	1	1	NA	NA	NA	unphased	1.17858693629427	1.17858693629427	1
3	166602962	166602963	66	6	2	1	1	1	NA	NA	NA	unphased	0.361846866406137	0.361846866406137	1
3	166618234	166618235	76	22	2	1	1	1	NA	NA	NA	unphased	0.974771150318573	0.974771150318573	1
3	166776831	166776832	59	19	2	1	1	1	NA	NA	NA	unphased	1.05770622487948	1.05770622487948	1
3	168298298	168298299	71	13	2	1	1	1	NA	NA	NA	unphased	0.672001323325683	0.672001323325683	1
3	172464545	172464546	52	18	2	1	1	1	NA	NA	NA	unphased	1.11655604491037	1.11655604491037	1
3	173698138	173698139	66	10	2	1	1	1	NA	NA	NA	unphased	0.571337157483374	0.571337157483374	1
3	175128240	175128241	42	18	2	1	1	1	NA	NA	NA	unphased	1.30264871906209	1.30264871906209	1
3	175997332	175997333	60	14	2	1	1	1	NA	NA	NA	unphased	0.821490183192311	0.821490183192311	1
3	177304156	177304157	73	18	2	1	1	1	NA	NA	NA	unphased	0.858889265315666	0.858889265315666	1
3	177965011	177965012	70	18	2	1	1	1	NA	NA	NA	unphased	0.8881695811787	0.8881695811787	1
3	178106131	178106132	57	13	2	1	1	1	NA	NA	NA	unphased	0.806401587990819	0.806401587990819	1
3	178120976	178120977	64	20	2	1	1	1	NA	NA	NA	unphased	1.03384818973182	1.03384818973182	1
3	179459186	179459187	55	18	2	1	1	1	NA	NA	NA	unphased	1.07067018005104	1.07067018005104	1
3	180041570	180041571	53	10	2	1	1	1	NA	NA	NA	unphased	0.68923212648788	0.68923212648788	1
3	180206804	180206805	67	13	2	1	1	1	NA	NA	NA	unphased	0.705601389491967	0.705601389491967	1
3	180288823	180288824	64	16	2	1	1	1	NA	NA	NA	unphased	0.868432479374729	0.868432479374729	1
3	180327279	180327280	51	17	2	1	1	1	NA	NA	NA	unphased	1.08554059921841	1.08554059921841	1
3	180555588	180555589	55	15	2	1	1	1	NA	NA	NA	unphased	0.930463370758638	0.930463370758638	1
3	181095882	181095883	58	19	2	1	1	1	NA	NA	NA	unphased	1.07144266935843	1.07144266935843	1
3	183981131	183981132	57	18	2	1	1	1	NA	NA	NA	unphased	1.04211897524967	1.04211897524967	1
3	184134080	184134081	49	18	2	1	1	1	NA	NA	NA	unphased	1.1665510916974	1.1665510916974	1
3	184252058	184252059	62	20	2	1	1	1	NA	NA	NA	unphased	1.05906399923747	1.05906399923747	1
3	185383485	185383486	42	16	2	1	1	1	NA	NA	NA	unphased	1.19783790258583	1.19783790258583	1
3	185400352	185400353	55	16	2	1	1	1	NA	NA	NA	unphased	0.978515469718004	0.978515469718004	1
3	187086355	187086356	46	16	2	1	1	1	NA	NA	NA	unphased	1.12055803790288	1.12055803790288	1
3	187622571	187622572	54	12	2	1	1	1	NA	NA	NA	unphased	0.789484072158844	0.789484072158844	1
3	188481181	188481182	53	20	2	1	1	1	NA	NA	NA	unphased	1.18963353339004	1.18963353339004	1
3	190672081	190672082	64	16	2	1	1	1	NA	NA	NA	unphased	0.868432479374729	0.868432479374729	1
3	191402920	191402921	46	16	2	1	1	1	NA	NA	NA	unphased	1.12055803790288	1.12055803790288	1
3	191864303	191864304	55	6	2	1	1	1	NA	NA	NA	unphased	0.427097940676096	0.427097940676096	1
3	191970122	191970123	47	16	2	1	1	1	NA	NA	NA	unphased	1.10277140238061	1.10277140238061	1
3	192009195	192009196	36	18	2	1	1	1	NA	NA	NA	unphased	1.44738746562455	1.44738746562455	1
3	193303445	193303446	54	14	2	1	1	1	NA	NA	NA	unphased	0.893974611121044	0.893974611121044	1
3	193746174	193746175	21	8	2	1	1	1	NA	NA	NA	unphased	1.19783790258583	1.19783790258583	1
3	193984753	193984754	57	8	2	1	1	1	NA	NA	NA	unphased	0.534419987307525	0.534419987307525	1
3	193984754	193984755	58	8	2	1	1	1	NA	NA	NA	unphased	0.526322714772563	0.526322714772563	1
3	193991942	193991943	49	17	2	1	1	1	NA	NA	NA	unphased	1.1184357688917	1.1184357688917	1
3	194845034	194845035	47	15	2	1	1	1	NA	NA	NA	unphased	1.05052316053395	1.05052316053395	1
3	196028696	196028697	56	16	2	1	1	1	NA	NA	NA	unphased	0.964924977083032	0.964924977083032	1
4	1531363	1531364	55	11	1.65719770550997	1	0	0.342802294490026	1	1	0.657197705509974	unphased	0.666560017063936	0.666560017063936	1
4	2225848	2225849	70	26	1.65719770550997	1	0	0.342802294490026	1	1	0.657197705509974	unphased	1.0831600277289	1.0831600277289	1
4	3270246	3270247	48	14	1.65719770550997	1	0	0.342802294490026	1	1	0.657197705509974	unphased	0.903081313441462	0.903081313441462	1
4	3309122	3309123	38	13	1.65719770550997	1	0	0.342802294490026	1	1	0.657197705509974	unphased	1.01944473198014	1.01944473198014	1
4	5436102	5436103	49	14	1.65719770550997	1	0	0.342802294490026	1	1	0.657197705509974	unphased	0.888746689418581	0.888746689418581	1
4	6380355	6380356	37	12	1.65719770550997	1	0	0.342802294490026	1	1	0.657197705509974	unphased	0.979435127114355	0.979435127114355	1
4	7219765	7219766	33	5	1.65719770550997	1	0	0.342802294490026	1	1	0.657197705509974	unphased	0.526231592418897	0.526231592418897	1
4	7625363	7625364	35	12	1.65719770550997	1	0	0.342802294490026	1	1	0.657197705509974	unphased	1.02111321762986	1.02111321762986	1
4	10409694	10409695	55	15	1.65719770550997	1	0	0.342802294490026	1	1	0.657197705509974	unphased	0.857005736225061	0.857005736225061	1
4	11315652	11315653	47	7	1.65719770550997	1	0	0.342802294490026	1	1	0.657197705509974	unphased	0.518435568827506	0.788857849747374	0.657197705509974
4	12639258	12639259	55	6	1.65719770550997	1	0	0.342802294490026	1	1	0.657197705509974	unphased	0.393379682201667	0.598571295827047	0.657197705509974
4	14838230	14838231	14	10	1.65719770550997	1	0	0.342802294490026	1	1	0.657197705509974	unphased	1.66640004265984	1.66640004265984	1
4	16512577	16512578	56	7	1.65719770550997	1	0	0.342802294490026	1	1	0.657197705509974	unphased	0.444373344709291	0.676163871212035	0.657197705509974
4	17431771	17431772	55	18	1.65719770550997	1	0	0.342802294490026	1	1	0.657197705509974	unphased	0.986143586889111	0.986143586889111	1
4	17478891	17478892	44	8	1.65719770550997	1	0	0.342802294490026	1	1	0.657197705509974	unphased	0.61528616959748	0.61528616959748	1
4	17871160	17871161	53	4	1.65719770550997	1	0	0.342802294490026	1	1	0.657197705509974	unphased	0.280656849290078	0.427050866028653	0.657197705509974
4	19144750	19144751	41	13	1.65719770550997	1	0	0.342802294490026	1	1	0.657197705509974	unphased	0.962808913536797	0.962808913536797	1
4	19436755	19436756	60	15	1.65719770550997	1	0	0.342802294490026	1	1	0.657197705509974	unphased	0.799872020476723	0.799872020476723	1
4	19741388	19741389	50	12	1.65719770550997	1	0	0.342802294490026	1	1	0.657197705509974	unphased	0.774069697235539	0.774069697235539	1
4	19985281	19985282	59	12	1.65719770550997	1	0	0.342802294490026	1	1	0.657197705509974	unphased	0.675948186318358	0.675948186318358	1
4	19985291	19985292	62	13	1.65719770550997	1	0	0.342802294490026	1	1	0.657197705509974	unphased	0.693222417746494	0.693222417746494	1
4	20053665	20053666	42	12	1.65719770550997	1	0	0.342802294490026	1	1	0.657197705509974	unphased	0.888746689418581	0.888746689418581	1
4	20060276	20060277	76	11	1.65719770550997	1	0	0.342802294490026	1	1	0.657197705509974	unphased	0.505666219841607	0.769427853448177	0.657197705509974
4	20240307	20240308	50	8	1.65719770550997	1	0	0.342802294490026	1	1	0.657197705509974	unphased	0.551635876190844	0.839375840125284	0.657197705509974
4	20520126	20520127	37	8	1.65719770550997	1	0	0.342802294490026	1	1	0.657197705509974	unphased	0.710997351534865	0.710997351534865	1
4	20873947	20873948	50	15	1.65719770550997	1	0	0.342802294490026	1	1	0.657197705509974	unphased	0.922929254396219	0.922929254396219	1
4	23241853	23241854	57	17	1.65719770550997	1	0	0.342802294490026	1	1	0.657197705509974	unphased	0.918771915412453	0.918771915412453	1
4	27562264	27562265	59	24	2	1	1	1	NA	NA	NA	unphased	1.25556503042129	1.25556503042129	1
4	28449463	28449464	44	13	2	1	1	1	NA	NA	NA	unphased	0.990317739637848	0.990317739637848	1
4	29049439	29049440	56	5	2	1	1	1	NA	NA	NA	unphased	0.355914950563413	0.355914950563413	1
4	29287083	29287084	47	11	2	1	1	1	NA	NA	NA	unphased	0.82351355802776	0.82351355802776	1
4	29301482	29301483	65	6	2	1	1	1	NA	NA	NA	unphased	0.366943301144251	0.366943301144251	1
4	29301555	29301556	62	14	NA	NA	NA	NA	NA	NA	NA	unphased	NA	NA	1
4	29301643	29301644	62	24	NA	NA	NA	NA	NA	NA	NA	unphased	NA	NA	1
4	29301713	29301714	80	9	NA	NA	NA	NA	NA	NA	NA	unphased	NA	NA	1
4	29301733	29301734	79	4	NA	NA	NA	NA	NA	NA	NA	unphased	NA	NA	1
4	29301775	29301776	67	3	NA	NA	NA	NA	NA	NA	NA	unphased	NA	NA	1
4	29301813	29301814	56	9	NA	NA	NA	NA	NA	NA	NA	unphased	NA	NA	1
4	29301920	29301921	72	11	NA	NA	NA	NA	NA	NA	NA	unphased	NA	NA	1
4	29301934	29301935	67	12	NA	NA	NA	NA	NA	NA	NA	unphased	NA	NA	1
4	29528121	29528122	30	18	2	1	1	1	NA	NA	NA	unphased	1.62831089882762	1.62831089882762	1
4	30393789	30393790	46	22	1	1	0	1	NA	NA	NA	unphased	1.08128783428265	1.08128783428265	1
4	30537783	30537784	35	14	1	1	0	1	NA	NA	NA	unphased	0.954903541963898	0.954903541963898	1
4	30915139	30915140	67	15	NA	NA	NA	NA	NA	NA	NA	unphased	NA	NA	1
4	30915587	30915588	53	16	NA	NA	NA	NA	NA	NA	NA	unphased	NA	NA	1
4	30915759	30915760	66	18	NA	NA	NA	NA	NA	NA	NA	unphased	NA	NA	1
4	31785755	31785756	47	12	2	1	1	1	NA	NA	NA	unphased	0.883151673940402	0.883151673940402	1
4	32172751	32172752	59	11	2	1	1	1	NA	NA	NA	unphased	0.682339805223001	0.682339805223001	1
4	32452303	32452304	63	18	2	1	1	1	NA	NA	NA	unphased	0.964924977083032	0.964924977083032	1
4	33343509	33343510	63	20	2	1	1	1	NA	NA	NA	unphased	1.04630419201775	1.04630419201775	1
4	33374259	33374260	68	12	2	1	1	1	NA	NA	NA	unphased	0.651324359531046	0.651324359531046	1
4	33547827	33547828	63	18	2	1	1	1	NA	NA	NA	unphased	0.964924977083032	0.964924977083032	1
4	33618174	33618175	64	18	2	1	1	1	NA	NA	NA	unphased	0.953157599313727	0.953157599313727	1
4	33653685	33653686	51	18	2	1	1	1	NA	NA	NA	unphased	1.13273801657573	1.13273801657573	1
4	34070428	34070429	54	14	2	1	1	1	NA	NA	NA	unphased	0.893974611121044	0.893974611121044	1
4	34263377	34263378	53	7	2	1	1	1	NA	NA	NA	unphased	0.506585612968592	0.506585612968592	1
4	34369887	34369888	56	13	2	1	1	1	NA	NA	NA	unphased	0.818088567526918	0.818088567526918	1
4	34668074	34668075	41	14	2	1	1	1	NA	NA	NA	unphased	1.10527770102238	1.10527770102238	1
4	34695467	34695468	39	16	2	1	1	1	NA	NA	NA	unphased	1.26317451545415	1.26317451545415	1
4	34776620	34776621	51	8	2	1	1	1	NA	NA	NA	unphased	0.588767782626935	0.588767782626935	1
4	34904776	34904777	62	13	2	1	1	1	NA	NA	NA	unphased	0.752641482124765	0.752641482124765	1
4	35211343	35211344	47	13	2	1	1	1	NA	NA	NA	unphased	0.940801852655956	0.940801852655956	1
4	35491618	35491619	61	23	2	1	1	1	NA	NA	NA	unphased	1.18892541819159	1.18892541819159	1
4	37593510	37593511	50	21	2	1	1	1	NA	NA	NA	unphased	1.28430155400488	1.28430155400488	1
4	41705732	41705733	41	14	2	1	1	1	NA	NA	NA	unphased	1.10527770102238	1.10527770102238	1
4	43549738	43549739	60	17	2	1	1	1	NA	NA	NA	unphased	0.958659230478596	0.958659230478596	1
4	43633513	43633514	50	15	2	1	1	1	NA	NA	NA	unphased	1.00203747620161	1.00203747620161	1
4	44033616	44033617	57	12	2	1	1	1	NA	NA	NA	unphased	0.755158677717155	0.755158677717155	1
4	45143548	45143549	71	9	2	1	1	1	NA	NA	NA	unphased	0.488493269648285	0.488493269648285	1
4	45294361	45294362	51	18	2	1	1	1	NA	NA	NA	unphased	1.13273801657573	1.13273801657573	1
4	45414064	45414065	40	12	2	1	1	1	NA	NA	NA	unphased	1.00203747620161	1.00203747620161	1
4	46224981	46224982	43	13	2	1	1	1	NA	NA	NA	unphased	1.00800198498852	1.00800198498852	1
4	46987451	46987452	53	26	2	1	1	1	NA	NA	NA	unphased	1.42906610530019	1.42906610530019	1
4	49013704	49013705	54	14	2	1	1	1	NA	NA	NA	unphased	0.893974611121044	0.893974611121044	1
4	54411728	54411729	47	7	2	1	1	1	NA	NA	NA	unphased	0.562872903298435	0.562872903298435	1
4	58902110	58902111	64	18	2	1	1	1	NA	NA	NA	unphased	0.953157599313727	0.953157599313727	1
4	59168790	59168791	60	17	2	1	1	1	NA	NA	NA	unphased	0.958659230478596	0.958659230478596	1
4	59300671	59300672	53	19	2	1	1	1	NA	NA	NA	unphased	1.1458484102861	1.1458484102861	1
4	60418931	60418932	60	13	2	1	1	1	NA	NA	NA	unphased	0.773261796703525	0.773261796703525	1
4	60544615	60544616	56	10	2	1	1	1	NA	NA	NA	unphased	0.657903393465703	0.657903393465703	1
4	60857178	60857179	72	15	2	1	1	1	NA	NA	NA	unphased	0.748648689116145	0.748648689116145	1
4	60936102	60936103	54	9	2	1	1	1	NA	NA	NA	unphased	0.620308913839092	0.620308913839092	1
4	61615974	61615975	57	10	2	1	1	1	NA	NA	NA	unphased	0.648083939831887	0.648083939831887	1
4	61655877	61655878	69	19	2	1	1	1	NA	NA	NA	unphased	0.937512335688627	0.937512335688627	1
4	62125355	62125356	39	9	2	1	1	1	NA	NA	NA	unphased	0.814155449413808	0.814155449413808	1
4	62197991	62197992	67	20	2	1	1	1	NA	NA	NA	unphased	0.99819825215486	0.99819825215486	1
4	62557245	62557246	62	17	2	1	1	1	NA	NA	NA	unphased	0.93438937654243	0.93438937654243	1
4	62799376	62799377	56	16	2	1	1	1	NA	NA	NA	unphased	0.964924977083032	0.964924977083032	1
4	64018709	64018710	49	11	2	1	1	1	NA	NA	NA	unphased	0.796063106093501	0.796063106093501	1
4	64052931	64052932	48	14	2	1	1	1	NA	NA	NA	unphased	0.980488283165016	0.980488283165016	1
4	64164585	64164586	66	13	2	1	1	1	NA	NA	NA	unphased	0.714533052650093	0.714533052650093	1
4	64850214	64850215	48	13	2	1	1	1	NA	NA	NA	unphased	0.925378871464875	0.925378871464875	1
4	64866945	64866946	54	11	2	1	1	1	NA	NA	NA	unphased	0.734827482547847	0.734827482547847	1
4	65635095	65635096	54	9	2	1	1	1	NA	NA	NA	unphased	0.620308913839092	0.620308913839092	1
4	65948874	65948875	52	13	2	1	1	1	NA	NA	NA	unphased	0.868432479374729	0.868432479374729	1
4	65960909	65960910	50	16	2	1	1	1	NA	NA	NA	unphased	1.05264542954513	1.05264542954513	1
4	65990920	65990921	41	15	2	1	1	1	NA	NA	NA	unphased	1.1630792134483	1.1630792134483	1
4	67723743	67723744	60	9	2	1	1	1	NA	NA	NA	unphased	0.566369008287867	0.566369008287867	1
4	68494916	68494917	71	22	2	1	1	1	NA	NA	NA	unphased	1.02717820141097	1.02717820141097	1
4	69473263	69473264	22	6	2	1	1	1	NA	NA	NA	unphased	0.930463370758638	0.930463370758638	1
4	71079041	71079042	62	2	2	1	1	1	NA	NA	NA	unphased	0.135692574902301	0.135692574902301	1
4	71729224	71729225	68	10	2	1	1	1	NA	NA	NA	unphased	0.556687486778672	0.556687486778672	1
4	73135352	73135353	52	25	2	1	1	1	NA	NA	NA	unphased	1.40979298599794	1.40979298599794	1
4	75791488	75791489	64	22	2	1	1	1	NA	NA	NA	unphased	1.11078572943279	1.11078572943279	1
4	76666397	76666398	51	22	2	1	1	1	NA	NA	NA	unphased	1.30859688672904	1.30859688672904	1
4	83764597	83764598	29	17	1	1	0	1	NA	NA	NA	unphased	1.23514697275765	1.23514697275765	1
4	84401659	84401660	49	32	2	1	1	1	NA	NA	NA	unphased	1.71542218148095	1.71542218148095	1
4	84607866	84607867	45	13	2	1	1	1	NA	NA	NA	unphased	0.973243295850989	0.973243295850989	1
4	84896321	84896322	60	18	2	1	1	1	NA	NA	NA	unphased	1.00203747620161	1.00203747620161	1
4	85194787	85194788	55	15	2	1	1	1	NA	NA	NA	unphased	0.930463370758638	0.930463370758638	1
4	88060131	88060132	47	18	2	1	1	1	NA	NA	NA	unphased	1.20244497144193	1.20244497144193	1
4	88502736	88502737	60	18	2	1	1	1	NA	NA	NA	unphased	1.00203747620161	1.00203747620161	1
4	92725510	92725511	51	11	2	1	1	1	NA	NA	NA	unphased	0.770383651058227	0.770383651058227	1
4	93454931	93454932	61	18	2	1	1	1	NA	NA	NA	unphased	0.989353457515514	0.989353457515514	1
4	94462738	94462739	63	24	2	1	1	1	NA	NA	NA	unphased	1.19783790258583	1.19783790258583	1
4	94743364	94743365	92	21	2	1	1	1	NA	NA	NA	unphased	0.80695053393227	0.80695053393227	1
4	94761361	94761362	58	13	2	1	1	1	NA	NA	NA	unphased	0.795043819145878	0.795043819145878	1
4	94836465	94836466	42	17	2	1	1	1	NA	NA	NA	unphased	1.25113153808224	1.25113153808224	1
4	95339256	95339257	65	17	2	1	1	1	NA	NA	NA	unphased	0.900204399351853	0.900204399351853	1
4	95655788	95655789	70	25	2	1	1	1	NA	NA	NA	unphased	1.14267431496675	1.14267431496675	1
4	97617389	97617390	59	14	2	1	1	1	NA	NA	NA	unphased	0.832743473373027	0.832743473373027	1
4	98375612	98375613	52	14	2	1	1	1	NA	NA	NA	unphased	0.921064750851985	0.921064750851985	1
4	98400676	98400677	61	21	2	1	1	1	NA	NA	NA	unphased	1.11201719919935	1.11201719919935	1
4	98668036	98668037	45	20	2	1	1	1	NA	NA	NA	unphased	1.33604996826881	1.33604996826881	1
4	98728463	98728464	74	15	2	1	1	1	NA	NA	NA	unphased	0.731825123068591	0.731825123068591	1
4	99043218	99043219	72	21	2	1	1	1	NA	NA	NA	unphased	0.980488283165016	0.980488283165016	1
4	99139900	99139901	75	15	2	1	1	1	NA	NA	NA	unphased	0.723693732812274	0.723693732812274	1
4	99178437	99178438	55	8	2	1	1	1	NA	NA	NA	unphased	0.551385701190304	0.551385701190304	1
4	100353899	100353900	45	15	2	1	1	1	NA	NA	NA	unphased	1.08554059921841	1.08554059921841	1
4	101534388	101534389	62	13	2	1	1	1	NA	NA	NA	unphased	0.752641482124765	0.752641482124765	1
4	101539177	101539178	61	14	2	1	1	1	NA	NA	NA	unphased	0.810536980749747	0.810536980749747	1
4	101635961	101635962	71	8	2	1	1	1	NA	NA	NA	unphased	0.439712647784673	0.439712647784673	1
4	104489900	104489901	53	22	2	1	1	1	NA	NA	NA	unphased	1.2737009697496	1.2737009697496	1
4	104501262	104501263	45	18	2	1	1	1	NA	NA	NA	unphased	1.24061782767818	1.24061782767818	1
4	105091339	105091340	72	19	2	1	1	1	NA	NA	NA	unphased	0.90660533561098	0.90660533561098	1
4	107229932	107229933	55	14	2	1	1	1	NA	NA	NA	unphased	0.881018457336681	0.881018457336681	1
4	108082650	108082651	58	22	2	1	1	1	NA	NA	NA	unphased	1.19409465914025	1.19409465914025	1
4	109911292	109911293	40	7	2	1	1	1	NA	NA	NA	unphased	0.646705037832245	0.646705037832245	1
4	110274505	110274506	70	20	2	1	1	1	NA	NA	NA	unphased	0.964924977083032	0.964924977083032	1
4	110274507	110274508	67	19	2	1	1	1	NA	NA	NA	unphased	0.959314948146503	0.959314948146503	1
4	110924089	110924090	55	21	2	1	1	1	NA	NA	NA	unphased	1.19980803071509	1.19980803071509	1
4	110976675	110976676	62	19	2	1	1	1	NA	NA	NA	unphased	1.01853192025431	1.01853192025431	1
4	111430664	111430665	56	18	2	1	1	1	NA	NA	NA	unphased	1.0562016641044	1.0562016641044	1
4	111913583	111913584	49	25	2	1	1	1	NA	NA	NA	unphased	1.46694675570056	1.46694675570056	1
4	112046954	112046955	59	23	2	1	1	1	NA	NA	NA	unphased	1.2179235991231	1.2179235991231	1
4	112343199	112343200	57	13	2	1	1	1	NA	NA	NA	unphased	0.806401587990819	0.806401587990819	1
4	112543035	112543036	51	16	2	1	1	1	NA	NA	NA	unphased	1.03693430373102	1.03693430373102	1
4	112680045	112680046	51	14	2	1	1	1	NA	NA	NA	unphased	0.935234977788169	0.935234977788169	1
4	112696135	112696136	53	14	2	1	1	1	NA	NA	NA	unphased	0.907317515764642	0.907317515764642	1
4	112720506	112720507	60	13	2	1	1	1	NA	NA	NA	unphased	0.773261796703525	0.773261796703525	1
4	114294703	114294704	57	12	2	1	1	1	NA	NA	NA	unphased	0.755158677717155	0.755158677717155	1
4	115582647	115582648	53	18	2	1	1	1	NA	NA	NA	unphased	1.10082990343275	1.10082990343275	1
4	116922408	116922409	53	15	2	1	1	1	NA	NA	NA	unphased	0.957829940486833	0.957829940486833	1
4	117398335	117398336	44	9	2	1	1	1	NA	NA	NA	unphased	0.737348331544581	0.737348331544581	1
4	117597810	117597811	45	18	2	1	1	1	NA	NA	NA	unphased	1.24061782767818	1.24061782767818	1
4	117958922	117958923	74	7	2	1	1	1	NA	NA	NA	unphased	0.375248602198957	0.375248602198957	1
4	118176070	118176071	45	7	2	1	1	1	NA	NA	NA	unphased	0.584521861117606	0.584521861117606	1
4	118179079	118179080	35	12	2	1	1	1	NA	NA	NA	unphased	1.10863720771242	1.10863720771242	1
4	118842910	118842911	54	4	2	1	1	1	NA	NA	NA	unphased	0.299459475646458	0.299459475646458	1
4	118880425	118880426	47	14	2	1	1	1	NA	NA	NA	unphased	0.996561861577557	0.996561861577557	1
4	119224222	119224223	51	16	2	1	1	1	NA	NA	NA	unphased	1.03693430373102	1.03693430373102	1
4	119712751	119712752	30	6	2	1	1	1	NA	NA	NA	unphased	0.723693732812274	0.723693732812274	1
4	120532620	120532621	54	9	2	1	1	1	NA	NA	NA	unphased	0.620308913839092	0.620308913839092	1
4	121420313	121420314	45	13	2	1	1	1	NA	NA	NA	unphased	0.973243295850989	0.973243295850989	1
4	121830584	121830585	63	15	2	1	1	1	NA	NA	NA	unphased	0.835031230168008	0.835031230168008	1
4	122309675	122309676	63	13	2	1	1	1	NA	NA	NA	unphased	0.742738304728386	0.742738304728386	1
4	122465543	122465544	38	12	2	1	1	1	NA	NA	NA	unphased	1.04211897524967	1.04211897524967	1
4	123078222	123078223	79	15	3	2	1	1	NA	NA	NA	unphased	0.852472722905369	0.852472722905369	1
4	123764765	123764766	58	37	3	2	1	1	NA	NA	NA	unphased	2.08063167036131	1.04031583518066	2
4	126715180	126715181	23	13	1	1	0	1	NA	NA	NA	unphased	1.20689197664882	1.20689197664882	1
4	126885905	126885906	43	19	1	1	0	1	NA	NA	NA	unphased	1.02421105710644	1.02421105710644	1
4	127470418	127470419	74	22	3	2	1	1	NA	NA	NA	unphased	1.22424554928354	1.22424554928354	1
4	127491468	127491469	75	10	3	2	1	1	NA	NA	NA	unphased	0.62848969374984	0.62848969374984	1
4	127521976	127521977	58	34	3	2	1	1	NA	NA	NA	unphased	1.97427740754026	0.98713870377013	2
4	127726855	127726856	51	37	3	2	1	1	NA	NA	NA	unphased	2.24613646232187	1.12306823116094	2
4	130385635	130385636	79	21	3	2	1	1	NA	NA	NA	unphased	1.12185410334347	1.12185410334347	1
4	131812586	131812587	69	38	3	2	1	1	NA	NA	NA	unphased	1.89721655216073	0.948608276080367	2
4	132165713	132165714	50	32	3	2	1	1	NA	NA	NA	unphased	2.08474630121898	1.04237315060949	2
4	132949074	132949075	84	17	3	2	1	1	NA	NA	NA	unphased	0.899175848978732	0.899175848978732	1
4	133834057	133834058	78	23	3	2	1	1	NA	NA	NA	unphased	1.21653203097123	1.21653203097123	1
4	133951744	133951745	73	17	3	2	1	1	NA	NA	NA	unphased	1.00907511940947	1.00907511940947	1
4	134052405	134052406	63	18	3	2	1	1	NA	NA	NA	unphased	1.18714719930525	1.18714719930525	1
4	134375461	134375462	60	38	3	2	1	1	NA	NA	NA	unphased	2.07145072531835	1.03572536265918	2
4	134740571	134740572	70	27	3	2	1	1	NA	NA	NA	unphased	1.48699365686174	0.743496828430868	2
4	134972282	134972283	49	27	3	2	1	1	NA	NA	NA	unphased	1.89787348309985	0.948936741549924	2
4	135099974	135099975	72	12	3	2	1	1	NA	NA	NA	unphased	0.763166056696235	0.763166056696235	1
4	135279762	135279763	69	15	3	2	1	1	NA	NA	NA	unphased	0.953957570870294	0.953957570870294	1
4	135758441	135758442	72	9	3	2	1	1	NA	NA	NA	unphased	0.593573599652627	0.593573599652627	1
4	135768879	135768880	69	11	3	2	1	1	NA	NA	NA	unphased	0.734547329570126	0.734547329570126	1
4	135942884	135942885	75	6	3	2	1	1	NA	NA	NA	unphased	0.395715733101751	0.395715733101751	1
4	136115815	136115816	46	13	2	1	1	1	NA	NA	NA	unphased	0.956747646768769	0.956747646768769	1
4	136262463	136262464	54	19	2	1	1	1	NA	NA	NA	unphased	1.13015185672054	1.13015185672054	1
4	136707298	136707299	59	14	2	1	1	1	NA	NA	NA	unphased	0.832743473373027	0.832743473373027	1
4	136731186	136731187	55	9	2	1	1	1	NA	NA	NA	unphased	0.610616587060356	0.610616587060356	1
4	136797351	136797352	59	13	2	1	1	1	NA	NA	NA	unphased	0.784001543879963	0.784001543879963	1
4	137292156	137292157	62	18	2	1	1	1	NA	NA	NA	unphased	0.97698653929657	0.97698653929657	1
4	137677098	137677099	60	18	2	1	1	1	NA	NA	NA	unphased	1.00203747620161	1.00203747620161	1
4	137941362	137941363	47	4	2	1	1	1	NA	NA	NA	unphased	0.340561756617541	0.340561756617541	1
4	138247233	138247234	50	14	2	1	1	1	NA	NA	NA	unphased	0.949848024316109	0.949848024316109	1
4	138510110	138510111	61	22	2	1	1	1	NA	NA	NA	unphased	1.15093461121952	1.15093461121952	1
4	138548480	138548481	57	23	2	1	1	1	NA	NA	NA	unphased	1.24837168910117	1.24837168910117	1
4	138658241	138658242	72	21	2	1	1	1	NA	NA	NA	unphased	0.980488283165016	0.980488283165016	1
4	142849629	142849630	58	47	3	2	1	1	NA	NA	NA	unphased	2.39125364431487	1.19562682215743	2
4	143886294	143886295	62	31	3	2	1	1	NA	NA	NA	unphased	1.78072079895788	0.890360399478941	2
4	144690632	144690633	61	15	3	2	1	1	NA	NA	NA	unphased	1.05437415727769	1.05437415727769	1
4	145093070	145093071	79	5	3	2	1	1	NA	NA	NA	unphased	0.317985856956765	0.317985856956765	1
4	145142665	145142666	87	19	3	2	1	1	NA	NA	NA	unphased	0.95755741076037	0.95755741076037	1
4	145917876	145917877	83	21	3	2	1	1	NA	NA	NA	unphased	1.07870586859949	1.07870586859949	1
4	147264601	147264602	75	20	3	2	1	1	NA	NA	NA	unphased	1.12466576776287	1.12466576776287	1
4	147797990	147797991	44	24	3	2	1	1	NA	NA	NA	unphased	1.88546908124952	0.942734540624761	2
4	150283728	150283729	75	9	3	2	1	1	NA	NA	NA	unphased	0.572374542522176	0.572374542522176	1
4	150964882	150964883	78	27	3	2	1	1	NA	NA	NA	unphased	1.37369890205322	0.686849451026611	2
4	152726919	152726920	45	29	3	2	1	1	NA	NA	NA	unphased	2.09355012850454	1.04677506425227	2
4	153930279	153930280	47	15	3	2	1	1	NA	NA	NA	unphased	1.29245864440491	1.29245864440491	1
4	154744704	154744705	71	32	3	2	1	1	NA	NA	NA	unphased	1.65970093883453	0.829850469417265	2
4	154762677	154762678	71	13	3	2	1	1	NA	NA	NA	unphased	0.826763228087588	0.826763228087588	1
4	155054899	155054900	57	31	3	2	1	1	NA	NA	NA	unphased	1.88189811708049	0.940949058540244	2
4	155190107	155190108	70	18	3	2	1	1	NA	NA	NA	unphased	1.09271503572415	1.09271503572415	1
4	156079142	156079143	61	37	3	2	1	1	NA	NA	NA	unphased	2.01693886412576	1.00846943206288	2
4	156138383	156138384	88	13	3	2	1	1	NA	NA	NA	unphased	0.687605060983736	0.687605060983736	1
4	156336308	156336309	70	10	3	2	1	1	NA	NA	NA	unphased	0.667770299609206	0.667770299609206	1
4	156685813	156685814	72	23	3	2	1	1	NA	NA	NA	unphased	1.2933656329273	1.2933656329273	1
4	157245679	157245680	57	12	3	2	1	1	NA	NA	NA	unphased	0.929071721195416	0.929071721195416	1
4	157421468	157421469	72	21	3	2	1	1	NA	NA	NA	unphased	1.20629473477792	1.20629473477792	1
4	157644647	157644648	70	15	3	2	1	1	NA	NA	NA	unphased	0.942734540624761	0.942734540624761	1
4	158585908	158585909	60	41	3	2	1	1	NA	NA	NA	unphased	2.16860057694871	1.08430028847435	2
4	160573296	160573297	71	48	3	2	1	1	NA	NA	NA	unphased	2.15482180714231	1.07741090357115	2
4	160856242	160856243	44	19	3	2	1	1	NA	NA	NA	unphased	1.61112834191427	0.805564170957137	2
4	161280439	161280440	63	33	3	2	1	1	NA	NA	NA	unphased	1.83636832392532	0.918184161962658	2
4	161361959	161361960	50	40	3	2	1	1	NA	NA	NA	unphased	2.37429439861051	1.18714719930525	2
4	162141902	162141903	30	14	1	1	0	1	NA	NA	NA	unphased	1.06341530809616	1.06341530809616	1
4	162527573	162527574	34	8	1	1	0	1	NA	NA	NA	unphased	0.636602361309265	0.636602361309265	1
4	162658880	162658881	45	12	1	1	0	1	NA	NA	NA	unphased	0.703613136183925	0.703613136183925	1
4	163868140	163868141	43	21	1	1	0	1	NA	NA	NA	unphased	1.09664703647416	1.09664703647416	1
4	165199485	165199486	47	25	1	1	0	1	NA	NA	NA	unphased	1.16047305447002	1.16047305447002	1
4	168189692	168189693	46	12	1	1	0	1	NA	NA	NA	unphased	0.691481875215237	0.691481875215237	1
4	168237714	168237715	43	16	1	1	0	1	NA	NA	NA	unphased	0.906349124575903	0.906349124575903	1
4	168832661	168832662	54	15	1	1	0	1	NA	NA	NA	unphased	0.726557042798618	0.726557042798618	1
4	169089114	169089115	39	20	1	1	0	1	NA	NA	NA	unphased	1.13293640571988	1.13293640571988	1
4	170836452	170836453	42	15	1	1	0	1	NA	NA	NA	unphased	0.879516420229906	0.879516420229906	1
4	171141049	171141050	42	12	1	1	0	1	NA	NA	NA	unphased	0.74270275486081	0.74270275486081	1
4	171583861	171583862	50	6	1	1	0	1	NA	NA	NA	unphased	0.358088828236462	0.358088828236462	1
4	171985172	171985173	42	18	1	1	0	1	NA	NA	NA	unphased	1.00264871906209	1.00264871906209	1
4	172249288	172249289	25	14	1	1	0	1	NA	NA	NA	unphased	1.19975060400592	1.19975060400592	1
4	172438044	172438045	33	8	1	1	0	1	NA	NA	NA	unphased	0.652129248170467	0.652129248170467	1
4	173125110	173125111	34	13	1	1	0	1	NA	NA	NA	unphased	0.924427897007604	0.924427897007604	1
4	173215301	173215302	36	22	1	1	0	1	NA	NA	NA	unphased	1.26771677122793	1.26771677122793	1
4	174344855	174344856	37	19	1	1	0	1	NA	NA	NA	unphased	1.13394795608213	1.13394795608213	1
4	176100647	176100648	47	15	1	1	0	1	NA	NA	NA	unphased	0.808587676662978	0.808587676662978	1
4	176416879	176416880	39	12	1	1	0	1	NA	NA	NA	unphased	0.786391152205563	0.786391152205563	1
4	176683773	176683774	46	17	1	1	0	1	NA	NA	NA	unphased	0.901853345188126	0.901853345188126	1
4	177020025	177020026	56	4	1	1	0	1	NA	NA	NA	unphased	0.222810826458243	0.222810826458243	1
4	177709208	177709209	38	24	1	1	0	1	NA	NA	NA	unphased	1.29374028266077	1.29374028266077	1
4	177896967	177896968	49	18	1	1	0	1	NA	NA	NA	unphased	0.897894375279486	0.897894375279486	1
4	179237568	179237569	42	22	1	1	0	1	NA	NA	NA	unphased	1.14886832392531	1.14886832392531	1
4	180479010	180479011	45	25	1	1	0	1	NA	NA	NA	unphased	1.19362942745487	1.19362942745487	1
4	180581189	180581190	39	14	1	1	0	1	NA	NA	NA	unphased	0.882835350117566	0.882835350117566	1
4	181271432	181271433	57	13	1	1	0	1	NA	NA	NA	unphased	0.620687302276534	0.620687302276534	1
4	181661583	181661584	23	3	1	1	0	1	NA	NA	NA	unphased	0.38563412271619	0.38563412271619	1
4	181682758	181682759	44	16	1	1	0	1	NA	NA	NA	unphased	0.891243305832971	0.891243305832971	1
4	182579790	182579791	26	17	1	1	0	1	NA	NA	NA	unphased	1.32132001736865	1.32132001736865	1
4	184831882	184831883	38	20	1	1	0	1	NA	NA	NA	unphased	1.15246979202539	1.15246979202539	1
4	188456682	188456683	33	23	1	1	0	1	NA	NA	NA	unphased	1.3726738415731	1.3726738415731	1
4	188764665	188764666	42	17	1	1	0	1	NA	NA	NA	unphased	0.962995944861897	0.962995944861897	1
5	17249	17250	59	17	NA	NA	NA	NA	NA	NA	NA	unphased	NA	NA	1
5	819376	819377	39	16	NA	NA	NA	NA	NA	NA	NA	unphased	NA	NA	1
5	2159973	2159974	46	16	2	1	1	1	NA	NA	NA	unphased	1.12055803790288	1.12055803790288	1
5	2262391	2262392	35	12	2	1	1	1	NA	NA	NA	unphased	1.10863720771242	1.10863720771242	1
5	2628961	2628962	45	17	2	1	1	1	NA	NA	NA	unphased	1.19059291527181	1.19059291527181	1
5	2662268	2662269	53	14	2	1	1	1	NA	NA	NA	unphased	0.907317515764642	0.907317515764642	1
5	2702450	2702451	56	11	2	1	1	1	NA	NA	NA	unphased	0.712892333815076	0.712892333815076	1
5	3031767	3031768	23	13	2	1	1	1	NA	NA	NA	unphased	1.56800308775993	1.56800308775993	1
5	3244004	3244005	37	9	2	1	1	1	NA	NA	NA	unphased	0.8495535124318	0.8495535124318	1
5	3351099	3351100	52	15	2	1	1	1	NA	NA	NA	unphased	0.972125909747831	0.972125909747831	1
5	3422370	3422371	35	11	2	1	1	1	NA	NA	NA	unphased	1.03834318186109	1.03834318186109	1
5	3453175	3453176	53	9	2	1	1	1	NA	NA	NA	unphased	0.630313896320368	0.630313896320368	1
5	3458939	3458940	70	17	2	1	1	1	NA	NA	NA	unphased	0.848468514331631	0.848468514331631	1
5	3500905	3500906	58	20	2	1	1	1	NA	NA	NA	unphased	1.11337497355734	1.11337497355734	1
5	3851149	3851150	68	16	2	1	1	1	NA	NA	NA	unphased	0.827078551785456	0.827078551785456	1
5	3930682	3930683	63	18	2	1	1	1	NA	NA	NA	unphased	0.964924977083032	0.964924977083032	1
5	4026126	4026127	52	16	2	1	1	1	NA	NA	NA	unphased	1.02168526985262	1.02168526985262	1
5	4154946	4154947	60	4	2	1	1	1	NA	NA	NA	unphased	0.271385149804603	0.271385149804603	1
5	4623461	4623462	55	14	2	1	1	1	NA	NA	NA	unphased	0.881018457336681	0.881018457336681	1
5	4742647	4742648	50	8	2	1	1	1	NA	NA	NA	unphased	0.598918951292916	0.598918951292916	1
5	4812978	4812979	50	13	2	1	1	1	NA	NA	NA	unphased	0.896001764434244	0.896001764434244	1
5	5229176	5229177	42	12	2	1	1	1	NA	NA	NA	unphased	0.964924977083032	0.964924977083032	1
5	5410463	5410464	65	12	2	1	1	1	NA	NA	NA	unphased	0.676700633279009	0.676700633279009	1
5	5506576	5506577	53	13	2	1	1	1	NA	NA	NA	unphased	0.855274411505415	0.855274411505415	1
5	5584136	5584137	54	15	2	1	1	1	NA	NA	NA	unphased	0.943948347146444	0.943948347146444	1
5	6775563	6775564	48	10	2	1	1	1	NA	NA	NA	unphased	0.748648689116145	0.748648689116145	1
5	8979320	8979321	70	14	2	1	1	1	NA	NA	NA	unphased	0.723693732812274	0.723693732812274	1
5	9112180	9112181	42	14	2	1	1	1	NA	NA	NA	unphased	1.08554059921841	1.08554059921841	1
5	9437652	9437653	46	11	2	1	1	1	NA	NA	NA	unphased	0.837961164308949	0.837961164308949	1
5	9994170	9994171	49	16	2	1	1	1	NA	NA	NA	unphased	1.06883997461505	1.06883997461505	1
5	10078372	10078373	76	21	2	1	1	1	NA	NA	NA	unphased	0.940055776642748	0.940055776642748	1
5	11692325	11692326	66	11	2	1	1	1	NA	NA	NA	unphased	0.620308913839092	0.620308913839092	1
5	11892497	11892498	59	18	2	1	1	1	NA	NA	NA	unphased	1.01505094991851	1.01505094991851	1
5	12010923	12010924	55	18	2	1	1	1	NA	NA	NA	unphased	1.07067018005104	1.07067018005104	1
5	12304714	12304715	60	27	2	1	1	1	NA	NA	NA	unphased	1.34756764040906	1.34756764040906	1
5	12309285	12309286	57	14	2	1	1	1	NA	NA	NA	unphased	0.856201036003253	0.856201036003253	1
5	12647661	12647662	50	14	2	1	1	1	NA	NA	NA	unphased	0.949848024316109	0.949848024316109	1
5	13269213	13269214	57	24	2	1	1	1	NA	NA	NA	unphased	1.28656663611071	1.28656663611071	1
5	14596645	14596646	54	14	2	1	1	1	NA	NA	NA	unphased	0.893974611121044	0.893974611121044	1
5	15120478	15120479	55	16	2	1	1	1	NA	NA	NA	unphased	0.978515469718004	0.978515469718004	1
5	15292405	15292406	57	19	2	1	1	1	NA	NA	NA	unphased	1.08554059921841	1.08554059921841	1
5	15470509	15470510	48	15	2	1	1	1	NA	NA	NA	unphased	1.03384818973182	1.03384818973182	1
5	16229553	16229554	55	14	2	1	1	1	NA	NA	NA	unphased	0.881018457336681	0.881018457336681	1
5	16257838	16257839	67	15	2	1	1	1	NA	NA	NA	unphased	0.794297999428105	0.794297999428105	1
5	17512773	17512774	33	10	2	1	1	1	NA	NA	NA	unphased	1.00980520857527	1.00980520857527	1
5	17828326	17828327	59	17	2	1	1	1	NA	NA	NA	unphased	0.971273167721736	0.971273167721736	1
5	17965573	17965574	41	15	2	1	1	1	NA	NA	NA	unphased	1.1630792134483	1.1630792134483	1
5	18142383	18142384	73	17	2	1	1	1	NA	NA	NA	unphased	0.820186230520577	0.820186230520577	1
5	18149824	18149825	72	15	2	1	1	1	NA	NA	NA	unphased	0.748648689116145	0.748648689116145	1
5	18357962	18357963	49	12	2	1	1	1	NA	NA	NA	unphased	0.854195881352192	0.854195881352192	1
5	18360452	18360453	63	10	2	1	1	1	NA	NA	NA	unphased	0.59481676669502	0.59481676669502	1
5	18544047	18544048	52	15	2	1	1	1	NA	NA	NA	unphased	0.972125909747831	0.972125909747831	1
5	18880916	18880917	58	15	2	1	1	1	NA	NA	NA	unphased	0.892225150042529	0.892225150042529	1
5	19256368	19256369	75	12	2	1	1	1	NA	NA	NA	unphased	0.598918951292916	0.598918951292916	1
5	19406022	19406023	64	6	2	1	1	1	NA	NA	NA	unphased	0.372185348303455	0.372185348303455	1
5	19740511	19740512	72	17	2	1	1	1	NA	NA	NA	unphased	0.829401806144404	0.829401806144404	1
5	19755042	19755043	47	17	2	1	1	1	NA	NA	NA	unphased	1.15338688666956	1.15338688666956	1
5	19945120	19945121	36	12	2	1	1	1	NA	NA	NA	unphased	1.08554059921841	1.08554059921841	1
5	20121055	20121056	52	19	2	1	1	1	NA	NA	NA	unphased	1.16198712029013	1.16198712029013	1
5	20631201	20631202	46	17	2	1	1	1	NA	NA	NA	unphased	1.1716946150294	1.1716946150294	1
5	21129446	21129447	53	18	2	1	1	1	NA	NA	NA	unphased	1.10082990343275	1.10082990343275	1
5	21266032	21266033	44	20	2	1	1	1	NA	NA	NA	unphased	1.35692574902301	1.35692574902301	1
5	21651327	21651328	43	16	2	1	1	1	NA	NA	NA	unphased	1.17753556525387	1.17753556525387	1
5	21656482	21656483	52	17	2	1	1	1	NA	NA	NA	unphased	1.06980812676597	1.06980812676597	1
5	21767140	21767141	50	14	2	1	1	1	NA	NA	NA	unphased	0.949848024316109	0.949848024316109	1
5	21882071	21882072	68	20	2	1	1	1	NA	NA	NA	unphased	0.986855090198555	0.986855090198555	1
5	21908413	21908414	52	16	2	1	1	1	NA	NA	NA	unphased	1.02168526985262	1.02168526985262	1
5	23182299	23182300	43	14	2	1	1	1	NA	NA	NA	unphased	1.0664960273023	1.0664960273023	1
5	23597753	23597754	54	15	2	1	1	1	NA	NA	NA	unphased	0.943948347146444	0.943948347146444	1
5	24019023	24019024	46	19	2	1	1	1	NA	NA	NA	unphased	1.26924746985537	1.26924746985537	1
5	24380872	24380873	39	13	2	1	1	1	NA	NA	NA	unphased	1.08554059921841	1.08554059921841	1
5	24664784	24664785	52	12	2	1	1	1	NA	NA	NA	unphased	0.814155449413808	0.814155449413808	1
5	24840761	24840762	59	21	2	1	1	1	NA	NA	NA	unphased	1.13981762917933	1.13981762917933	1
5	24972402	24972403	71	18	2	1	1	1	NA	NA	NA	unphased	0.87819014768231	0.87819014768231	1
5	25077961	25077962	20	10	2	1	1	1	NA	NA	NA	unphased	1.44738746562455	1.44738746562455	1
5	25317680	25317681	41	12	2	1	1	1	NA	NA	NA	unphased	0.983131108726108	0.983131108726108	1
5	25551312	25551313	70	23	2	1	1	1	NA	NA	NA	unphased	1.07386811965692	1.07386811965692	1
5	25611475	25611476	56	7	2	1	1	1	NA	NA	NA	unphased	0.482462488541516	0.482462488541516	1
5	25734737	25734738	77	12	2	1	1	1	NA	NA	NA	unphased	0.585460098454873	0.585460098454873	1
5	25917869	25917870	44	10	2	1	1	1	NA	NA	NA	unphased	0.804104147569193	0.804104147569193	1
5	26022991	26022992	54	10	2	1	1	1	NA	NA	NA	unphased	0.678462874511507	0.678462874511507	1
5	26537760	26537761	57	16	2	1	1	1	NA	NA	NA	unphased	0.951706826712031	0.951706826712031	1
5	26660185	26660186	46	8	2	1	1	1	NA	NA	NA	unphased	0.643283318055354	0.643283318055354	1
5	26818961	26818962	42	18	2	1	1	1	NA	NA	NA	unphased	1.30264871906209	1.30264871906209	1
5	27054751	27054752	47	8	2	1	1	1	NA	NA	NA	unphased	0.631587257727075	0.631587257727075	1
5	27134285	27134286	66	14	2	1	1	1	NA	NA	NA	unphased	0.759878419452887	0.759878419452887	1
5	27238924	27238925	67	10	2	1	1	1	NA	NA	NA	unphased	0.563917194399174	0.563917194399174	1
5	27393892	27393893	55	10	2	1	1	1	NA	NA	NA	unphased	0.668024984134407	0.668024984134407	1
5	27426230	27426231	69	13	2	1	1	1	NA	NA	NA	unphased	0.688391599504358	0.688391599504358	1
5	27490920	27490921	62	20	2	1	1	1	NA	NA	NA	unphased	1.05906399923747	1.05906399923747	1
5	27627847	27627848	54	11	2	1	1	1	NA	NA	NA	unphased	0.734827482547847	0.734827482547847	1
5	27973134	27973135	46	9	2	1	1	1	NA	NA	NA	unphased	0.71053566494296	0.71053566494296	1
5	28167289	28167290	49	11	2	1	1	1	NA	NA	NA	unphased	0.796063106093501	0.796063106093501	1
5	28718410	28718411	58	10	2	1	1	1	NA	NA	NA	unphased	0.638553293657889	0.638553293657889	1
5	28795260	28795261	51	17	2	1	1	1	NA	NA	NA	unphased	1.08554059921841	1.08554059921841	1
5	29192713	29192714	73	10	2	1	1	1	NA	NA	NA	unphased	0.523152096008873	0.523152096008873	1
5	29666700	29666701	47	22	2	1	1	1	NA	NA	NA	unphased	1.38445757581478	1.38445757581478	1
5	29788473	29788474	53	14	2	1	1	1	NA	NA	NA	unphased	0.907317515764642	0.907317515764642	1
5	30103956	30103957	55	14	2	1	1	1	NA	NA	NA	unphased	0.881018457336681	0.881018457336681	1
5	30234752	30234753	53	22	2	1	1	1	NA	NA	NA	unphased	1.2737009697496	1.2737009697496	1
5	30331135	30331136	67	19	2	1	1	1	NA	NA	NA	unphased	0.959314948146503	0.959314948146503	1
5	30398002	30398003	54	18	2	1	1	1	NA	NA	NA	unphased	1.08554059921841	1.08554059921841	1
5	31133381	31133382	48	11	2	1	1	1	NA	NA	NA	unphased	0.809555701112035	0.809555701112035	1
5	32294361	32294362	62	12	2	1	1	1	NA	NA	NA	unphased	0.704134442736266	0.704134442736266	1
5	32296567	32296568	62	20	2	1	1	1	NA	NA	NA	unphased	1.05906399923747	1.05906399923747	1
5	32562976	32562977	56	21	2	1	1	1	NA	NA	NA	unphased	1.18422610823827	1.18422610823827	1
5	33377155	33377156	54	19	2	1	1	1	NA	NA	NA	unphased	1.13015185672054	1.13015185672054	1
5	34475643	34475644	48	19	2	1	1	1	NA	NA	NA	unphased	1.23135948568059	1.23135948568059	1
5	35199917	35199918	66	26	2	1	1	1	NA	NA	NA	unphased	1.22713285129038	1.22713285129038	1
5	38676255	38676256	61	14	2	1	1	1	NA	NA	NA	unphased	0.810536980749747	0.810536980749747	1
5	39293515	39293516	54	17	2	1	1	1	NA	NA	NA	unphased	1.03967268657538	1.03967268657538	1
5	40393965	40393966	47	23	2	1	1	1	NA	NA	NA	unphased	1.42671050182991	1.42671050182991	1
5	41379158	41379159	61	16	2	1	1	1	NA	NA	NA	unphased	0.902267511038679	0.902267511038679	1
5	41588557	41588558	57	16	2	1	1	1	NA	NA	NA	unphased	0.951706826712031	0.951706826712031	1
5	41591933	41591934	39	12	2	1	1	1	NA	NA	NA	unphased	1.02168526985262	1.02168526985262	1
5	42281407	42281408	53	15	2	1	1	1	NA	NA	NA	unphased	0.957829940486833	0.957829940486833	1
5	42767273	42767274	60	25	2	1	1	1	NA	NA	NA	unphased	1.27710658731578	1.27710658731578	1
5	45227525	45227526	67	14	2	1	1	1	NA	NA	NA	unphased	0.750497204397914	0.750497204397914	1
5	45868266	45868267	67	19	2	1	1	1	NA	NA	NA	unphased	0.959314948146503	0.959314948146503	1
5	46072487	46072488	58	12	2	1	1	1	NA	NA	NA	unphased	0.74437069660691	0.74437069660691	1
5	46363552	46363553	56	17	2	1	1	1	NA	NA	NA	unphased	1.01118850338153	1.01118850338153	1
5	49459546	49459547	42	19	2	1	1	1	NA	NA	NA	unphased	1.35247681214097	1.35247681214097	1
5	49602721	49602722	51	16	2	1	1	1	NA	NA	NA	unphased	1.03693430373102	1.03693430373102	1
5	49802230	49802231	63	12	2	1	1	1	NA	NA	NA	unphased	0.694745983499783	0.694745983499783	1
5	50172204	50172205	66	18	2	1	1	1	NA	NA	NA	unphased	0.930463370758638	0.930463370758638	1
5	51120942	51120943	59	17	2	1	1	1	NA	NA	NA	unphased	0.971273167721736	0.971273167721736	1
5	51521329	51521330	45	6	2	1	1	1	NA	NA	NA	unphased	0.510842634926311	0.510842634926311	1
5	51536796	51536797	55	18	2	1	1	1	NA	NA	NA	unphased	1.07067018005104	1.07067018005104	1
5	51708961	51708962	58	22	2	1	1	1	NA	NA	NA	unphased	1.19409465914025	1.19409465914025	1
5	56933365	56933366	56	27	2	1	1	1	NA	NA	NA	unphased	1.41251065922396	1.41251065922396	1
5	57712061	57712062	51	27	2	1	1	1	NA	NA	NA	unphased	1.50305621430241	1.50305621430241	1
5	62604779	62604780	78	12	2	1	1	1	NA	NA	NA	unphased	0.578954986249819	0.578954986249819	1
5	63136468	63136469	43	18	2	1	1	1	NA	NA	NA	unphased	1.28129382202829	1.28129382202829	1
5	63136551	63136552	48	17	2	1	1	1	NA	NA	NA	unphased	1.13564247302849	1.13564247302849	1
5	63293886	63293887	58	16	2	1	1	1	NA	NA	NA	unphased	0.938845923648355	0.938845923648355	1
5	63354785	63354786	42	15	2	1	1	1	NA	NA	NA	unphased	1.14267431496675	1.14267431496675	1
5	63743749	63743750	62	16	2	1	1	1	NA	NA	NA	unphased	0.890699978845875	0.890699978845875	1
5	63973327	63973328	23	5	2	1	1	1	NA	NA	NA	unphased	0.775386142298865	0.775386142298865	1
5	64777995	64777996	45	24	2	1	1	1	NA	NA	NA	unphased	1.51031735543431	1.51031735543431	1
5	65515092	65515093	81	26	2	1	1	1	NA	NA	NA	unphased	1.05510488148332	1.05510488148332	1
5	67340601	67340602	50	11	2	1	1	1	NA	NA	NA	unphased	0.783012891239509	0.783012891239509	1
5	72318482	72318483	51	19	2	1	1	1	NA	NA	NA	unphased	1.17858693629427	1.17858693629427	1
5	72641993	72641994	61	27	2	1	1	1	NA	NA	NA	unphased	1.33225437176805	1.33225437176805	1
5	72938512	72938513	77	11	2	1	1	1	NA	NA	NA	unphased	0.542770299609205	0.542770299609205	1
5	73728228	73728229	48	13	2	1	1	1	NA	NA	NA	unphased	0.925378871464875	0.925378871464875	1
5	74644712	74644713	59	6	2	1	1	1	NA	NA	NA	unphased	0.400814990480644	0.400814990480644	1
5	76739695	76739696	34	11	2	1	1	1	NA	NA	NA	unphased	1.06141747479133	1.06141747479133	1
5	76998944	76998945	78	23	2	1	1	1	NA	NA	NA	unphased	0.988809258693998	0.988809258693998	1
5	78671751	78671752	37	7	2	1	1	1	NA	NA	NA	unphased	0.690798563138989	0.690798563138989	1
5	78898678	78898679	63	13	2	1	1	1	NA	NA	NA	unphased	0.742738304728386	0.742738304728386	1
5	79566054	79566055	64	4	2	1	1	1	NA	NA	NA	unphased	0.255421317463155	0.255421317463155	1
5	80146633	80146634	71	19	2	1	1	1	NA	NA	NA	unphased	0.91667872822888	0.91667872822888	1
5	81898622	81898623	70	19	2	1	1	1	NA	NA	NA	unphased	0.926978489220216	0.926978489220216	1
5	83286831	83286832	56	25	2	1	1	1	NA	NA	NA	unphased	1.34017357928199	1.34017357928199	1
5	84127222	84127223	49	19	2	1	1	1	NA	NA	NA	unphased	1.21325125794999	1.21325125794999	1
5	84374916	84374917	53	19	2	1	1	1	NA	NA	NA	unphased	1.1458484102861	1.1458484102861	1
5	84507405	84507406	36	12	2	1	1	1	NA	NA	NA	unphased	1.08554059921841	1.08554059921841	1
5	84860393	84860394	52	18	2	1	1	1	NA	NA	NA	unphased	1.11655604491037	1.11655604491037	1
5	85050754	85050755	50	21	2	1	1	1	NA	NA	NA	unphased	1.28430155400488	1.28430155400488	1
5	85292183	85292184	65	18	2	1	1	1	NA	NA	NA	unphased	0.941673772815971	0.941673772815971	1
5	86114473	86114474	57	16	2	1	1	1	NA	NA	NA	unphased	0.951706826712031	0.951706826712031	1
5	86282935	86282936	55	18	2	1	1	1	NA	NA	NA	unphased	1.07067018005104	1.07067018005104	1
5	86619025	86619026	67	19	2	1	1	1	NA	NA	NA	unphased	0.959314948146503	0.959314948146503	1
5	87429219	87429220	67	7	2	1	1	1	NA	NA	NA	unphased	0.410745091596155	0.410745091596155	1
5	87862474	87862475	45	14	2	1	1	1	NA	NA	NA	unphased	1.03034361959714	1.03034361959714	1
5	87953187	87953188	61	12	2	1	1	1	NA	NA	NA	unphased	0.713780120034023	0.713780120034023	1
5	88842099	88842100	44	14	2	1	1	1	NA	NA	NA	unphased	1.0481081647626	1.0481081647626	1
5	91239024	91239025	85	14	2	1	1	1	NA	NA	NA	unphased	0.614043167234657	0.614043167234657	1
5	91595570	91595571	36	6	2	1	1	1	NA	NA	NA	unphased	0.620308913839092	0.620308913839092	1
5	92774479	92774480	44	10	2	1	1	1	NA	NA	NA	unphased	0.804104147569193	0.804104147569193	1
5	93123369	93123370	59	19	2	1	1	1	NA	NA	NA	unphased	1.05770622487948	1.05770622487948	1
5	93581648	93581649	68	17	2	1	1	1	NA	NA	NA	unphased	0.868432479374729	0.868432479374729	1
5	93707094	93707095	63	13	2	1	1	1	NA	NA	NA	unphased	0.742738304728386	0.742738304728386	1
5	97243945	97243946	57	12	2	1	1	1	NA	NA	NA	unphased	0.755158677717155	0.755158677717155	1
5	97367038	97367039	61	22	2	1	1	1	NA	NA	NA	unphased	1.15093461121952	1.15093461121952	1
5	97478077	97478078	47	14	2	1	1	1	NA	NA	NA	unphased	0.996561861577557	0.996561861577557	1
5	98719786	98719787	48	20	2	1	1	1	NA	NA	NA	unphased	1.27710658731578	1.27710658731578	1
5	99188448	99188449	69	22	2	1	1	1	NA	NA	NA	unphased	1.04975354649692	1.04975354649692	1
5	101189477	101189478	45	21	2	1	1	1	NA	NA	NA	unphased	1.38159712627798	1.38159712627798	1
5	101361558	101361559	54	23	2	1	1	1	NA	NA	NA	unphased	1.2970095471181	1.2970095471181	1
5	101849198	101849199	59	22	2	1	1	1	NA	NA	NA	unphased	1.17935274976815	1.17935274976815	1
5	103673313	103673314	69	14	2	1	1	1	NA	NA	NA	unphased	0.732412934412422	0.732412934412422	1
5	103750023	103750024	49	11	2	1	1	1	NA	NA	NA	unphased	0.796063106093501	0.796063106093501	1
5	104023442	104023443	56	14	2	1	1	1	NA	NA	NA	unphased	0.868432479374729	0.868432479374729	1
5	104265724	104265725	54	14	2	1	1	1	NA	NA	NA	unphased	0.893974611121044	0.893974611121044	1
5	104279629	104279630	70	18	2	1	1	1	NA	NA	NA	unphased	0.8881695811787	0.8881695811787	1
5	104372215	104372216	54	16	2	1	1	1	NA	NA	NA	unphased	0.992494262142547	0.992494262142547	1
5	105009558	105009559	60	10	2	1	1	1	NA	NA	NA	unphased	0.620308913839092	0.620308913839092	1
5	105133372	105133373	45	14	2	1	1	1	NA	NA	NA	unphased	1.03034361959714	1.03034361959714	1
5	105335012	105335013	61	7	2	1	1	1	NA	NA	NA	unphased	0.446987305560522	0.446987305560522	1
5	105338889	105338890	61	16	2	1	1	1	NA	NA	NA	unphased	0.902267511038679	0.902267511038679	1
5	107752663	107752664	49	15	2	1	1	1	NA	NA	NA	unphased	1.01769431176726	1.01769431176726	1
5	107757276	107757277	58	16	2	1	1	1	NA	NA	NA	unphased	0.938845923648355	0.938845923648355	1
5	109798390	109798391	57	19	2	1	1	1	NA	NA	NA	unphased	1.08554059921841	1.08554059921841	1
5	109845736	109845737	47	21	2	1	1	1	NA	NA	NA	unphased	1.34096191668157	1.34096191668157	1
5	110023518	110023519	60	10	2	1	1	1	NA	NA	NA	unphased	0.620308913839092	0.620308913839092	1
5	110983203	110983204	63	17	2	1	1	1	NA	NA	NA	unphased	0.922709509335649	0.922709509335649	1
5	113233319	113233320	43	14	2	1	1	1	NA	NA	NA	unphased	1.0664960273023	1.0664960273023	1
5	113285546	113285547	70	14	2	1	1	1	NA	NA	NA	unphased	0.723693732812274	0.723693732812274	1
5	113758621	113758622	75	7	2	1	1	1	NA	NA	NA	unphased	0.370672399733116	0.370672399733116	1
5	114318361	114318362	66	18	2	1	1	1	NA	NA	NA	unphased	0.930463370758638	0.930463370758638	1
5	116145461	116145462	73	25	2	1	1	1	NA	NA	NA	unphased	1.10769448899838	1.10769448899838	1
5	116230810	116230811	50	6	2	1	1	1	NA	NA	NA	unphased	0.465231685379319	0.465231685379319	1
5	117042890	117042891	86	22	2	1	1	1	NA	NA	NA	unphased	0.884514562326112	0.884514562326112	1
5	119184010	119184011	83	10	2	1	1	1	NA	NA	NA	unphased	0.466899182459531	0.466899182459531	1
5	119265167	119265168	53	14	2	1	1	1	NA	NA	NA	unphased	0.907317515764642	0.907317515764642	1
5	120613283	120613284	67	18	2	1	1	1	NA	NA	NA	unphased	0.91951674286736	0.91951674286736	1
5	121177551	121177552	56	20	2	1	1	1	NA	NA	NA	unphased	1.14267431496675	1.14267431496675	1
5	122408352	122408353	68	15	2	1	1	1	NA	NA	NA	unphased	0.784728144013309	0.784728144013309	1
5	123302637	123302638	41	24	2	1	1	1	NA	NA	NA	unphased	1.60325996192258	1.60325996192258	1
5	125775277	125775278	53	21	2	1	1	1	NA	NA	NA	unphased	1.23223527478847	1.23223527478847	1
5	126501769	126501770	39	21	2	1	1	1	NA	NA	NA	unphased	1.51975683890577	1.51975683890577	1
5	127974261	127974262	50	14	1	1	0	1	NA	NA	NA	unphased	0.731098024316109	0.731098024316109	1
5	128574014	128574015	43	5	1	1	0	1	NA	NA	NA	unphased	0.348141916341005	0.348141916341005	1
5	128765220	128765221	31	7	1	1	0	1	NA	NA	NA	unphased	0.615661494160934	0.615661494160934	1
5	136200175	136200176	31	13	1	1	0	1	NA	NA	NA	unphased	0.987457071803576	0.987457071803576	1
5	136922581	136922582	37	19	1	1	0	1	NA	NA	NA	unphased	1.13394795608213	1.13394795608213	1
5	138109632	138109633	36	17	1	1	0	1	NA	NA	NA	unphased	1.07201435371419	1.07201435371419	1
5	139485037	139485038	47	23	1	1	0	1	NA	NA	NA	unphased	1.09813907325848	1.09813907325848	1
5	140508289	140508290	67	5	1	1	0	1	NA	NA	NA	unphased	0.232094610894003	0.232094610894003	1
5	142105381	142105382	36	18	1	1	0	1	NA	NA	NA	unphased	1.11405413229121	1.11405413229121	1
5	151640139	151640140	58	19	2	1	1	1	NA	NA	NA	unphased	1.07144266935843	1.07144266935843	1
5	152052955	152052956	64	14	2	1	1	1	NA	NA	NA	unphased	0.779362481490141	0.779362481490141	1
5	152130719	152130720	54	27	2	1	1	1	NA	NA	NA	unphased	1.44738746562455	1.44738746562455	1
5	152195895	152195896	56	5	2	1	1	1	NA	NA	NA	unphased	0.355914950563413	0.355914950563413	1
5	152489551	152489552	31	16	2	1	1	1	NA	NA	NA	unphased	1.47818294361656	1.47818294361656	1
5	152584172	152584173	60	16	2	1	1	1	NA	NA	NA	unphased	0.914139451973399	0.914139451973399	1
5	153146833	153146834	54	18	2	1	1	1	NA	NA	NA	unphased	1.08554059921841	1.08554059921841	1
5	154105413	154105414	47	8	2	1	1	1	NA	NA	NA	unphased	0.631587257727075	0.631587257727075	1
5	154473169	154473170	52	20	2	1	1	1	NA	NA	NA	unphased	1.20615622135379	1.20615622135379	1
5	154521951	154521952	62	16	2	1	1	1	NA	NA	NA	unphased	0.890699978845875	0.890699978845875	1
5	154943402	154943403	56	15	2	1	1	1	NA	NA	NA	unphased	0.917358252860629	0.917358252860629	1
5	155090952	155090953	49	14	2	1	1	1	NA	NA	NA	unphased	0.964924977083032	0.964924977083032	1
5	156591024	156591025	45	12	2	1	1	1	NA	NA	NA	unphased	0.914139451973399	0.914139451973399	1
5	157043915	157043916	54	13	2	1	1	1	NA	NA	NA	unphased	0.842509121781453	0.842509121781453	1
5	157182273	157182274	61	21	2	1	1	1	NA	NA	NA	unphased	1.11201719919935	1.11201719919935	1
5	157769213	157769214	30	15	1	1	0	1	NA	NA	NA	unphased	1.11405413229121	1.11405413229121	1
5	158527347	158527348	36	15	2	1	1	1	NA	NA	NA	unphased	1.27710658731578	1.27710658731578	1
5	159304299	159304300	47	18	2	1	1	1	NA	NA	NA	unphased	1.20244497144193	1.20244497144193	1
5	159992363	159992364	58	12	2	1	1	1	NA	NA	NA	unphased	0.74437069660691	0.74437069660691	1
5	160253695	160253696	41	16	2	1	1	1	NA	NA	NA	unphased	1.2188526026312	1.2188526026312	1
5	161232389	161232390	69	24	2	1	1	1	NA	NA	NA	unphased	1.12055803790288	1.12055803790288	1
5	161285466	161285467	44	21	2	1	1	1	NA	NA	NA	unphased	1.40285246668225	1.40285246668225	1
5	161395989	161395990	60	20	2	1	1	1	NA	NA	NA	unphased	1.08554059921841	1.08554059921841	1
5	161646865	161646866	80	4	2	1	1	1	NA	NA	NA	unphased	0.206769637946364	0.206769637946364	1
5	162026166	162026167	69	14	2	1	1	1	NA	NA	NA	unphased	0.732412934412422	0.732412934412422	1
5	162650450	162650451	36	6	2	1	1	1	NA	NA	NA	unphased	0.620308913839092	0.620308913839092	1
5	163160325	163160326	59	6	2	1	1	1	NA	NA	NA	unphased	0.400814990480644	0.400814990480644	1
5	163372630	163372631	50	18	2	1	1	1	NA	NA	NA	unphased	1.1493959285842	1.1493959285842	1
5	163711285	163711286	59	15	2	1	1	1	NA	NA	NA	unphased	0.880168053420333	0.880168053420333	1
5	164066564	164066565	61	24	2	1	1	1	NA	NA	NA	unphased	1.22602232382315	1.22602232382315	1
5	164624077	164624078	74	7	2	1	1	1	NA	NA	NA	unphased	0.375248602198957	0.375248602198957	1
5	164943112	164943113	65	8	2	1	1	1	NA	NA	NA	unphased	0.475853413356016	0.475853413356016	1
5	165265556	165265557	53	18	2	1	1	1	NA	NA	NA	unphased	1.10082990343275	1.10082990343275	1
5	165765537	165765538	54	14	2	1	1	1	NA	NA	NA	unphased	0.893974611121044	0.893974611121044	1
5	165806938	165806939	50	8	2	1	1	1	NA	NA	NA	unphased	0.598918951292916	0.598918951292916	1
5	165851488	165851489	56	22	2	1	1	1	NA	NA	NA	unphased	1.22471247091308	1.22471247091308	1
5	166104382	166104383	50	11	2	1	1	1	NA	NA	NA	unphased	0.783012891239509	0.783012891239509	1
5	166544679	166544680	48	16	2	1	1	1	NA	NA	NA	unphased	1.08554059921841	1.08554059921841	1
5	166556247	166556248	49	17	2	1	1	1	NA	NA	NA	unphased	1.1184357688917	1.1184357688917	1
5	167143064	167143065	43	8	2	1	1	1	NA	NA	NA	unphased	0.681123513235081	0.681123513235081	1
5	167171367	167171368	39	11	2	1	1	1	NA	NA	NA	unphased	0.955275727312201	0.955275727312201	1
5	168162985	168162986	33	17	2	1	1	1	NA	NA	NA	unphased	1.47633521493704	1.47633521493704	1
5	169258654	169258655	56	18	2	1	1	1	NA	NA	NA	unphased	1.0562016641044	1.0562016641044	1
5	169316966	169316967	62	18	2	1	1	1	NA	NA	NA	unphased	0.97698653929657	0.97698653929657	1
5	169746390	169746391	49	9	2	1	1	1	NA	NA	NA	unphased	0.673783820204531	0.673783820204531	1
5	170414444	170414445	54	12	2	1	1	1	NA	NA	NA	unphased	0.789484072158844	0.789484072158844	1
5	172126646	172126647	57	17	2	1	1	1	NA	NA	NA	unphased	0.997523793876377	0.997523793876377	1
5	173061140	173061141	39	22	2	1	1	1	NA	NA	NA	unphased	1.56602578247902	1.56602578247902	1
5	175248689	175248690	49	14	2	1	1	1	NA	NA	NA	unphased	0.964924977083032	0.964924977083032	1
5	177679425	177679426	47	9	2	1	1	1	NA	NA	NA	unphased	0.697847528068978	0.697847528068978	1
5	178073550	178073551	49	8	2	1	1	1	NA	NA	NA	unphased	0.609426301315599	0.609426301315599	1
5	178426987	178426988	20	14	1.17108119843683	1	0	0.828918801563175	2	0	0.171081198436825	unphased	1.44662971571608	1.44662971571608	1
5	178629983	178629984	47	22	2	1	1	1	NA	NA	NA	unphased	1.38445757581478	1.38445757581478	1
5	180109608	180109609	54	15	2	1	1	1	NA	NA	NA	unphased	0.943948347146444	0.943948347146444	1
5	180558439	180558440	44	12	2	1	1	1	NA	NA	NA	unphased	0.930463370758638	0.930463370758638	1
5	180629035	180629036	51	9	2	1	1	1	NA	NA	NA	unphased	0.651324359531046	0.651324359531046	1
6	368241	368242	83	13	1	1	0	1	NA	NA	NA	unphased	0.452584491243306	0.452584491243306	1
6	472950	472951	19	16	1	1	0	1	NA	NA	NA	unphased	1.52784566714224	1.52784566714224	1
6	7529054	7529055	34	13	1	1	0	1	NA	NA	NA	unphased	0.924427897007604	0.924427897007604	1
6	8123929	8123930	32	11	1	1	0	1	NA	NA	NA	unphased	0.85497177594442	0.85497177594442	1
6	8916089	8916090	39	18	1	1	0	1	NA	NA	NA	unphased	1.05541970427589	1.05541970427589	1
6	12862702	12862703	26	17	1	1	0	1	NA	NA	NA	unphased	1.32132001736865	1.32132001736865	1
6	14253376	14253377	40	4	1	1	0	1	NA	NA	NA	unphased	0.303832945170331	0.303832945170331	1
6	16975915	16975916	29	14	NA	NA	NA	NA	NA	NA	NA	unphased	NA	NA	1
6	18992151	18992152	58	22	1.65460071843051	1	0	0.345399281569495	1	1	0.654600718430505	unphased	1.09910985670864	1.09910985670864	1
6	19376477	19376478	68	12	1.65460071843051	1	0	0.345399281569495	1	1	0.654600718430505	unphased	0.599514467295622	0.915847554724719	0.654600718430505
6	19453468	19453469	59	22	1.65460071843051	1	0	0.345399281569495	1	1	0.654600718430505	unphased	1.08554059921841	1.08554059921841	1
6	19787560	19787561	38	8	1.65460071843051	1	0	0.345399281569495	1	1	0.654600718430505	unphased	0.6950892374442	0.6950892374442	1
6	19861900	19861901	69	13	1.65460071843051	1	0	0.345399281569495	1	1	0.654600718430505	unphased	0.633633176816511	0.967968960278158	0.654600718430505
6	20046441	20046442	61	16	1.65460071843051	1	0	0.345399281569495	1	1	0.654600718430505	unphased	0.830496231751511	0.830496231751511	1
6	22273594	22273595	46	12	1.65460071843051	1	0	0.345399281569495	1	1	0.654600718430505	unphased	0.826916506614651	0.826916506614651	1
6	22281913	22281914	56	13	1.65460071843051	1	0	0.345399281569495	1	1	0.654600718430505	unphased	0.75301334056455	0.75301334056455	1
6	23214208	23214209	46	7	1.65460071843051	1	0	0.345399281569495	1	1	0.654600718430505	unphased	0.527874373719416	0.806406651958872	0.654600718430505
6	23244477	23244478	50	8	1.65460071843051	1	0	0.345399281569495	1	1	0.654600718430505	unphased	0.551277671076434	0.842158671011236	0.654600718430505
6	23373615	23373616	61	13	1.65460071843051	1	0	0.345399281569495	1	1	0.654600718430505	unphased	0.702134060796675	0.702134060796675	1
6	23582103	23582104	60	20	1.65460071843051	1	0	0.345399281569495	1	1	0.654600718430505	unphased	0.999190778826037	0.999190778826037	1
6	27790203	27790204	51	8	1	1	0	1	NA	NA	NA	unphased	0.453174562287952	0.453174562287952	1
6	27840998	27840999	31	16	1	1	0	1	NA	NA	NA	unphased	1.13775741170167	1.13775741170167	1
6	28622519	28622520	30	15	1	1	0	1	NA	NA	NA	unphased	1.11405413229121	1.11405413229121	1
6	30148103	30148104	57	18	2	1	1	1	NA	NA	NA	unphased	1.04211897524967	1.04211897524967	1
6	30406791	30406792	53	13	2	1	1	1	NA	NA	NA	unphased	0.855274411505415	0.855274411505415	1
6	30967638	30967639	36	15	1	1	0	1	NA	NA	NA	unphased	0.982988940256954	0.982988940256954	1
6	31233608	31233609	45	7	NA	NA	NA	NA	NA	NA	NA	unphased	NA	NA	1
6	31233684	31233685	64	11	NA	NA	NA	NA	NA	NA	NA	unphased	NA	NA	1
6	31406364	31406365	56	17	NA	NA	NA	NA	NA	NA	NA	unphased	NA	NA	1
6	31785467	31785468	80	20	2	1	1	1	NA	NA	NA	unphased	0.868432479374729	0.868432479374729	1
6	31824176	31824177	40	15	2	1	1	1	NA	NA	NA	unphased	1.18422610823827	1.18422610823827	1
6	31869851	31869852	24	8	2	1	1	1	NA	NA	NA	unphased	1.08554059921841	1.08554059921841	1
6	32081454	32081455	50	19	2	1	1	1	NA	NA	NA	unphased	1.1956679063855	1.1956679063855	1
6	33975130	33975131	46	13	2	1	1	1	NA	NA	NA	unphased	0.956747646768769	0.956747646768769	1
6	34571688	34571689	49	16	2	1	1	1	NA	NA	NA	unphased	1.06883997461505	1.06883997461505	1
6	38961680	38961681	48	14	2	1	1	1	NA	NA	NA	unphased	0.980488283165016	0.980488283165016	1
6	39351773	39351774	54	30	2	1	1	1	NA	NA	NA	unphased	1.55077228459773	1.55077228459773	1
6	41666228	41666229	51	15	NA	NA	NA	NA	NA	NA	NA	unphased	NA	NA	1
6	41666686	41666687	47	11	NA	NA	NA	NA	NA	NA	NA	unphased	NA	NA	1
6	41666845	41666846	51	21	NA	NA	NA	NA	NA	NA	NA	unphased	NA	NA	1
6	42864748	42864749	58	14	2	1	1	1	NA	NA	NA	unphased	0.844309354947653	0.844309354947653	1
6	47436627	47436628	50	10	2	1	1	1	NA	NA	NA	unphased	0.723693732812274	0.723693732812274	1
6	48535397	48535398	60	18	2	1	1	1	NA	NA	NA	unphased	1.00203747620161	1.00203747620161	1
6	49025163	49025164	50	20	2	1	1	1	NA	NA	NA	unphased	1.24061782767818	1.24061782767818	1
6	49125275	49125276	62	15	2	1	1	1	NA	NA	NA	unphased	0.845875791598762	0.845875791598762	1
6	49138545	49138546	48	14	2	1	1	1	NA	NA	NA	unphased	0.980488283165016	0.980488283165016	1
6	49827153	49827154	42	19	2	1	1	1	NA	NA	NA	unphased	1.35247681214097	1.35247681214097	1
6	50196415	50196416	44	12	2	1	1	1	NA	NA	NA	unphased	0.930463370758638	0.930463370758638	1
6	50662569	50662570	57	9	2	1	1	1	NA	NA	NA	unphased	0.592113054119133	0.592113054119133	1
6	50855838	50855839	66	13	2	1	1	1	NA	NA	NA	unphased	0.714533052650093	0.714533052650093	1
6	51163087	51163088	61	19	2	1	1	1	NA	NA	NA	unphased	1.03126356925749	1.03126356925749	1
6	54307043	54307044	55	10	2	1	1	1	NA	NA	NA	unphased	0.668024984134407	0.668024984134407	1
6	54334825	54334826	54	14	2	1	1	1	NA	NA	NA	unphased	0.893974611121044	0.893974611121044	1
6	55538127	55538128	60	12	2	1	1	1	NA	NA	NA	unphased	0.723693732812274	0.723693732812274	1
6	56304827	56304828	65	8	2	1	1	1	NA	NA	NA	unphased	0.475853413356016	0.475853413356016	1
6	57213767	57213768	54	17	2	1	1	1	NA	NA	NA	unphased	1.03967268657538	1.03967268657538	1
6	58436046	58436047	54	14	2	1	1	1	NA	NA	NA	unphased	0.893974611121044	0.893974611121044	1
6	58477036	58477037	49	19	2	1	1	1	NA	NA	NA	unphased	1.21325125794999	1.21325125794999	1
6	58599734	58599735	61	20	2	1	1	1	NA	NA	NA	unphased	1.07213886342559	1.07213886342559	1
6	58600634	58600635	54	10	2	1	1	1	NA	NA	NA	unphased	0.678462874511507	0.678462874511507	1
6	61887925	61887926	69	20	2	1	1	1	NA	NA	NA	unphased	0.975766830758122	0.975766830758122	1
6	62224644	62224645	73	11	2	1	1	1	NA	NA	NA	unphased	0.568616504352501	0.568616504352501	1
6	62298494	62298495	62	12	2	1	1	1	NA	NA	NA	unphased	0.704134442736266	0.704134442736266	1
6	62377012	62377013	55	20	2	1	1	1	NA	NA	NA	unphased	1.15790997249964	1.15790997249964	1
6	62419938	62419939	46	16	2	1	1	1	NA	NA	NA	unphased	1.12055803790288	1.12055803790288	1
6	63083326	63083327	49	18	2	1	1	1	NA	NA	NA	unphased	1.1665510916974	1.1665510916974	1
6	63573335	63573336	39	10	2	1	1	1	NA	NA	NA	unphased	0.886155591198703	0.886155591198703	1
6	63634732	63634733	65	21	2	1	1	1	NA	NA	NA	unphased	1.06029546900403	1.06029546900403	1
6	63998585	63998586	63	16	2	1	1	1	NA	NA	NA	unphased	0.879425295569345	0.879425295569345	1
6	64602513	64602514	61	17	2	1	1	1	NA	NA	NA	unphased	0.946368727523743	0.946368727523743	1
6	65402732	65402733	54	15	2	1	1	1	NA	NA	NA	unphased	0.943948347146444	0.943948347146444	1
6	65555678	65555679	58	15	2	1	1	1	NA	NA	NA	unphased	0.892225150042529	0.892225150042529	1
6	65821911	65821912	55	13	2	1	1	1	NA	NA	NA	unphased	0.830119281755255	0.830119281755255	1
6	66343820	66343821	50	15	2	1	1	1	NA	NA	NA	unphased	1.00203747620161	1.00203747620161	1
6	66454677	66454678	54	8	2	1	1	1	NA	NA	NA	unphased	0.560279018951438	0.560279018951438	1
6	66790938	66790939	54	13	2	1	1	1	NA	NA	NA	unphased	0.842509121781453	0.842509121781453	1
6	66877510	66877511	51	11	2	1	1	1	NA	NA	NA	unphased	0.770383651058227	0.770383651058227	1
6	66888918	66888919	53	13	2	1	1	1	NA	NA	NA	unphased	0.855274411505415	0.855274411505415	1
6	67102897	67102898	53	21	2	1	1	1	NA	NA	NA	unphased	1.23223527478847	1.23223527478847	1
6	67114846	67114847	31	9	2	1	1	1	NA	NA	NA	unphased	0.97698653929657	0.97698653929657	1
6	67243465	67243466	62	18	2	1	1	1	NA	NA	NA	unphased	0.97698653929657	0.97698653929657	1
6	67278559	67278560	60	12	2	1	1	1	NA	NA	NA	unphased	0.723693732812274	0.723693732812274	1
6	67544205	67544206	66	16	2	1	1	1	NA	NA	NA	unphased	0.847251199389979	0.847251199389979	1
6	67719307	67719308	36	19	2	1	1	1	NA	NA	NA	unphased	1.5000197371018	1.5000197371018	1
6	67958905	67958906	58	8	2	1	1	1	NA	NA	NA	unphased	0.526322714772563	0.526322714772563	1
6	68088876	68088877	66	7	2	1	1	1	NA	NA	NA	unphased	0.416371736686514	0.416371736686514	1
6	68240151	68240152	55	14	2	1	1	1	NA	NA	NA	unphased	0.881018457336681	0.881018457336681	1
6	68744868	68744869	37	15	2	1	1	1	NA	NA	NA	unphased	1.25254684525201	1.25254684525201	1
6	68825525	68825526	48	14	2	1	1	1	NA	NA	NA	unphased	0.980488283165016	0.980488283165016	1
6	69442708	69442709	61	15	2	1	1	1	NA	NA	NA	unphased	0.857005736225061	0.857005736225061	1
6	70089223	70089224	56	15	2	1	1	1	NA	NA	NA	unphased	0.917358252860629	0.917358252860629	1
6	72665134	72665135	55	13	2	1	1	1	NA	NA	NA	unphased	0.830119281755255	0.830119281755255	1
6	72882619	72882620	51	14	2	1	1	1	NA	NA	NA	unphased	0.935234977788169	0.935234977788169	1
6	73987578	73987579	38	10	2	1	1	1	NA	NA	NA	unphased	0.904617166015342	0.904617166015342	1
6	77014029	77014030	52	14	0.878310898827613	0	0	0.121689101172387	1	0	0.878310898827613	unphased	0.683130699088145	0.683130699088145	1
6	77693558	77693559	34	10	0.878310898827613	0	0	0.121689101172387	1	0	0.878310898827613	unphased	0.731925749023013	0.731925749023013	1
6	79179810	79179811	57	8	2	1	1	1	NA	NA	NA	unphased	0.534419987307525	0.534419987307525	1
6	79833336	79833337	47	18	2	1	1	1	NA	NA	NA	unphased	1.20244497144193	1.20244497144193	1
6	81922630	81922631	71	21	2	1	1	1	NA	NA	NA	unphased	0.991145764503766	0.991145764503766	1
6	83020429	83020430	55	18	2	1	1	1	NA	NA	NA	unphased	1.07067018005104	1.07067018005104	1
6	85768980	85768981	41	17	2	1	1	1	NA	NA	NA	unphased	1.27270277149745	1.27270277149745	1
6	86866781	86866782	64	19	2	1	1	1	NA	NA	NA	unphased	0.993988982416858	0.993988982416858	1
6	89393712	89393713	61	10	2	1	1	1	NA	NA	NA	unphased	0.611572168573753	0.611572168573753	1
6	90138536	90138537	50	14	2	1	1	1	NA	NA	NA	unphased	0.949848024316109	0.949848024316109	1
6	90917589	90917590	68	11	2	1	1	1	NA	NA	NA	unphased	0.604604890703925	0.604604890703925	1
6	91626067	91626068	31	9	1	1	0	1	NA	NA	NA	unphased	0.75198653929657	0.75198653929657	1
6	92742494	92742495	49	15	2	1	1	1	NA	NA	NA	unphased	1.01769431176726	1.01769431176726	1
6	92888454	92888455	66	20	2	1	1	1	NA	NA	NA	unphased	1.00980520857527	1.00980520857527	1
6	92923703	92923704	63	17	2	1	1	1	NA	NA	NA	unphased	0.922709509335649	0.922709509335649	1
6	93253942	93253943	42	10	2	1	1	1	NA	NA	NA	unphased	0.835031230168008	0.835031230168008	1
6	93885090	93885091	64	15	2	1	1	1	NA	NA	NA	unphased	0.824461214596261	0.824461214596261	1
6	93974298	93974299	61	12	2	1	1	1	NA	NA	NA	unphased	0.713780120034023	0.713780120034023	1
6	94089308	94089309	49	13	2	1	1	1	NA	NA	NA	unphased	0.910453405796086	0.910453405796086	1
6	94619799	94619800	53	13	2	1	1	1	NA	NA	NA	unphased	0.855274411505415	0.855274411505415	1
6	94778744	94778745	61	16	2	1	1	1	NA	NA	NA	unphased	0.902267511038679	0.902267511038679	1
6	94794747	94794748	55	16	2	1	1	1	NA	NA	NA	unphased	0.978515469718004	0.978515469718004	1
6	95137085	95137086	50	7	2	1	1	1	NA	NA	NA	unphased	0.533248013651149	0.533248013651149	1
6	95288952	95288953	44	13	2	1	1	1	NA	NA	NA	unphased	0.990317739637848	0.990317739637848	1
6	95462307	95462308	51	19	2	1	1	1	NA	NA	NA	unphased	1.17858693629427	1.17858693629427	1
6	97354853	97354854	61	16	2	1	1	1	NA	NA	NA	unphased	0.902267511038679	0.902267511038679	1
6	97440176	97440177	36	12	2	1	1	1	NA	NA	NA	unphased	1.08554059921841	1.08554059921841	1
6	97468863	97468864	48	10	2	1	1	1	NA	NA	NA	unphased	0.748648689116145	0.748648689116145	1
6	97973685	97973686	52	19	2	1	1	1	NA	NA	NA	unphased	1.16198712029013	1.16198712029013	1
6	98188631	98188632	58	17	2	1	1	1	NA	NA	NA	unphased	0.984223476624692	0.984223476624692	1
6	99170152	99170153	38	14	1	1	0	1	NA	NA	NA	unphased	0.899812953004442	0.899812953004442	1
6	99280272	99280273	25	7	1	1	0	1	NA	NA	NA	unphased	0.731098024316109	0.731098024316109	1
6	99527344	99527345	15	6	1	1	0	1	NA	NA	NA	unphased	0.954903541963898	0.954903541963898	1
6	99626488	99626489	18	17	1	1	0	1	NA	NA	NA	unphased	1.62333602133863	1.62333602133863	1
6	100713500	100713501	26	8	1	1	0	1	NA	NA	NA	unphased	0.786391152205563	0.786391152205563	1
6	102372720	102372721	36	13	1	1	0	1	NA	NA	NA	unphased	0.886696146109334	0.886696146109334	1
6	102424012	102424013	35	21	1	1	0	1	NA	NA	NA	unphased	1.25331089882762	1.25331089882762	1
6	102554867	102554868	27	12	1	1	0	1	NA	NA	NA	unphased	1.02835766057651	1.02835766057651	1
6	102612753	102612754	24	13	1	1	0	1	NA	NA	NA	unphased	1.17427327457723	1.17427327457723	1
6	103307052	103307053	52	14	2	1	1	1	NA	NA	NA	unphased	0.921064750851985	0.921064750851985	1
6	103919479	103919480	70	16	2	1	1	1	NA	NA	NA	unphased	0.807844166860213	0.807844166860213	1
6	104030562	104030563	51	17	2	1	1	1	NA	NA	NA	unphased	1.08554059921841	1.08554059921841	1
6	104257933	104257934	60	19	2	1	1	1	NA	NA	NA	unphased	1.0443175384886	1.0443175384886	1
6	104556515	104556516	59	23	2	1	1	1	NA	NA	NA	unphased	1.2179235991231	1.2179235991231	1
6	104819041	104819042	57	16	2	1	1	1	NA	NA	NA	unphased	0.951706826712031	0.951706826712031	1
6	104860514	104860515	45	19	2	1	1	1	NA	NA	NA	unphased	1.28907946157186	1.28907946157186	1
6	105805884	105805885	59	18	2	1	1	1	NA	NA	NA	unphased	1.01505094991851	1.01505094991851	1
6	106743600	106743601	30	25	1	1	0	1	NA	NA	NA	unphased	1.51916472585166	1.51916472585166	1
6	107882583	107882584	38	15	1	1	0	1	NA	NA	NA	unphased	0.945895017983106	0.945895017983106	1
6	110265161	110265162	35	14	1	1	0	1	NA	NA	NA	unphased	0.954903541963898	0.954903541963898	1
6	110738104	110738105	19	12	1	1	0	1	NA	NA	NA	unphased	1.29374028266077	1.29374028266077	1
6	115009530	115009531	43	13	1	1	0	1	NA	NA	NA	unphased	0.775859127845667	0.775859127845667	1
6	115809080	115809081	41	27	1	1	0	1	NA	NA	NA	unphased	1.32703506934689	1.32703506934689	1
6	115948292	115948293	38	18	1	1	0	1	NA	NA	NA	unphased	1.07426648470939	1.07426648470939	1
6	118706067	118706068	32	16	1	1	0	1	NA	NA	NA	unphased	1.11405413229121	1.11405413229121	1
6	119083634	119083635	47	15	1	1	0	1	NA	NA	NA	unphased	0.808587676662978	0.808587676662978	1
6	120184498	120184499	39	18	1	1	0	1	NA	NA	NA	unphased	1.05541970427589	1.05541970427589	1
6	120686695	120686696	40	13	1	1	0	1	NA	NA	NA	unphased	0.819775682252026	0.819775682252026	1
6	122778408	122778409	32	11	1	1	0	1	NA	NA	NA	unphased	0.85497177594442	0.85497177594442	1
6	123273900	123273901	37	13	1	1	0	1	NA	NA	NA	unphased	0.868962223187147	0.868962223187147	1
6	125020331	125020332	41	18	1	1	0	1	NA	NA	NA	unphased	1.01964276514789	1.01964276514789	1
6	129333960	129333961	51	23	1	1	0	1	NA	NA	NA	unphased	1.0387802044337	1.0387802044337	1
6	129643680	129643681	55	17	1	1	0	1	NA	NA	NA	unphased	0.78912167703961	0.78912167703961	1
6	137081194	137081195	36	17	1	1	0	1	NA	NA	NA	unphased	1.07201435371419	1.07201435371419	1
6	137771348	137771349	35	18	1	1	0	1	NA	NA	NA	unphased	1.13507402157973	1.13507402157973	1
6	141036817	141036818	55	5	1	1	0	1	NA	NA	NA	unphased	0.278513533072804	0.278513533072804	1
6	142382415	142382416	37	20	1	1	0	1	NA	NA	NA	unphased	1.17268856030654	1.17268856030654	1
6	147118884	147118885	29	24	1	1	0	1	NA	NA	NA	unphased	1.51343202877297	1.51343202877297	1
6	148431987	148431988	35	19	1	1	0	1	NA	NA	NA	unphased	1.17594602852962	1.17594602852962	1
6	149636017	149636018	35	4	1	1	0	1	NA	NA	NA	unphased	0.342785886858835	0.342785886858835	1
6	153101802	153101803	32	17	1	1	0	1	NA	NA	NA	unphased	1.15952572952759	1.15952572952759	1
6	157536179	157536180	30	17	1	1	0	1	NA	NA	NA	unphased	1.20886724993302	1.20886724993302	1
6	159335846	159335847	40	11	1	1	0	1	NA	NA	NA	unphased	0.720858556188433	0.720858556188433	1
6	161488741	161488742	44	15	1	1	0	1	NA	NA	NA	unphased	0.849702304289909	0.849702304289909	1
6	161763348	161763349	67	4	1	1	0	1	NA	NA	NA	unphased	0.188290839260487	0.188290839260487	1
6	161946510	161946511	37	21	1	1	0	1	NA	NA	NA	unphased	1.21009328162666	1.21009328162666	1
6	162368087	162368088	34	13	1	1	0	1	NA	NA	NA	unphased	0.924427897007604	0.924427897007604	1
6	162510066	162510067	38	21	1	1	0	1	NA	NA	NA	unphased	1.18958322600587	1.18958322600587	1
6	165668122	165668123	43	15	1	1	0	1	NA	NA	NA	unphased	0.864352344019046	0.864352344019046	1
6	165729327	165729328	14	13	1	1	0	1	NA	NA	NA	unphased	1.60918930219842	1.60918930219842	1
6	165952251	165952252	39	15	1	1	0	1	NA	NA	NA	unphased	0.928378443576012	0.928378443576012	1
6	169293289	169293290	38	16	1	1	0	1	NA	NA	NA	unphased	0.990270339814413	0.990270339814413	1
6	169424252	169424253	23	23	1	1	0	1	NA	NA	NA	unphased	1.67108119843682	1.67108119843682	1
6	170465600	170465601	23	11	1	1	0	1	NA	NA	NA	unphased	1.08128783428265	1.08128783428265	1
7	43192	43193	63	14	NA	NA	NA	NA	NA	NA	NA	unphased	NA	NA	1
7	1641754	1641755	38	19	2	1	1	1	NA	NA	NA	unphased	1.44738746562455	1.44738746562455	1
7	1716650	1716651	55	21	2	1	1	1	NA	NA	NA	unphased	1.19980803071509	1.19980803071509	1
7	3848362	3848363	59	13	2	1	1	1	NA	NA	NA	unphased	0.784001543879963	0.784001543879963	1
7	4223351	4223352	46	18	2	1	1	1	NA	NA	NA	unphased	1.22123317412071	1.22123317412071	1
7	4951839	4951840	53	21	2	1	1	1	NA	NA	NA	unphased	1.23223527478847	1.23223527478847	1
7	5360487	5360488	51	13	2	1	1	1	NA	NA	NA	unphased	0.882001736864959	0.882001736864959	1
7	6291453	6291454	58	22	2	1	1	1	NA	NA	NA	unphased	1.19409465914025	1.19409465914025	1
7	8422522	8422523	66	10	2	1	1	1	NA	NA	NA	unphased	0.571337157483374	0.571337157483374	1
7	9125368	9125369	70	21	2	1	1	1	NA	NA	NA	unphased	1.00203747620161	1.00203747620161	1
7	9141364	9141365	67	28	2	1	1	1	NA	NA	NA	unphased	1.27979523276276	1.27979523276276	1
7	9236693	9236694	50	18	2	1	1	1	NA	NA	NA	unphased	1.1493959285842	1.1493959285842	1
7	10240746	10240747	69	18	2	1	1	1	NA	NA	NA	unphased	0.898378426939374	0.898378426939374	1
7	10363851	10363852	47	15	2	1	1	1	NA	NA	NA	unphased	1.05052316053395	1.05052316053395	1
7	10772041	10772042	41	20	2	1	1	1	NA	NA	NA	unphased	1.42365980225365	1.42365980225365	1
7	11949797	11949798	48	17	2	1	1	1	NA	NA	NA	unphased	1.13564247302849	1.13564247302849	1
7	12305849	12305850	78	18	2	1	1	1	NA	NA	NA	unphased	0.814155449413808	0.814155449413808	1
7	12401361	12401362	51	20	2	1	1	1	NA	NA	NA	unphased	1.22314433714751	1.22314433714751	1
7	12834459	12834460	38	17	2	1	1	1	NA	NA	NA	unphased	1.34212292267004	1.34212292267004	1
7	13172044	13172045	47	16	2	1	1	1	NA	NA	NA	unphased	1.10277140238061	1.10277140238061	1
7	13401995	13401996	63	20	2	1	1	1	NA	NA	NA	unphased	1.04630419201775	1.04630419201775	1
7	13528437	13528438	39	17	2	1	1	1	NA	NA	NA	unphased	1.31815644190807	1.31815644190807	1
7	13956540	13956541	45	10	2	1	1	1	NA	NA	NA	unphased	0.789484072158844	0.789484072158844	1
7	15160904	15160905	51	23	2	1	1	1	NA	NA	NA	unphased	1.34959101524451	1.34959101524451	1
7	16189229	16189230	64	18	2	1	1	1	NA	NA	NA	unphased	0.953157599313727	0.953157599313727	1
7	16412035	16412036	70	19	2	1	1	1	NA	NA	NA	unphased	0.926978489220216	0.926978489220216	1
7	16651611	16651612	43	22	2	1	1	1	NA	NA	NA	unphased	1.46965496509569	1.46965496509569	1
7	18717106	18717107	72	24	2	1	1	1	NA	NA	NA	unphased	1.08554059921841	1.08554059921841	1
7	18887615	18887616	55	24	2	1	1	1	NA	NA	NA	unphased	1.31913794335402	1.31913794335402	1
7	19833190	19833191	58	24	2	1	1	1	NA	NA	NA	unphased	1.27087679908497	1.27087679908497	1
7	20508527	20508528	50	17	2	1	1	1	NA	NA	NA	unphased	1.10174269771421	1.10174269771421	1
7	21024237	21024238	52	20	2	1	1	1	NA	NA	NA	unphased	1.20615622135379	1.20615622135379	1
7	21665726	21665727	60	17	2	1	1	1	NA	NA	NA	unphased	0.958659230478596	0.958659230478596	1
7	23488992	23488993	35	20	2	1	1	1	NA	NA	NA	unphased	1.57896814431769	1.57896814431769	1
7	31834685	31834686	56	21	2	1	1	1	NA	NA	NA	unphased	1.18422610823827	1.18422610823827	1
7	32591042	32591043	73	15	2	1	1	1	NA	NA	NA	unphased	0.740141317648916	0.740141317648916	1
7	33479500	33479501	66	11	2	1	1	1	NA	NA	NA	unphased	0.620308913839092	0.620308913839092	1
7	33715352	33715353	53	16	2	1	1	1	NA	NA	NA	unphased	1.00687823695621	1.00687823695621	1
7	34295025	34295026	52	9	2	1	1	1	NA	NA	NA	unphased	0.640646911014144	0.640646911014144	1
7	35433138	35433139	70	15	2	1	1	1	NA	NA	NA	unphased	0.766263952389466	0.766263952389466	1
7	36097395	36097396	56	13	2	1	1	1	NA	NA	NA	unphased	0.818088567526918	0.818088567526918	1
7	36799006	36799007	45	15	2	1	1	1	NA	NA	NA	unphased	1.08554059921841	1.08554059921841	1
7	37611287	37611288	62	17	2	1	1	1	NA	NA	NA	unphased	0.93438937654243	0.93438937654243	1
7	37629191	37629192	67	24	2	1	1	1	NA	NA	NA	unphased	1.14518568708755	1.14518568708755	1
7	37669306	37669307	57	16	2	1	1	1	NA	NA	NA	unphased	0.951706826712031	0.951706826712031	1
7	37853729	37853730	53	19	2	1	1	1	NA	NA	NA	unphased	1.1458484102861	1.1458484102861	1
7	39042408	39042409	73	24	2	1	1	1	NA	NA	NA	unphased	1.07434945902028	1.07434945902028	1
7	40460925	40460926	58	13	2	1	1	1	NA	NA	NA	unphased	0.795043819145878	0.795043819145878	1
7	40491486	40491487	55	14	2	1	1	1	NA	NA	NA	unphased	0.881018457336681	0.881018457336681	1
7	40529231	40529232	70	12	2	1	1	1	NA	NA	NA	unphased	0.635438399542484	0.635438399542484	1
7	40879120	40879121	70	12	2	1	1	1	NA	NA	NA	unphased	0.635438399542484	0.635438399542484	1
7	40985746	40985747	31	10	2	1	1	1	NA	NA	NA	unphased	1.05906399923747	1.05906399923747	1
7	41190417	41190418	61	13	2	1	1	1	NA	NA	NA	unphased	0.762812312964289	0.762812312964289	1
7	41376827	41376828	50	15	2	1	1	1	NA	NA	NA	unphased	1.00203747620161	1.00203747620161	1
7	41487161	41487162	60	16	2	1	1	1	NA	NA	NA	unphased	0.914139451973399	0.914139451973399	1
7	41495707	41495708	53	10	2	1	1	1	NA	NA	NA	unphased	0.68923212648788	0.68923212648788	1
7	41709630	41709631	46	12	2	1	1	1	NA	NA	NA	unphased	0.898378426939374	0.898378426939374	1
7	41814170	41814171	59	15	2	1	1	1	NA	NA	NA	unphased	0.880168053420333	0.880168053420333	1
7	42005460	42005461	49	19	2	1	1	1	NA	NA	NA	unphased	1.21325125794999	1.21325125794999	1
7	42088214	42088215	58	20	2	1	1	1	NA	NA	NA	unphased	1.11337497355734	1.11337497355734	1
7	42152545	42152546	46	18	2	1	1	1	NA	NA	NA	unphased	1.22123317412071	1.22123317412071	1
7	42375523	42375524	70	18	2	1	1	1	NA	NA	NA	unphased	0.8881695811787	0.8881695811787	1
7	42693402	42693403	70	21	2	1	1	1	NA	NA	NA	unphased	1.00203747620161	1.00203747620161	1
7	42721319	42721320	67	22	2	1	1	1	NA	NA	NA	unphased	1.07334351383393	1.07334351383393	1
7	43943468	43943469	53	10	2	1	1	1	NA	NA	NA	unphased	0.68923212648788	0.68923212648788	1
7	44434590	44434591	50	14	2	1	1	1	NA	NA	NA	unphased	0.949848024316109	0.949848024316109	1
7	44525275	44525276	56	22	2	1	1	1	NA	NA	NA	unphased	1.22471247091308	1.22471247091308	1
7	45236890	45236891	58	22	2	1	1	1	NA	NA	NA	unphased	1.19409465914025	1.19409465914025	1
7	45291076	45291077	65	16	2	1	1	1	NA	NA	NA	unphased	0.857711090740473	0.857711090740473	1
7	45673273	45673274	43	8	2	1	1	1	NA	NA	NA	unphased	0.681123513235081	0.681123513235081	1
7	45681410	45681411	43	12	2	1	1	1	NA	NA	NA	unphased	0.947380886590613	0.947380886590613	1
7	45689466	45689467	52	22	2	1	1	1	NA	NA	NA	unphased	1.29091314501649	1.29091314501649	1
7	46083085	46083086	49	22	2	1	1	1	NA	NA	NA	unphased	1.34545877086226	1.34545877086226	1
7	46202910	46202911	40	17	2	1	1	1	NA	NA	NA	unphased	1.29503089029565	1.29503089029565	1
7	46471657	46471658	61	9	2	1	1	1	NA	NA	NA	unphased	0.558278022455183	0.558278022455183	1
7	47618496	47618497	45	14	2	1	1	1	NA	NA	NA	unphased	1.03034361959714	1.03034361959714	1
7	48176379	48176380	53	19	2	1	1	1	NA	NA	NA	unphased	1.1458484102861	1.1458484102861	1
7	48218913	48218914	59	14	2	1	1	1	NA	NA	NA	unphased	0.832743473373027	0.832743473373027	1
7	49487654	49487655	57	24	2	1	1	1	NA	NA	NA	unphased	1.28656663611071	1.28656663611071	1
7	49756600	49756601	42	12	2	1	1	1	NA	NA	NA	unphased	0.964924977083032	0.964924977083032	1
7	52501651	52501652	36	12	2	1	1	1	NA	NA	NA	unphased	1.08554059921841	1.08554059921841	1
7	52678744	52678745	59	20	2	1	1	1	NA	NA	NA	unphased	1.09928161946168	1.09928161946168	1
7	52860287	52860288	55	16	2	1	1	1	NA	NA	NA	unphased	0.978515469718004	0.978515469718004	1
7	52867770	52867771	50	20	2	1	1	1	NA	NA	NA	unphased	1.24061782767818	1.24061782767818	1
7	52945506	52945507	64	16	2	1	1	1	NA	NA	NA	unphased	0.868432479374729	0.868432479374729	1
7	53124419	53124420	41	18	2	1	1	1	NA	NA	NA	unphased	1.3247275109106	1.3247275109106	1
7	53254984	53254985	51	16	2	1	1	1	NA	NA	NA	unphased	1.03693430373102	1.03693430373102	1
7	53438104	53438105	54	10	2	1	1	1	NA	NA	NA	unphased	0.678462874511507	0.678462874511507	1
7	53453157	53453158	42	15	2	1	1	1	NA	NA	NA	unphased	1.14267431496675	1.14267431496675	1
7	53454866	53454867	54	14	2	1	1	1	NA	NA	NA	unphased	0.893974611121044	0.893974611121044	1
7	54123588	54123589	69	13	2	1	1	1	NA	NA	NA	unphased	0.688391599504358	0.688391599504358	1
7	54237599	54237600	70	18	2	1	1	1	NA	NA	NA	unphased	0.8881695811787	0.8881695811787	1
7	54629678	54629679	68	12	2	1	1	1	NA	NA	NA	unphased	0.651324359531046	0.651324359531046	1
7	54923258	54923259	54	18	2	1	1	1	NA	NA	NA	unphased	1.08554059921841	1.08554059921841	1
7	56570154	56570155	58	18	2	1	1	1	NA	NA	NA	unphased	1.02840688347007	1.02840688347007	1
7	56665436	56665437	31	16	2	1	1	1	NA	NA	NA	unphased	1.47818294361656	1.47818294361656	1
7	57225884	57225885	41	12	2	1	1	1	NA	NA	NA	unphased	0.983131108726108	0.983131108726108	1
7	57510886	57510887	32	8	2	1	1	1	NA	NA	NA	unphased	0.868432479374729	0.868432479374729	1
7	57543487	57543488	35	6	2	1	1	1	NA	NA	NA	unphased	0.635438399542484	0.635438399542484	1
7	57585460	57585461	49	19	2	1	1	1	NA	NA	NA	unphased	1.21325125794999	1.21325125794999	1
7	58030564	58030565	57	19	2	1	1	1	NA	NA	NA	unphased	1.08554059921841	1.08554059921841	1
7	61881611	61881612	111	29	2	1	1	1	NA	NA	NA	unphased	0.899447925066683	0.899447925066683	1
7	62149837	62149838	69	20	2	1	1	1	NA	NA	NA	unphased	0.975766830758122	0.975766830758122	1
7	62685142	62685143	26	11	2	1	1	1	NA	NA	NA	unphased	1.29091314501649	1.29091314501649	1
7	62693674	62693675	40	14	2	1	1	1	NA	NA	NA	unphased	1.12574580659687	1.12574580659687	1
7	62968017	62968018	29	3	2	1	1	1	NA	NA	NA	unphased	0.407077724706904	0.407077724706904	1
7	63028234	63028235	42	6	2	1	1	1	NA	NA	NA	unphased	0.542770299609205	0.542770299609205	1
7	63712860	63712861	62	25	2	1	1	1	NA	NA	NA	unphased	1.24774781519358	1.24774781519358	1
7	65299714	65299715	52	24	2	1	1	1	NA	NA	NA	unphased	1.3712091779601	1.3712091779601	1
7	66969712	66969713	58	3	2	1	1	1	NA	NA	NA	unphased	0.213548970338048	0.213548970338048	1
7	67850392	67850393	65	16	2	1	1	1	NA	NA	NA	unphased	0.857711090740473	0.857711090740473	1
7	67893336	67893337	43	7	2	1	1	1	NA	NA	NA	unphased	0.60790273556231	0.60790273556231	1
7	67978392	67978393	52	12	2	1	1	1	NA	NA	NA	unphased	0.814155449413808	0.814155449413808	1
7	68233111	68233112	54	11	2	1	1	1	NA	NA	NA	unphased	0.734827482547847	0.734827482547847	1
7	68583092	68583093	44	13	2	1	1	1	NA	NA	NA	unphased	0.990317739637848	0.990317739637848	1
7	68816632	68816633	55	17	2	1	1	1	NA	NA	NA	unphased	1.02523278815072	1.02523278815072	1
7	69025022	69025023	56	10	2	1	1	1	NA	NA	NA	unphased	0.657903393465703	0.657903393465703	1
7	69904252	69904253	45	21	2	1	1	1	NA	NA	NA	unphased	1.38159712627798	1.38159712627798	1
7	70455645	70455646	38	4	2	1	1	1	NA	NA	NA	unphased	0.413539275892728	0.413539275892728	1
7	70556181	70556182	51	11	2	1	1	1	NA	NA	NA	unphased	0.770383651058227	0.770383651058227	1
7	70710541	70710542	56	14	2	1	1	1	NA	NA	NA	unphased	0.868432479374729	0.868432479374729	1
7	70882358	70882359	50	12	2	1	1	1	NA	NA	NA	unphased	0.840418528427157	0.840418528427157	1
7	70952428	70952429	48	10	2	1	1	1	NA	NA	NA	unphased	0.748648689116145	0.748648689116145	1
7	71510007	71510008	50	22	2	1	1	1	NA	NA	NA	unphased	1.32677184348917	1.32677184348917	1
7	71543691	71543692	41	12	2	1	1	1	NA	NA	NA	unphased	0.983131108726108	0.983131108726108	1
7	72132936	72132937	63	23	2	1	1	1	NA	NA	NA	unphased	1.16127598986156	1.16127598986156	1
7	73746207	73746208	51	17	2	1	1	1	NA	NA	NA	unphased	1.08554059921841	1.08554059921841	1
7	75395126	75395127	42	12	2	1	1	1	NA	NA	NA	unphased	0.964924977083032	0.964924977083032	1
7	77724258	77724259	52	13	2	1	1	1	NA	NA	NA	unphased	0.868432479374729	0.868432479374729	1
7	78162688	78162689	56	16	2	1	1	1	NA	NA	NA	unphased	0.964924977083032	0.964924977083032	1
7	78851378	78851379	53	20	2	1	1	1	NA	NA	NA	unphased	1.18963353339004	1.18963353339004	1
7	79330097	79330098	62	18	2	1	1	1	NA	NA	NA	unphased	0.97698653929657	0.97698653929657	1
7	79347214	79347215	50	5	2	1	1	1	NA	NA	NA	unphased	0.394742036079422	0.394742036079422	1
7	79347240	79347241	40	7	2	1	1	1	NA	NA	NA	unphased	0.646705037832245	0.646705037832245	1
7	79347241	79347242	40	6	2	1	1	1	NA	NA	NA	unphased	0.566369008287867	0.566369008287867	1
7	79375212	79375213	58	19	2	1	1	1	NA	NA	NA	unphased	1.07144266935843	1.07144266935843	1
7	81465779	81465780	59	20	2	1	1	1	NA	NA	NA	unphased	1.09928161946168	1.09928161946168	1
7	81766435	81766436	62	18	2	1	1	1	NA	NA	NA	unphased	0.97698653929657	0.97698653929657	1
7	82525213	82525214	64	15	2	1	1	1	NA	NA	NA	unphased	0.824461214596261	0.824461214596261	1
7	83361205	83361206	33	7	2	1	1	1	NA	NA	NA	unphased	0.759878419452887	0.759878419452887	1
7	84453548	84453549	57	10	2	1	1	1	NA	NA	NA	unphased	0.648083939831887	0.648083939831887	1
7	84800660	84800661	55	23	2	1	1	1	NA	NA	NA	unphased	1.28038121959095	1.28038121959095	1
7	84890218	84890219	55	10	2	1	1	1	NA	NA	NA	unphased	0.668024984134407	0.668024984134407	1
7	84975791	84975792	56	11	2	1	1	1	NA	NA	NA	unphased	0.712892333815076	0.712892333815076	1
7	87256523	87256524	47	21	2	1	1	1	NA	NA	NA	unphased	1.34096191668157	1.34096191668157	1
7	90163530	90163531	50	13	2	1	1	1	NA	NA	NA	unphased	0.896001764434244	0.896001764434244	1
7	92543547	92543548	44	18	2	1	1	1	NA	NA	NA	unphased	1.26062779264074	1.26062779264074	1
7	92854128	92854129	75	20	2	1	1	1	NA	NA	NA	unphased	0.914139451973399	0.914139451973399	1
7	94358103	94358104	52	15	2	1	1	1	NA	NA	NA	unphased	0.972125909747831	0.972125909747831	1
7	94481710	94481711	53	17	2	1	1	1	NA	NA	NA	unphased	1.05452515352646	1.05452515352646	1
7	96472478	96472479	55	14	2	1	1	1	NA	NA	NA	unphased	0.881018457336681	0.881018457336681	1
7	96870961	96870962	56	20	2	1	1	1	NA	NA	NA	unphased	1.14267431496675	1.14267431496675	1
7	97030074	97030075	52	11	2	1	1	1	NA	NA	NA	unphased	0.758155339136668	0.758155339136668	1
7	97662011	97662012	44	12	2	1	1	1	NA	NA	NA	unphased	0.930463370758638	0.930463370758638	1
7	98335691	98335692	49	23	2	1	1	1	NA	NA	NA	unphased	1.38707965455686	1.38707965455686	1
7	98871768	98871769	50	9	2	1	1	1	NA	NA	NA	unphased	0.662363755455301	0.662363755455301	1
7	99753423	99753424	39	17	2	1	1	1	NA	NA	NA	unphased	1.31815644190807	1.31815644190807	1
7	101922432	101922433	50	4	2	1	1	1	NA	NA	NA	unphased	0.321641659027677	0.321641659027677	1
7	103108695	103108696	43	16	1.11785023487152	1	0	0.882149765128483	2	0	0.117850234871517	unphased	0.938308510303772	0.938308510303772	1
7	103359656	103359657	57	14	2	1	1	1	NA	NA	NA	unphased	0.856201036003253	0.856201036003253	1
7	103359691	103359692	57	13	2	1	1	1	NA	NA	NA	unphased	0.806401587990819	0.806401587990819	1
7	103768464	103768465	49	23	2	1	1	1	NA	NA	NA	unphased	1.38707965455686	1.38707965455686	1
7	104465892	104465893	53	17	2	1	1	1	NA	NA	NA	unphased	1.05452515352646	1.05452515352646	1
7	107827358	107827359	77	5	2	1	1	1	NA	NA	NA	unphased	0.264765999809368	0.264765999809368	1
7	108592702	108592703	42	18	2	1	1	1	NA	NA	NA	unphased	1.30264871906209	1.30264871906209	1
7	108786709	108786710	54	16	2	1	1	1	NA	NA	NA	unphased	0.992494262142547	0.992494262142547	1
7	109161080	109161081	71	16	2	1	1	1	NA	NA	NA	unphased	0.798558601723888	0.798558601723888	1
7	109325029	109325030	63	23	2	1	1	1	NA	NA	NA	unphased	1.16127598986156	1.16127598986156	1
7	109420471	109420472	62	17	2	1	1	1	NA	NA	NA	unphased	0.93438937654243	0.93438937654243	1
7	109880526	109880527	56	22	2	1	1	1	NA	NA	NA	unphased	1.22471247091308	1.22471247091308	1
7	111267019	111267020	67	11	2	1	1	1	NA	NA	NA	unphased	0.612356235456539	0.612356235456539	1
7	112728471	112728472	63	6	2	1	1	1	NA	NA	NA	unphased	0.377579338858578	0.377579338858578	1
7	113441921	113441922	67	10	2	1	1	1	NA	NA	NA	unphased	0.563917194399174	0.563917194399174	1
7	113631398	113631399	47	15	2	1	1	1	NA	NA	NA	unphased	1.05052316053395	1.05052316053395	1
7	114554003	114554004	69	18	2	1	1	1	NA	NA	NA	unphased	0.898378426939374	0.898378426939374	1
7	115462464	115462465	65	15	2	1	1	1	NA	NA	NA	unphased	0.814155449413808	0.814155449413808	1
7	115715455	115715456	48	26	2	1	1	1	NA	NA	NA	unphased	1.52562462592858	1.52562462592858	1
7	115925266	115925267	66	16	2	1	1	1	NA	NA	NA	unphased	0.847251199389979	0.847251199389979	1
7	116175425	116175426	53	15	2	1	1	1	NA	NA	NA	unphased	0.957829940486833	0.957829940486833	1
7	116353387	116353388	33	7	2	1	1	1	NA	NA	NA	unphased	0.759878419452887	0.759878419452887	1
7	117735561	117735562	59	10	2	1	1	1	NA	NA	NA	unphased	0.629298898097629	0.629298898097629	1
7	118024085	118024086	48	20	2	1	1	1	NA	NA	NA	unphased	1.27710658731578	1.27710658731578	1
7	118314612	118314613	66	15	2	1	1	1	NA	NA	NA	unphased	0.804104147569193	0.804104147569193	1
7	118314696	118314697	69	17	2	1	1	1	NA	NA	NA	unphased	0.858334427288976	0.858334427288976	1
7	118437766	118437767	82	18	2	1	1	1	NA	NA	NA	unphased	0.781589231437256	0.781589231437256	1
7	119580520	119580521	56	14	2	1	1	1	NA	NA	NA	unphased	0.868432479374729	0.868432479374729	1
7	120643134	120643135	80	4	2	1	1	1	NA	NA	NA	unphased	0.206769637946364	0.206769637946364	1
7	123490394	123490395	55	14	2	1	1	1	NA	NA	NA	unphased	0.881018457336681	0.881018457336681	1
7	124867359	124867360	96	5	2	1	1	1	NA	NA	NA	unphased	0.214958534498695	0.214958534498695	1
7	124912543	124912544	44	20	2	1	1	1	NA	NA	NA	unphased	1.35692574902301	1.35692574902301	1
7	125222883	125222884	63	12	2	1	1	1	NA	NA	NA	unphased	0.694745983499783	0.694745983499783	1
7	125814198	125814199	53	17	2	1	1	1	NA	NA	NA	unphased	1.05452515352646	1.05452515352646	1
7	127482966	127482967	61	20	2	1	1	1	NA	NA	NA	unphased	1.07213886342559	1.07213886342559	1
7	127966298	127966299	24	7	1	1	0	1	NA	NA	NA	unphased	0.754681831552113	0.754681831552113	1
7	128390338	128390339	60	15	2	1	1	1	NA	NA	NA	unphased	0.868432479374729	0.868432479374729	1
7	131859827	131859828	56	15	2	1	1	1	NA	NA	NA	unphased	0.917358252860629	0.917358252860629	1
7	132678617	132678618	54	20	2	1	1	1	NA	NA	NA	unphased	1.17355740456044	1.17355740456044	1
7	132828188	132828189	45	16	2	1	1	1	NA	NA	NA	unphased	1.13892784180292	1.13892784180292	1
7	133841764	133841765	45	19	2	1	1	1	NA	NA	NA	unphased	1.28907946157186	1.28907946157186	1
7	134114252	134114253	61	18	2	1	1	1	NA	NA	NA	unphased	0.989353457515514	0.989353457515514	1
7	134521583	134521584	59	20	2	1	1	1	NA	NA	NA	unphased	1.09928161946168	1.09928161946168	1
7	136074054	136074055	59	18	2	1	1	1	NA	NA	NA	unphased	1.01505094991851	1.01505094991851	1
7	136771937	136771938	52	17	2	1	1	1	NA	NA	NA	unphased	1.06980812676597	1.06980812676597	1
7	137209135	137209136	53	18	2	1	1	1	NA	NA	NA	unphased	1.10082990343275	1.10082990343275	1
7	137864063	137864064	61	19	2	1	1	1	NA	NA	NA	unphased	1.03126356925749	1.03126356925749	1
7	138093204	138093205	62	12	2	1	1	1	NA	NA	NA	unphased	0.704134442736266	0.704134442736266	1
7	138261220	138261221	66	22	2	1	1	1	NA	NA	NA	unphased	1.08554059921841	1.08554059921841	1
7	138388117	138388118	55	10	2	1	1	1	NA	NA	NA	unphased	0.668024984134407	0.668024984134407	1
7	139140444	139140445	59	14	2	1	1	1	NA	NA	NA	unphased	0.832743473373027	0.832743473373027	1
7	139223924	139223925	59	23	2	1	1	1	NA	NA	NA	unphased	1.2179235991231	1.2179235991231	1
7	139319429	139319430	33	16	2	1	1	1	NA	NA	NA	unphased	1.41784894591792	1.41784894591792	1
7	143763550	143763551	68	5	2	1	1	1	NA	NA	NA	unphased	0.29740838334751	0.29740838334751	1
7	144366613	144366614	41	14	2	1	1	1	NA	NA	NA	unphased	1.10527770102238	1.10527770102238	1
7	145070796	145070797	56	16	2	1	1	1	NA	NA	NA	unphased	0.964924977083032	0.964924977083032	1
7	145854496	145854497	40	13	2	1	1	1	NA	NA	NA	unphased	1.06505870111995	1.06505870111995	1
7	146371555	146371556	57	3	2	1	1	1	NA	NA	NA	unphased	0.217108119843682	0.217108119843682	1
7	146394747	146394748	56	14	2	1	1	1	NA	NA	NA	unphased	0.868432479374729	0.868432479374729	1
7	147061986	147061987	62	15	2	1	1	1	NA	NA	NA	unphased	0.845875791598762	0.845875791598762	1
7	147397641	147397642	47	25	2	1	1	1	NA	NA	NA	unphased	1.50769527669224	1.50769527669224	1
7	148121732	148121733	45	11	2	1	1	1	NA	NA	NA	unphased	0.852924756528751	0.852924756528751	1
7	150455764	150455765	42	22	2	1	1	1	NA	NA	NA	unphased	1.49261832392531	1.49261832392531	1
7	151957022	151957023	65	18	2	1	1	1	NA	NA	NA	unphased	0.941673772815971	0.941673772815971	1
7	152066074	152066075	69	22	2	1	1	1	NA	NA	NA	unphased	1.04975354649692	1.04975354649692	1
7	152588158	152588159	51	18	2	1	1	1	NA	NA	NA	unphased	1.13273801657573	1.13273801657573	1
7	153221067	153221068	53	17	2	1	1	1	NA	NA	NA	unphased	1.05452515352646	1.05452515352646	1
7	153232695	153232696	45	12	2	1	1	1	NA	NA	NA	unphased	0.914139451973399	0.914139451973399	1
7	153337466	153337467	52	14	2	1	1	1	NA	NA	NA	unphased	0.921064750851985	0.921064750851985	1
7	153430812	153430813	63	14	2	1	1	1	NA	NA	NA	unphased	0.789484072158844	0.789484072158844	1
7	153488046	153488047	56	19	2	1	1	1	NA	NA	NA	unphased	1.10001447387466	1.10001447387466	1
7	153902640	153902641	47	17	2	1	1	1	NA	NA	NA	unphased	1.15338688666956	1.15338688666956	1
7	154153453	154153454	61	16	2	1	1	1	NA	NA	NA	unphased	0.902267511038679	0.902267511038679	1
7	154716585	154716586	52	20	2	1	1	1	NA	NA	NA	unphased	1.20615622135379	1.20615622135379	1
7	154988184	154988185	62	22	2	1	1	1	NA	NA	NA	unphased	1.137233008705	1.137233008705	1
7	155072173	155072174	63	15	2	1	1	1	NA	NA	NA	unphased	0.835031230168008	0.835031230168008	1
7	156668309	156668310	44	20	2	1	1	1	NA	NA	NA	unphased	1.35692574902301	1.35692574902301	1
7	158854598	158854599	42	17	2	1	1	1	NA	NA	NA	unphased	1.25113153808224	1.25113153808224	1
7	158996621	158996622	61	8	2	1	1	1	NA	NA	NA	unphased	0.503439118478104	0.503439118478104	1
8	737298	737299	33	18	1	1	0	1	NA	NA	NA	unphased	1.17958672830834	1.17958672830834	1
8	1725271	1725272	39	20	1	1	0	1	NA	NA	NA	unphased	1.13293640571988	1.13293640571988	1
8	3933241	3933242	39	8	1	1	0	1	NA	NA	NA	unphased	0.568878705850833	0.568878705850833	1
8	4649629	4649630	38	13	1	1	0	1	NA	NA	NA	unphased	0.851923748222693	0.851923748222693	1
8	4911201	4911202	29	13	1	1	0	1	NA	NA	NA	unphased	1.03447883712756	1.03447883712756	1
8	5140504	5140505	37	15	1	1	0	1	NA	NA	NA	unphased	0.964085306790474	0.964085306790474	1
8	5745983	5745984	29	10	1	1	0	1	NA	NA	NA	unphased	0.856964717147088	0.856964717147088	1
8	6066448	6066449	36	21	1	1	0	1	NA	NA	NA	unphased	1.23132298832187	1.23132298832187	1
8	6887451	6887452	31	18	1	1	0	1	NA	NA	NA	unphased	1.22773312538215	1.22773312538215	1
8	13753046	13753047	34	18	1	1	0	1	NA	NA	NA	unphased	1.15690236814857	1.15690236814857	1
8	14749254	14749255	35	20	1	1	0	1	NA	NA	NA	unphased	1.21533178068132	1.21533178068132	1
8	15015447	15015448	41	19	1	1	0	1	NA	NA	NA	unphased	1.05835142567665	1.05835142567665	1
8	15108683	15108684	44	24	1	1	0	1	NA	NA	NA	unphased	1.17958672830834	1.17958672830834	1
8	15439672	15439673	16	7	1	1	0	1	NA	NA	NA	unphased	1.01717985991807	1.01717985991807	1
8	17582451	17582452	43	17	1	1	0	1	NA	NA	NA	unphased	0.946946012447532	0.946946012447532	1
8	22648702	22648703	22	13	1	1	0	1	NA	NA	NA	unphased	1.24137460455307	1.24137460455307	1
8	24108126	24108127	36	16	1	1	0	1	NA	NA	NA	unphased	1.02835766057651	1.02835766057651	1
8	24566289	24566290	47	26	1	1	0	1	NA	NA	NA	unphased	1.19035920984541	1.19035920984541	1
8	24924155	24924156	39	20	1	1	0	1	NA	NA	NA	unphased	1.13293640571988	1.13293640571988	1
8	25765772	25765773	41	14	1	1	0	1	NA	NA	NA	unphased	0.850732246476927	0.850732246476927	1
8	31633627	31633628	23	9	1	1	0	1	NA	NA	NA	unphased	0.939983174120712	0.939983174120712	1
8	32205348	32205349	35	26	1	1	0	1	NA	NA	NA	unphased	1.42452823473303	1.42452823473303	1
8	32460235	32460236	40	16	1	1	0	1	NA	NA	NA	unphased	0.954903541963898	0.954903541963898	1
8	32501056	32501057	39	15	1	1	0	1	NA	NA	NA	unphased	0.928378443576012	0.928378443576012	1
8	32882190	32882191	36	23	1	1	0	1	NA	NA	NA	unphased	1.30287686657786	1.30287686657786	1
8	34178320	34178321	36	12	1	1	0	1	NA	NA	NA	unphased	0.835540599218411	0.835540599218411	1
8	34268524	34268525	42	11	1	1	0	1	NA	NA	NA	unphased	0.693656346520945	0.693656346520945	1
8	34574749	34574750	40	16	1	1	0	1	NA	NA	NA	unphased	0.954903541963898	0.954903541963898	1
8	35497330	35497331	36	18	1	1	0	1	NA	NA	NA	unphased	1.11405413229121	1.11405413229121	1
8	36240426	36240427	36	16	1	1	0	1	NA	NA	NA	unphased	1.02835766057651	1.02835766057651	1
8	36353219	36353220	39	9	1	1	0	1	NA	NA	NA	unphased	0.626655449413808	0.626655449413808	1
8	40690741	40690742	35	16	1	1	0	1	NA	NA	NA	unphased	1.04852153627408	1.04852153627408	1
8	47041728	47041729	59	8	3	2	1	1	NA	NA	NA	unphased	0.637870136940137	0.637870136940137	1
8	47138994	47138995	58	11	3	2	1	1	NA	NA	NA	unphased	0.851649077762465	0.851649077762465	1
8	47378733	47378734	56	23	3	2	1	1	NA	NA	NA	unphased	1.55531310288726	0.777656551443632	2
8	47488268	47488269	74	18	3	2	1	1	NA	NA	NA	unphased	1.04520568634484	1.04520568634484	1
8	47503521	47503522	57	7	3	2	1	1	NA	NA	NA	unphased	0.584299012158055	0.584299012158055	1
8	49110228	49110229	64	19	3	2	1	1	NA	NA	NA	unphased	1.22290464506746	1.22290464506746	1
8	49574442	49574443	67	20	3	2	1	1	NA	NA	NA	unphased	1.22808330962612	1.22808330962612	1
8	49608198	49608199	79	13	3	2	1	1	NA	NA	NA	unphased	0.754870773471276	0.754870773471276	1
8	51210057	51210058	77	12	3	2	1	1	NA	NA	NA	unphased	0.720291559129031	0.720291559129031	1
8	51349658	51349659	71	13	3	2	1	1	NA	NA	NA	unphased	0.826763228087588	0.826763228087588	1
8	51661273	51661274	77	8	3	2	1	1	NA	NA	NA	unphased	0.502791754999872	0.502791754999872	1
8	51984132	51984133	60	35	3	2	1	1	NA	NA	NA	unphased	1.96816509358503	0.984082546792513	2
8	52168408	52168409	79	14	3	2	1	1	NA	NA	NA	unphased	0.804196489851946	0.804196489851946	1
8	52224266	52224267	64	14	3	2	1	1	NA	NA	NA	unphased	0.958849660977321	0.958849660977321	1
8	52319491	52319492	66	13	3	2	1	1	NA	NA	NA	unphased	0.87909001467541	0.87909001467541	1
8	52332395	52332396	79	16	3	2	1	1	NA	NA	NA	unphased	0.899732614210298	0.899732614210298	1
8	53846331	53846332	77	15	3	2	1	1	NA	NA	NA	unphased	0.871004738620703	0.871004738620703	1
8	55548067	55548068	76	25	3	2	1	1	NA	NA	NA	unphased	1.32231742496872	1.32231742496872	1
8	55745039	55745040	72	37	3	2	1	1	NA	NA	NA	unphased	1.81339457508555	0.906697287542774	2
8	56043590	56043591	61	8	3	2	1	1	NA	NA	NA	unphased	0.619381147463611	0.619381147463611	1
8	56507000	56507001	62	22	3	2	1	1	NA	NA	NA	unphased	1.39913777060976	1.39913777060976	1
8	60104572	60104573	53	14	3	2	1	1	NA	NA	NA	unphased	1.11627273964524	1.11627273964524	1
8	60123750	60123751	90	22	3	2	1	1	NA	NA	NA	unphased	1.04935332795732	1.04935332795732	1
8	60221540	60221541	59	27	3	2	1	1	NA	NA	NA	unphased	1.6771905199487	0.838595259974351	2
8	60433477	60433478	82	20	3	2	1	1	NA	NA	NA	unphased	1.0474828229164	1.0474828229164	1
8	60558835	60558836	48	25	3	2	1	1	NA	NA	NA	unphased	1.82950767016221	0.914753835081103	2
8	60590664	60590665	81	14	3	2	1	1	NA	NA	NA	unphased	0.787266037434011	0.787266037434011	1
8	61059242	61059243	49	39	3	2	1	1	NA	NA	NA	unphased	2.367549244069	1.1837746220345	2
8	61083299	61083300	76	16	3	2	1	1	NA	NA	NA	unphased	0.929071721195416	0.929071721195416	1
8	61628169	61628170	53	20	3	2	1	1	NA	NA	NA	unphased	1.46360613612977	0.731803068064883	2
8	63277877	63277878	62	14	3	2	1	1	NA	NA	NA	unphased	0.984082546792513	0.984082546792513	1
8	63429217	63429218	71	9	3	2	1	1	NA	NA	NA	unphased	0.600993269648285	0.600993269648285	1
8	63667248	63667249	67	27	3	2	1	1	NA	NA	NA	unphased	1.53445090122966	0.767225450614832	2
8	64062877	64062878	27	27	3	2	1	1	NA	NA	NA	unphased	2.67108119843682	1.33554059921841	2
8	64272829	64272830	45	34	3	2	1	1	NA	NA	NA	unphased	2.2991584999203	1.14957924996015	2
8	64778857	64778858	64	17	3	2	1	1	NA	NA	NA	unphased	1.12119457712163	1.12119457712163	1
8	65148090	65148091	66	13	3	2	1	1	NA	NA	NA	unphased	0.87909001467541	0.87909001467541	1
8	65728532	65728533	49	29	3	2	1	1	NA	NA	NA	unphased	1.98618858345302	0.993094291726511	2
8	66295926	66295927	66	30	3	2	1	1	NA	NA	NA	unphased	1.66942574902301	0.834712874511507	2
8	66537207	66537208	67	13	3	2	1	1	NA	NA	NA	unphased	0.868101389491967	0.868101389491967	1
8	68361240	68361241	84	13	3	2	1	1	NA	NA	NA	unphased	0.715959908859354	0.715959908859354	1
8	68561955	68561956	80	13	3	2	1	1	NA	NA	NA	unphased	0.74675388343395	0.74675388343395	1
8	68743553	68743554	8	3	3	2	1	1	NA	NA	NA	unphased	1.45695338096554	1.45695338096554	1
8	69079513	69079514	79	10	3	2	1	1	NA	NA	NA	unphased	0.600242965940859	0.600242965940859	1
8	69755005	69755006	72	13	3	2	1	1	NA	NA	NA	unphased	0.817036601874793	0.817036601874793	1
8	72247282	72247283	54	28	3	2	1	1	NA	NA	NA	unphased	1.82415301356661	0.912076506783305	2
8	72333535	72333536	82	14	3	2	1	1	NA	NA	NA	unphased	0.779065349544073	0.779065349544073	1
8	72727237	72727238	79	21	3	2	1	1	NA	NA	NA	unphased	1.12185410334347	1.12185410334347	1
8	72995687	72995688	70	19	3	2	1	1	NA	NA	NA	unphased	1.14046163528763	1.14046163528763	1
8	73869103	73869104	52	13	3	2	1	1	NA	NA	NA	unphased	1.06843247937473	1.06843247937473	1
8	74080969	74080970	54	33	3	2	1	1	NA	NA	NA	unphased	2.02633746088311	1.01316873044155	2
8	74722466	74722467	75	32	3	2	1	1	NA	NA	NA	unphased	1.59765604392483	0.798828021962414	2
8	75113696	75113697	62	18	3	2	1	1	NA	NA	NA	unphased	1.20198653929657	1.20198653929657	1
8	75951619	75951620	76	48	3	2	1	1	NA	NA	NA	unphased	2.06793383104786	1.03396691552393	2
8	76941989	76941990	60	39	3	2	1	1	NA	NA	NA	unphased	2.10448821695022	1.05224410847511	2
8	77116718	77116719	44	6	3	2	1	1	NA	NA	NA	unphased	0.641059487624837	0.641059487624837	1
8	77156612	77156613	67	11	3	2	1	1	NA	NA	NA	unphased	0.75338187648218	0.75338187648218	1
8	77464245	77464246	63	18	3	2	1	1	NA	NA	NA	unphased	1.18714719930525	1.18714719930525	1
8	77466787	77466788	39	2	3	2	1	1	NA	NA	NA	unphased	0.260593287652373	0.260593287652373	1
8	77692448	77692449	82	19	3	2	1	1	NA	NA	NA	unphased	1.00496124297623	1.00496124297623	1
8	77720923	77720924	73	17	3	2	1	1	NA	NA	NA	unphased	1.00907511940947	1.00907511940947	1
8	77999860	77999861	67	30	3	2	1	1	NA	NA	NA	unphased	1.65221517429082	0.826107587145409	2
8	78150087	78150088	50	13	3	2	1	1	NA	NA	NA	unphased	1.10235097078345	1.10235097078345	1
8	78491502	78491503	59	36	3	2	1	1	NA	NA	NA	unphased	2.02439838197317	1.01219919098659	2
8	78505568	78505569	70	14	3	2	1	1	NA	NA	NA	unphased	0.890360399478941	0.890360399478941	1
8	78580007	78580008	58	30	3	2	1	1	NA	NA	NA	unphased	1.82119172620692	0.910595863103462	2
8	78675170	78675171	88	32	3	2	1	1	NA	NA	NA	unphased	1.4245766391663	0.712288319583152	2
8	78692871	78692872	51	15	3	2	1	1	NA	NA	NA	unphased	1.21412781747128	1.21412781747128	1
8	78923418	78923419	67	15	3	2	1	1	NA	NA	NA	unphased	0.977224828696398	0.977224828696398	1
8	79029749	79029750	71	20	3	2	1	1	NA	NA	NA	unphased	1.17410162568652	1.17410162568652	1
8	79069822	79069823	56	9	3	2	1	1	NA	NA	NA	unphased	0.739684024182505	0.739684024182505	1
8	79181027	79181028	72	36	3	2	1	1	NA	NA	NA	unphased	1.78072079895788	0.890360399478941	2
8	80199949	80199950	61	26	3	2	1	1	NA	NA	NA	unphased	1.59650830251396	0.798254151256981	2
8	80297942	80297943	96	28	3	2	1	1	NA	NA	NA	unphased	1.20629473477792	1.20629473477792	1
8	81310681	81310682	53	35	3	2	1	1	NA	NA	NA	unphased	2.12472368057474	1.06236184028737	2
8	81847395	81847396	46	37	3	2	1	1	NA	NA	NA	unphased	2.38144588776295	1.19072294388147	2
8	82308323	82308324	80	12	3	2	1	1	NA	NA	NA	unphased	0.696803790896562	0.696803790896562	1
8	82766161	82766162	64	17	3	2	1	1	NA	NA	NA	unphased	1.12119457712163	1.12119457712163	1
8	83059638	83059639	68	14	3	2	1	1	NA	NA	NA	unphased	0.912076506783305	0.912076506783305	1
8	83103586	83103587	86	13	3	2	1	1	NA	NA	NA	unphased	0.701496072316741	0.701496072316741	1
8	83104223	83104224	51	20	3	2	1	1	NA	NA	NA	unphased	1.50483447799258	0.752417238996288	2
8	83723029	83723030	61	29	3	2	1	1	NA	NA	NA	unphased	1.72136343899262	0.860681719496309	2
8	83799983	83799984	87	24	3	2	1	1	NA	NA	NA	unphased	1.15506213986457	1.15506213986457	1
8	83864123	83864124	106	24	3	2	1	1	NA	NA	NA	unphased	0.986245365576673	0.986245365576673	1
8	83943391	83943392	58	35	3	2	1	1	NA	NA	NA	unphased	2.01049122462987	1.00524561231493	2
8	84046837	84046838	55	18	3	2	1	1	NA	NA	NA	unphased	1.31724552251679	1.31724552251679	1
8	84106985	84106986	84	21	3	2	1	1	NA	NA	NA	unphased	1.06843247937473	1.06843247937473	1
8	84211609	84211610	76	27	3	2	1	1	NA	NA	NA	unphased	1.40037266714163	0.700186333570817	2
8	85085625	85085626	72	16	3	2	1	1	NA	NA	NA	unphased	0.971302253977026	0.971302253977026	1
8	85690227	85690228	76	2	3	2	1	1	NA	NA	NA	unphased	0.13697852299676	0.13697852299676	1
8	87844850	87844851	69	6	3	2	1	1	NA	NA	NA	unphased	0.427372991749892	0.427372991749892	1
8	88157454	88157455	73	11	3	2	1	1	NA	NA	NA	unphased	0.699568885304882	0.699568885304882	1
8	88905510	88905511	64	21	3	2	1	1	NA	NA	NA	unphased	1.31982835687466	1.31982835687466	1
8	89060464	89060465	64	38	3	2	1	1	NA	NA	NA	unphased	1.99021736354116	0.995108681770581	2
8	89347343	89347344	45	9	3	2	1	1	NA	NA	NA	unphased	0.890360399478941	0.890360399478941	1
8	89628719	89628720	61	23	3	2	1	1	NA	NA	NA	unphased	1.46273494200112	0.731367471000558	2
8	89812758	89812759	52	26	3	2	1	1	NA	NA	NA	unphased	1.78072079895788	0.890360399478941	2
8	90077551	90077552	68	16	3	2	1	1	NA	NA	NA	unphased	1.01755474226165	1.01755474226165	1
8	90132891	90132892	60	29	3	2	1	1	NA	NA	NA	unphased	1.74070460122849	0.870352300614245	2
8	90249286	90249287	66	39	3	2	1	1	NA	NA	NA	unphased	1.98423174741021	0.992115873705105	2
8	91262041	91262042	69	16	3	2	1	1	NA	NA	NA	unphased	1.00558350999974	1.00558350999974	1
8	91675541	91675542	86	5	3	2	1	1	NA	NA	NA	unphased	0.293525406421629	0.293525406421629	1
8	91933464	91933465	74	16	3	2	1	1	NA	NA	NA	unphased	0.949717759444203	0.949717759444203	1
8	92197328	92197329	73	20	3	2	1	1	NA	NA	NA	unphased	1.14885212835992	1.14885212835992	1
8	92251675	92251676	56	25	3	2	1	1	NA	NA	NA	unphased	1.64881555459063	0.824407777295315	2
8	92455663	92455664	53	33	3	2	1	1	NA	NA	NA	unphased	2.04989952438175	1.02494976219087	2
8	93334678	93334679	58	21	3	2	1	1	NA	NA	NA	unphased	1.42006848524489	0.710034242622446	2
8	93436916	93436917	55	30	3	2	1	1	NA	NA	NA	unphased	1.88546908124952	0.942734540624761	2
8	93630488	93630489	89	13	3	2	1	1	NA	NA	NA	unphased	0.68086383489566	0.68086383489566	1
8	93697810	93697811	49	35	3	2	1	1	NA	NA	NA	unphased	2.22590099869735	1.11295049934868	2
8	94361373	94361374	67	9	3	2	1	1	NA	NA	NA	unphased	0.632624494366616	0.632624494366616	1
8	95159085	95159086	66	18	3	2	1	1	NA	NA	NA	unphased	1.14474908504435	1.14474908504435	1
8	95816466	95816467	71	13	3	2	1	1	NA	NA	NA	unphased	0.826763228087588	0.826763228087588	1
8	97818707	97818708	64	13	3	2	1	1	NA	NA	NA	unphased	0.901923521550096	0.901923521550096	1
8	98143984	98143985	73	21	3	2	1	1	NA	NA	NA	unphased	1.19346181206752	1.19346181206752	1
8	98836659	98836660	75	23	3	2	1	1	NA	NA	NA	unphased	1.25377280742953	1.25377280742953	1
8	99903613	99903614	66	35	3	2	1	1	NA	NA	NA	unphased	1.85124439495621	0.925622197478107	2
8	100351462	100351463	85	14	3	2	1	1	NA	NA	NA	unphased	0.755457308648798	0.755457308648798	1
8	101354987	101354988	75	5	3	2	1	1	NA	NA	NA	unphased	0.333885149804603	0.333885149804603	1
8	104827754	104827755	56	28	3	2	1	1	NA	NA	NA	unphased	1.78072079895788	0.890360399478941	2
8	105308097	105308098	75	23	3	2	1	1	NA	NA	NA	unphased	1.25377280742953	1.25377280742953	1
8	106374119	106374120	90	20	3	2	1	1	NA	NA	NA	unphased	0.971302253977026	0.971302253977026	1
8	107083348	107083349	81	23	3	2	1	1	NA	NA	NA	unphased	1.18143976084706	1.18143976084706	1
8	108064702	108064703	52	50	3	2	1	1	NA	NA	NA	unphased	2.618707057291	1.3093535286455	2
8	108139388	108139389	60	15	3	2	1	1	NA	NA	NA	unphased	1.06843247937473	1.06843247937473	1
8	108170070	108170071	43	21	3	2	1	1	NA	NA	NA	unphased	1.75289703647416	0.876448518237082	2
8	108835910	108835911	60	35	3	2	1	1	NA	NA	NA	unphased	1.96816509358503	0.984082546792513	2
8	108891300	108891301	35	24	3	2	1	1	NA	NA	NA	unphased	2.17308300889775	1.08654150444888	2
8	109034928	109034929	64	7	3	2	1	1	NA	NA	NA	unphased	0.526692067297401	0.526692067297401	1
8	109409631	109409632	49	23	3	2	1	1	NA	NA	NA	unphased	1.7065240990013	0.853262049500651	2
8	109471645	109471646	64	17	3	2	1	1	NA	NA	NA	unphased	1.12119457712163	1.12119457712163	1
8	109597403	109597404	71	13	3	2	1	1	NA	NA	NA	unphased	0.826763228087588	0.826763228087588	1
8	110123952	110123953	76	24	3	2	1	1	NA	NA	NA	unphased	1.28211897524967	1.28211897524967	1
8	110327331	110327332	71	17	3	2	1	1	NA	NA	NA	unphased	1.03200864485059	1.03200864485059	1
8	111113298	111113299	74	19	3	2	1	1	NA	NA	NA	unphased	1.09140952194193	1.09140952194193	1
8	111325168	111325169	67	35	3	2	1	1	NA	NA	NA	unphased	1.8330949401037	0.916547470051851	2
8	111652022	111652023	79	14	3	2	1	1	NA	NA	NA	unphased	0.804196489851946	0.804196489851946	1
8	112144603	112144604	61	17	3	2	1	1	NA	NA	NA	unphased	1.16431744547246	1.16431744547246	1
8	112533875	112533876	63	33	3	2	1	1	NA	NA	NA	unphased	1.83636832392532	0.918184161962658	2
8	112542372	112542373	51	33	3	2	1	1	NA	NA	NA	unphased	2.09870665591465	1.04935332795732	2
8	113053933	113053934	64	30	3	2	1	1	NA	NA	NA	unphased	1.70494544581074	0.852472722905369	2
8	113194022	113194023	58	29	3	2	1	1	NA	NA	NA	unphased	1.78072079895788	0.890360399478941	2
8	113417541	113417542	36	14	3	2	1	1	NA	NA	NA	unphased	1.49580547112462	1.49580547112462	1
8	113533526	113533527	75	15	3	2	1	1	NA	NA	NA	unphased	0.890360399478941	0.890360399478941	1
8	113701420	113701421	74	14	3	2	1	1	NA	NA	NA	unphased	0.849889472229898	0.849889472229898	1
8	113734532	113734533	77	18	3	2	1	1	NA	NA	NA	unphased	1.01219919098659	1.01219919098659	1
8	113999384	113999385	62	8	3	2	1	1	NA	NA	NA	unphased	0.610532845356988	0.610532845356988	1
8	115119579	115119580	39	37	3	2	1	1	NA	NA	NA	unphased	2.60078958795164	1.30039479397582	2
8	115123625	115123626	62	24	3	2	1	1	NA	NA	NA	unphased	1.49083601773218	0.74541800886609	2
8	115154004	115154005	43	23	3	2	1	1	NA	NA	NA	unphased	1.86166265345597	0.930831326727984	2
8	115279966	115279967	82	18	3	2	1	1	NA	NA	NA	unphased	0.961589231437256	0.961589231437256	1
8	115676122	115676123	76	20	3	2	1	1	NA	NA	NA	unphased	1.11295049934868	1.11295049934868	1
8	115717829	115717830	83	11	3	2	1	1	NA	NA	NA	unphased	0.625146663463937	0.625146663463937	1
8	115811535	115811536	68	18	3	2	1	1	NA	NA	NA	unphased	1.11812701329913	1.11812701329913	1
8	115908592	115908593	51	12	3	2	1	1	NA	NA	NA	unphased	1.01755474226165	1.01755474226165	1
8	116052351	116052352	63	13	3	2	1	1	NA	NA	NA	unphased	0.913790936307334	0.913790936307334	1
8	116515213	116515214	50	11	3	2	1	1	NA	NA	NA	unphased	0.963340760091969	0.963340760091969	1
8	117050363	117050364	58	37	3	2	1	1	NA	NA	NA	unphased	2.08063167036131	1.04031583518066	2
8	117272193	117272194	47	35	3	2	1	1	NA	NA	NA	unphased	2.28019126695826	1.14009563347913	2
8	118119672	118119673	51	49	3	2	1	1	NA	NA	NA	unphased	2.61765957446809	1.30882978723404	2
8	118497306	118497307	77	15	3	2	1	1	NA	NA	NA	unphased	0.871004738620703	0.871004738620703	1
8	118862644	118862645	52	36	3	2	1	1	NA	NA	NA	unphased	2.18543007144831	1.09271503572415	2
8	119025455	119025456	42	31	3	2	1	1	NA	NA	NA	unphased	2.26858951100114	1.13429475550057	2
8	120597088	120597089	82	14	3	2	1	1	NA	NA	NA	unphased	0.779065349544073	0.779065349544073	1
8	121514656	121514657	48	42	3	2	1	1	NA	NA	NA	unphased	2.49300911854103	1.24650455927052	2
8	122484365	122484366	69	15	3	2	1	1	NA	NA	NA	unphased	0.953957570870294	0.953957570870294	1
8	123137830	123137831	55	35	3	2	1	1	NA	NA	NA	unphased	2.07750759878419	1.0387537993921	2
8	123512661	123512662	44	34	3	2	1	1	NA	NA	NA	unphased	2.32863489094492	1.16431744547246	2
8	123601062	123601063	79	12	3	2	1	1	NA	NA	NA	unphased	0.704460975411909	0.704460975411909	1
8	124197917	124197918	52	31	3	2	1	1	NA	NA	NA	unphased	1.99526547353112	0.99763273676556	2
8	126794860	126794861	63	49	3	2	1	1	NA	NA	NA	unphased	2.33719604863222	1.16859802431611	2
8	127660783	127660784	56	10	3	2	1	1	NA	NA	NA	unphased	0.809418544980855	0.809418544980855	1
8	129703144	129703145	57	41	3	2	1	1	NA	NA	NA	unphased	2.23498630889612	1.11749315444806	2
8	130011670	130011671	73	21	3	2	1	1	NA	NA	NA	unphased	1.19346181206752	1.19346181206752	1
8	130402423	130402424	76	19	3	2	1	1	NA	NA	NA	unphased	1.06843247937473	1.06843247937473	1
8	130487360	130487361	58	46	3	2	1	1	NA	NA	NA	unphased	2.36287952169411	1.18143976084706	2
8	131617021	131617022	70	28	3	2	1	1	NA	NA	NA	unphased	1.52633211339247	0.763166056696235	2
8	132021531	132021532	57	31	3	2	1	1	NA	NA	NA	unphased	1.88189811708049	0.940949058540244	2
8	132083168	132083169	94	19	3	2	1	1	NA	NA	NA	unphased	0.898239695049551	0.898239695049551	1
8	133121377	133121378	63	33	3	2	1	1	NA	NA	NA	unphased	1.83636832392532	0.918184161962658	2
8	134310213	134310214	45	28	3	2	1	1	NA	NA	NA	unphased	2.04904859058167	1.02452429529084	2
8	135224499	135224500	48	43	3	2	1	1	NA	NA	NA	unphased	2.52431849522601	1.262159247613	2
8	136762778	136762779	67	5	3	2	1	1	NA	NA	NA	unphased	0.370983499782892	0.370983499782892	1
8	136765275	136765276	67	12	3	2	1	1	NA	NA	NA	unphased	0.811467705854224	0.811467705854224	1
8	137038662	137038663	73	15	3	2	1	1	NA	NA	NA	unphased	0.910595863103462	0.910595863103462	1
8	137148698	137148699	72	19	3	2	1	1	NA	NA	NA	unphased	1.11539654440219	1.11539654440219	1
8	137278841	137278842	81	7	3	2	1	1	NA	NA	NA	unphased	0.424944736114949	0.424944736114949	1
8	137414726	137414727	95	13	3	2	1	1	NA	NA	NA	unphased	0.643038066290346	0.643038066290346	1
8	137765060	137765061	68	17	3	2	1	1	NA	NA	NA	unphased	1.06843247937473	1.06843247937473	1
8	137916037	137916038	90	22	3	2	1	1	NA	NA	NA	unphased	1.04935332795732	1.04935332795732	1
8	138141037	138141038	118	14	3	2	1	1	NA	NA	NA	unphased	0.566592981486599	0.566592981486599	1
8	138177759	138177760	82	21	3	2	1	1	NA	NA	NA	unphased	1.08917874111016	1.08917874111016	1
8	138389304	138389305	83	6	3	2	1	1	NA	NA	NA	unphased	0.360145779564515	0.360145779564515	1
8	138766553	138766554	39	1	3	2	1	1	NA	NA	NA	unphased	0.133554059921841	0.133554059921841	1
8	139632359	139632360	62	17	3	2	1	1	NA	NA	NA	unphased	1.14957924996015	1.14957924996015	1
8	140003690	140003691	46	35	3	2	1	1	NA	NA	NA	unphased	2.30834177642688	1.15417088821344	2
8	140159703	140159704	39	30	3	2	1	1	NA	NA	NA	unphased	2.32267930298854	1.16133965149427	2
8	140754496	140754497	36	12	2	1	1	1	NA	NA	NA	unphased	1.08554059921841	1.08554059921841	1
8	140931173	140931174	52	15	2	1	1	1	NA	NA	NA	unphased	0.972125909747831	0.972125909747831	1
8	141108671	141108672	50	10	2	1	1	1	NA	NA	NA	unphased	0.723693732812274	0.723693732812274	1
8	141142658	141142659	43	10	2	1	1	1	NA	NA	NA	unphased	0.819275923938423	0.819275923938423	1
8	141742839	141742840	54	19	2	1	1	1	NA	NA	NA	unphased	1.13015185672054	1.13015185672054	1
8	142074109	142074110	44	10	2	1	1	1	NA	NA	NA	unphased	0.804104147569193	0.804104147569193	1
8	142455332	142455333	52	15	2	1	1	1	NA	NA	NA	unphased	0.972125909747831	0.972125909747831	1
8	142654065	142654066	42	11	2	1	1	1	NA	NA	NA	unphased	0.901203516332266	0.901203516332266	1
8	143002044	143002045	23	8	2	1	1	1	NA	NA	NA	unphased	1.12055803790288	1.12055803790288	1
8	143110564	143110565	49	25	2	1	1	1	NA	NA	NA	unphased	1.46694675570056	1.46694675570056	1
8	143377207	143377208	28	6	2	1	1	1	NA	NA	NA	unphased	0.766263952389466	0.766263952389466	1
8	145971990	145971991	57	23	2	1	1	1	NA	NA	NA	unphased	1.24837168910117	1.24837168910117	1
8	146228533	146228534	48	12	2	1	1	1	NA	NA	NA	unphased	0.868432479374729	0.868432479374729	1
9	1087644	1087645	35	14	1	1	0	1	NA	NA	NA	unphased	0.954903541963898	0.954903541963898	1
9	1762934	1762935	40	16	1	1	0	1	NA	NA	NA	unphased	0.954903541963898	0.954903541963898	1
9	3708087	3708088	40	17	1	1	0	1	NA	NA	NA	unphased	0.99678527626056	0.99678527626056	1
9	6828793	6828794	24	18	1	1	0	1	NA	NA	NA	unphased	1.43235531294585	1.43235531294585	1
9	7666647	7666648	42	24	1	1	0	1	NA	NA	NA	unphased	1.21533178068132	1.21533178068132	1
9	9557690	9557691	34	14	1	1	0	1	NA	NA	NA	unphased	0.974797365754813	0.974797365754813	1
9	10501409	10501410	39	20	1	1	0	1	NA	NA	NA	unphased	1.13293640571988	1.13293640571988	1
9	14952290	14952291	39	21	1	1	0	1	NA	NA	NA	unphased	1.16975683890578	1.16975683890578	1
9	15577815	15577816	38	15	1	1	0	1	NA	NA	NA	unphased	0.945895017983106	0.945895017983106	1
9	16411333	16411334	41	4	1	1	0	1	NA	NA	NA	unphased	0.297081101944324	0.297081101944324	1
9	18786649	18786650	47	15	NA	NA	NA	NA	NA	NA	NA	unphased	NA	NA	1
9	18786788	18786789	44	2	2	1	1	1	NA	NA	NA	unphased	0.188789669429289	0.188789669429289	1
9	18786799	18786800	46	6	2	1	1	1	NA	NA	NA	unphased	0.501018738100805	0.501018738100805	1
9	18786911	18786912	62	17	2	1	1	1	NA	NA	NA	unphased	0.93438937654243	0.93438937654243	1
9	18787074	18787075	54	19	2	1	1	1	NA	NA	NA	unphased	1.13015185672054	1.13015185672054	1
9	18787097	18787098	56	19	2	1	1	1	NA	NA	NA	unphased	1.10001447387466	1.10001447387466	1
9	18787251	18787252	61	24	2	1	1	1	NA	NA	NA	unphased	1.22602232382315	1.22602232382315	1
9	18890218	18890219	49	12	2	1	1	1	NA	NA	NA	unphased	0.854195881352192	0.854195881352192	1
9	21930138	21930139	37	16	NA	NA	NA	NA	NA	NA	NA	unphased	NA	NA	1
9	21930217	21930218	43	17	NA	NA	NA	NA	NA	NA	NA	unphased	NA	NA	1
9	21930294	21930295	32	2	NA	NA	NA	NA	NA	NA	NA	unphased	NA	NA	1
9	21930383	21930384	33	14	NA	NA	NA	NA	NA	NA	NA	unphased	NA	NA	1
9	21930452	21930453	30	14	NA	NA	NA	NA	NA	NA	NA	unphased	NA	NA	1
9	21930485	21930486	34	18	NA	NA	NA	NA	NA	NA	NA	unphased	NA	NA	1
9	24247670	24247671	35	22	1	1	0	1	NA	NA	NA	unphased	1.2899574163372	1.2899574163372	1
9	24407831	24407832	23	22	1	1	0	1	NA	NA	NA	unphased	1.63394606069378	1.63394606069378	1
9	24696358	24696359	43	19	1	1	0	1	NA	NA	NA	unphased	1.02421105710644	1.02421105710644	1
9	24705021	24705022	54	7	1	1	0	1	NA	NA	NA	unphased	0.383526832428123	0.383526832428123	1
9	24920861	24920862	43	14	1	1	0	1	NA	NA	NA	unphased	0.820881992214579	0.820881992214579	1
9	25147066	25147067	48	13	1	1	0	1	NA	NA	NA	unphased	0.712264117366514	0.712264117366514	1
9	25276757	25276758	55	18	1	1	0	1	NA	NA	NA	unphased	0.824094837585282	0.824094837585282	1
9	25488354	25488355	33	11	1	1	0	1	NA	NA	NA	unphased	0.835540599218411	0.835540599218411	1
9	25719135	25719136	43	17	1	1	0	1	NA	NA	NA	unphased	0.946946012447532	0.946946012447532	1
9	25899632	25899633	34	19	1	1	0	1	NA	NA	NA	unphased	1.19813368944527	1.19813368944527	1
9	26008337	26008338	50	23	1	1	0	1	NA	NA	NA	unphased	1.05301007024786	1.05301007024786	1
9	26542470	26542471	55	25	1	1	0	1	NA	NA	NA	unphased	1.04442574902301	1.04442574902301	1
9	27654368	27654369	60	16	2	1	1	1	NA	NA	NA	unphased	0.914139451973399	0.914139451973399	1
9	27827484	27827485	50	18	2	1	1	1	NA	NA	NA	unphased	1.1493959285842	1.1493959285842	1
9	28955188	28955189	54	12	2	1	1	1	NA	NA	NA	unphased	0.789484072158844	0.789484072158844	1
9	29523520	29523521	59	17	2	1	1	1	NA	NA	NA	unphased	0.971273167721736	0.971273167721736	1
9	29562308	29562309	50	14	2	1	1	1	NA	NA	NA	unphased	0.949848024316109	0.949848024316109	1
9	29589258	29589259	62	15	2	1	1	1	NA	NA	NA	unphased	0.845875791598762	0.845875791598762	1
9	29872783	29872784	56	19	2	1	1	1	NA	NA	NA	unphased	1.10001447387466	1.10001447387466	1
9	30364782	30364783	53	16	2	1	1	1	NA	NA	NA	unphased	1.00687823695621	1.00687823695621	1
9	30649052	30649053	69	29	2	1	1	1	NA	NA	NA	unphased	1.28492560723812	1.28492560723812	1
9	32185266	32185267	56	16	2	1	1	1	NA	NA	NA	unphased	0.964924977083032	0.964924977083032	1
9	34665702	34665703	49	18	2	1	1	1	NA	NA	NA	unphased	1.1665510916974	1.1665510916974	1
9	35023101	35023102	64	5	2	1	1	1	NA	NA	NA	unphased	0.314649449048815	0.314649449048815	1
9	35708434	35708435	54	11	2	1	1	1	NA	NA	NA	unphased	0.734827482547847	0.734827482547847	1
9	35977562	35977563	70	25	2	1	1	1	NA	NA	NA	unphased	1.14267431496675	1.14267431496675	1
9	37333221	37333222	37	23	1	1	0	1	NA	NA	NA	unphased	1.2811622521349	1.2811622521349	1
9	38204750	38204751	32	13	1	1	0	1	NA	NA	NA	unphased	0.965513581319052	0.965513581319052	1
9	38472575	38472576	66	29	1	1	0	1	NA	NA	NA	unphased	1.02023904746669	1.02023904746669	1
9	66489637	66489638	94	9	NA	NA	NA	NA	NA	NA	NA	unphased	NA	NA	1
9	72250537	72250538	46	18	1	1	0	1	NA	NA	NA	unphased	0.939983174120712	0.939983174120712	1
9	75462785	75462786	35	20	1	1	0	1	NA	NA	NA	unphased	1.21533178068132	1.21533178068132	1
9	76025941	76025942	53	17	1	1	0	1	NA	NA	NA	unphased	0.811668010669313	0.811668010669313	1
9	76639915	76639916	40	12	1	1	0	1	NA	NA	NA	unphased	0.771268245432379	0.771268245432379	1
9	81069250	81069251	35	12	1	1	0	1	NA	NA	NA	unphased	0.853318058776249	0.853318058776249	1
9	81538704	81538705	40	14	1	1	0	1	NA	NA	NA	unphased	0.866486547337611	0.866486547337611	1
9	82843191	82843192	41	11	1	1	0	1	NA	NA	NA	unphased	0.706995891646348	0.706995891646348	1
9	83332466	83332467	26	16	1	1	0	1	NA	NA	NA	unphased	1.27320472261853	1.27320472261853	1
9	84385989	84385990	29	19	1	1	0	1	NA	NA	NA	unphased	1.32293928209582	1.32293928209582	1
9	84675031	84675032	35	11	1	1	0	1	NA	NA	NA	unphased	0.79921274707848	0.79921274707848	1
9	85006826	85006827	41	15	1	1	0	1	NA	NA	NA	unphased	0.895222070591154	0.895222070591154	1
9	86020370	86020371	36	15	1	1	0	1	NA	NA	NA	unphased	0.982988940256954	0.982988940256954	1
9	86221657	86221658	41	21	1	1	0	1	NA	NA	NA	unphased	1.13202274732817	1.13202274732817	1
9	91189369	91189370	41	22	1	1	0	1	NA	NA	NA	unphased	1.16710432906699	1.16710432906699	1
9	93026945	93026946	29	6	1	1	0	1	NA	NA	NA	unphased	0.572942125178339	0.572942125178339	1
9	93326715	93326716	48	19	1	1	0	1	NA	NA	NA	unphased	0.947777396128346	0.947777396128346	1
9	99279606	99279607	32	11	1	1	0	1	NA	NA	NA	unphased	0.85497177594442	0.85497177594442	1
9	105395425	105395426	40	14	1	1	0	1	NA	NA	NA	unphased	0.866486547337611	0.866486547337611	1
9	109165045	109165046	30	18	1	1	0	1	NA	NA	NA	unphased	1.25331089882762	1.25331089882762	1
9	109173357	109173358	32	17	1	1	0	1	NA	NA	NA	unphased	1.15952572952759	1.15952572952759	1
9	109264113	109264114	40	10	1	1	0	1	NA	NA	NA	unphased	0.668432479374729	0.668432479374729	1
9	109772253	109772254	27	15	1	1	0	1	NA	NA	NA	unphased	1.19362942745487	1.19362942745487	1
9	110125014	110125015	35	13	1	1	0	1	NA	NA	NA	unphased	0.905168982486612	0.905168982486612	1
9	110866248	110866249	28	14	1	1	0	1	NA	NA	NA	unphased	1.11405413229121	1.11405413229121	1
9	111137022	111137023	42	13	1	1	0	1	NA	NA	NA	unphased	0.789965657442861	0.789965657442861	1
9	115739319	115739320	39	21	1	1	0	1	NA	NA	NA	unphased	1.16975683890578	1.16975683890578	1
9	119567939	119567940	33	20	1	1	0	1	NA	NA	NA	unphased	1.26119335731081	1.26119335731081	1
9	120877629	120877630	51	4	1	1	0	1	NA	NA	NA	unphased	0.243066356136265	0.243066356136265	1
9	121039617	121039618	35	12	1	1	0	1	NA	NA	NA	unphased	0.853318058776249	0.853318058776249	1
9	121768358	121768359	18	9	1	1	0	1	NA	NA	NA	unphased	1.11405413229121	1.11405413229121	1
9	122371154	122371155	67	5	1	1	0	1	NA	NA	NA	unphased	0.232094610894003	0.232094610894003	1
9	122472529	122472530	32	6	1	1	0	1	NA	NA	NA	unphased	0.527709852137944	0.527709852137944	1
9	126827069	126827070	39	15	1	1	0	1	NA	NA	NA	unphased	0.928378443576012	0.928378443576012	1
9	132464816	132464817	23	19	1	1	0	1	NA	NA	NA	unphased	1.51193060810951	1.51193060810951	1
9	132755099	132755100	20	14	1	1	0	1	NA	NA	NA	unphased	1.37618451635974	1.37618451635974	1
9	133605699	133605700	18	19	1	1	0	1	NA	NA	NA	unphased	1.71624555515133	1.71624555515133	1
9	133658309	133658310	43	20	1	1	0	1	NA	NA	NA	unphased	1.06100393551544	1.06100393551544	1
9	135578709	135578710	37	10	1	1	0	1	NA	NA	NA	unphased	0.711098382313541	0.711098382313541	1
9	137100028	137100029	43	13	1	1	0	1	NA	NA	NA	unphased	0.775859127845667	0.775859127845667	1
9	137795330	137795331	39	20	1	1	0	1	NA	NA	NA	unphased	1.13293640571988	1.13293640571988	1
9	139546363	139546364	41	17	1	1	0	1	NA	NA	NA	unphased	0.979599323221585	0.979599323221585	1
10	881705	881706	50	19	2	1	1	1	NA	NA	NA	unphased	1.1956679063855	1.1956679063855	1
10	1412532	1412533	65	19	2	1	1	1	NA	NA	NA	unphased	0.982155780245229	0.982155780245229	1
10	1683434	1683435	59	11	2	1	1	1	NA	NA	NA	unphased	0.682339805223001	0.682339805223001	1
10	2086849	2086850	45	15	2	1	1	1	NA	NA	NA	unphased	1.08554059921841	1.08554059921841	1
10	3209638	3209639	48	17	2	1	1	1	NA	NA	NA	unphased	1.13564247302849	1.13564247302849	1
10	3741603	3741604	45	11	2	1	1	1	NA	NA	NA	unphased	0.852924756528751	0.852924756528751	1
10	6206898	6206899	46	18	2	1	1	1	NA	NA	NA	unphased	1.22123317412071	1.22123317412071	1
10	7054267	7054268	55	8	2	1	1	1	NA	NA	NA	unphased	0.551385701190304	0.551385701190304	1
10	7093184	7093185	54	18	2	1	1	1	NA	NA	NA	unphased	1.08554059921841	1.08554059921841	1
10	7250603	7250604	41	1	2	1	1	1	NA	NA	NA	unphased	0.103384818973182	0.103384818973182	1
10	8792012	8792013	61	16	2	1	1	1	NA	NA	NA	unphased	0.902267511038679	0.902267511038679	1
10	9230047	9230048	62	12	2	1	1	1	NA	NA	NA	unphased	0.704134442736266	0.704134442736266	1
10	9318908	9318909	31	12	2	1	1	1	NA	NA	NA	unphased	1.21176625029032	1.21176625029032	1
10	9595079	9595080	41	13	2	1	1	1	NA	NA	NA	unphased	1.04533539183995	1.04533539183995	1
10	10425003	10425004	63	12	2	1	1	1	NA	NA	NA	unphased	0.694745983499783	0.694745983499783	1
10	10920717	10920718	57	19	2	1	1	1	NA	NA	NA	unphased	1.08554059921841	1.08554059921841	1
10	11403517	11403518	54	20	2	1	1	1	NA	NA	NA	unphased	1.17355740456044	1.17355740456044	1
10	11473766	11473767	53	21	2	1	1	1	NA	NA	NA	unphased	1.23223527478847	1.23223527478847	1
10	14246468	14246469	63	20	2	1	1	1	NA	NA	NA	unphased	1.04630419201775	1.04630419201775	1
10	15544880	15544881	58	6	2	1	1	1	NA	NA	NA	unphased	0.407077724706904	0.407077724706904	1
10	15684725	15684726	59	25	2	1	1	1	NA	NA	NA	unphased	1.29231023716477	1.29231023716477	1
10	16275613	16275614	57	16	2	1	1	1	NA	NA	NA	unphased	0.951706826712031	0.951706826712031	1
10	16497751	16497752	81	5	2	1	1	1	NA	NA	NA	unphased	0.252451302143816	0.252451302143816	1
10	18349499	18349500	46	24	2	1	1	1	NA	NA	NA	unphased	1.48874139321382	1.48874139321382	1
10	18596511	18596512	61	18	2	1	1	1	NA	NA	NA	unphased	0.989353457515514	0.989353457515514	1
10	19500732	19500733	54	5	2	1	1	1	NA	NA	NA	unphased	0.367979864141834	0.367979864141834	1
10	19713212	19713213	39	16	2	1	1	1	NA	NA	NA	unphased	1.26317451545415	1.26317451545415	1
10	21080473	21080474	39	11	2	1	1	1	NA	NA	NA	unphased	0.955275727312201	0.955275727312201	1
10	21652926	21652927	55	16	2	1	1	1	NA	NA	NA	unphased	0.978515469718004	0.978515469718004	1
10	21676880	21676881	51	17	2	1	1	1	NA	NA	NA	unphased	1.08554059921841	1.08554059921841	1
10	21733031	21733032	52	17	2	1	1	1	NA	NA	NA	unphased	1.06980812676597	1.06980812676597	1
10	22389116	22389117	60	15	2	1	1	1	NA	NA	NA	unphased	0.868432479374729	0.868432479374729	1
10	23756521	23756522	48	17	2	1	1	1	NA	NA	NA	unphased	1.13564247302849	1.13564247302849	1
10	25360415	25360416	58	26	2	1	1	1	NA	NA	NA	unphased	1.34400264665137	1.34400264665137	1
10	26028675	26028676	58	16	2	1	1	1	NA	NA	NA	unphased	0.938845923648355	0.938845923648355	1
10	26339722	26339723	48	23	2	1	1	1	NA	NA	NA	unphased	1.40661598771963	1.40661598771963	1
10	27155393	27155394	81	16	2	1	1	1	NA	NA	NA	unphased	0.716232972680188	0.716232972680188	1
10	27406805	27406806	53	23	2	1	1	1	NA	NA	NA	unphased	1.31407546221176	1.31407546221176	1
10	28068001	28068002	69	20	2	1	1	1	NA	NA	NA	unphased	0.975766830758122	0.975766830758122	1
10	29183625	29183626	48	11	2	1	1	1	NA	NA	NA	unphased	0.809555701112035	0.809555701112035	1
10	30181663	30181664	53	22	2	1	1	1	NA	NA	NA	unphased	1.2737009697496	1.2737009697496	1
10	31479594	31479595	71	22	2	1	1	1	NA	NA	NA	unphased	1.02717820141097	1.02717820141097	1
10	32295382	32295383	15	8	2	1	1	1	NA	NA	NA	unphased	1.51031735543431	1.51031735543431	1
10	32989862	32989863	60	14	2	1	1	1	NA	NA	NA	unphased	0.821490183192311	0.821490183192311	1
10	34383182	34383183	41	9	2	1	1	1	NA	NA	NA	unphased	0.781589231437256	0.781589231437256	1
10	36211811	36211812	44	20	2	1	1	1	NA	NA	NA	unphased	1.35692574902301	1.35692574902301	1
10	36435819	36435820	58	15	2	1	1	1	NA	NA	NA	unphased	0.892225150042529	0.892225150042529	1
10	36774134	36774135	49	11	2	1	1	1	NA	NA	NA	unphased	0.796063106093501	0.796063106093501	1
10	36998035	36998036	53	14	2	1	1	1	NA	NA	NA	unphased	0.907317515764642	0.907317515764642	1
10	37729384	37729385	50	26	2	1	1	1	NA	NA	NA	unphased	1.48547660945677	1.48547660945677	1
10	37763526	37763527	48	12	2	1	1	1	NA	NA	NA	unphased	0.868432479374729	0.868432479374729	1
10	37854908	37854909	52	14	2	1	1	1	NA	NA	NA	unphased	0.921064750851985	0.921064750851985	1
10	39069560	39069561	54	15	2	1	1	1	NA	NA	NA	unphased	0.943948347146444	0.943948347146444	1
10	39114868	39114869	53	22	2	1	1	1	NA	NA	NA	unphased	1.2737009697496	1.2737009697496	1
10	42666943	42666944	49	26	2	1	1	1	NA	NA	NA	unphased	1.50528296424953	1.50528296424953	1
10	44704069	44704070	50	16	2	1	1	1	NA	NA	NA	unphased	1.05264542954513	1.05264542954513	1
10	45096831	45096832	32	15	2	1	1	1	NA	NA	NA	unphased	1.38579650964052	1.38579650964052	1
10	45346802	45346803	44	12	2	1	1	1	NA	NA	NA	unphased	0.930463370758638	0.930463370758638	1
10	50530411	50530412	66	14	2	1	1	1	NA	NA	NA	unphased	0.759878419452887	0.759878419452887	1
10	53397519	53397520	57	18	2	1	1	1	NA	NA	NA	unphased	1.04211897524967	1.04211897524967	1
10	54614016	54614017	65	19	2	1	1	1	NA	NA	NA	unphased	0.982155780245229	0.982155780245229	1
10	54745587	54745588	56	22	2	1	1	1	NA	NA	NA	unphased	1.22471247091308	1.22471247091308	1
10	55190480	55190481	49	21	2	1	1	1	NA	NA	NA	unphased	1.30264871906209	1.30264871906209	1
10	55244934	55244935	62	14	2	1	1	1	NA	NA	NA	unphased	0.799872020476724	0.799872020476724	1
10	55381681	55381682	70	11	2	1	1	1	NA	NA	NA	unphased	0.589676374884075	0.589676374884075	1
10	55668822	55668823	39	3	2	1	1	1	NA	NA	NA	unphased	0.310154456919546	0.310154456919546	1
10	56089682	56089683	61	21	2	1	1	1	NA	NA	NA	unphased	1.11201719919935	1.11201719919935	1
10	56228918	56228919	58	12	2	1	1	1	NA	NA	NA	unphased	0.74437069660691	0.74437069660691	1
10	56608965	56608966	53	11	2	1	1	1	NA	NA	NA	unphased	0.746309161962657	0.746309161962657	1
10	57307220	57307221	47	12	2	1	1	1	NA	NA	NA	unphased	0.883151673940402	0.883151673940402	1
10	57518831	57518832	50	15	2	1	1	1	NA	NA	NA	unphased	1.00203747620161	1.00203747620161	1
10	57702105	57702106	7	8	2	1	1	1	NA	NA	NA	unphased	2.31581994499928	2.31581994499928	1
10	57786538	57786539	70	8	2	1	1	1	NA	NA	NA	unphased	0.445349989422938	0.445349989422938	1
10	57886067	57886068	47	7	2	1	1	1	NA	NA	NA	unphased	0.562872903298435	0.562872903298435	1
10	57980087	57980088	63	22	2	1	1	1	NA	NA	NA	unphased	1.12385379683788	1.12385379683788	1
10	58479273	58479274	48	17	2	1	1	1	NA	NA	NA	unphased	1.13564247302849	1.13564247302849	1
10	58973945	58973946	55	15	2	1	1	1	NA	NA	NA	unphased	0.930463370758638	0.930463370758638	1
10	59064376	59064377	59	15	2	1	1	1	NA	NA	NA	unphased	0.880168053420333	0.880168053420333	1
10	59601940	59601941	75	5	2	1	1	1	NA	NA	NA	unphased	0.271385149804603	0.271385149804603	1
10	60294625	60294626	70	7	2	1	1	1	NA	NA	NA	unphased	0.394742036079422	0.394742036079422	1
10	60966128	60966129	61	13	2	1	1	1	NA	NA	NA	unphased	0.762812312964289	0.762812312964289	1
10	62122325	62122326	66	12	2	1	1	1	NA	NA	NA	unphased	0.668024984134407	0.668024984134407	1
10	63328795	63328796	52	15	2	1	1	1	NA	NA	NA	unphased	0.972125909747831	0.972125909747831	1
10	63850508	63850509	48	17	2	1	1	1	NA	NA	NA	unphased	1.13564247302849	1.13564247302849	1
10	63879003	63879004	40	18	2	1	1	1	NA	NA	NA	unphased	1.34756764040906	1.34756764040906	1
10	64761711	64761712	54	22	2	1	1	1	NA	NA	NA	unphased	1.25694174646342	1.25694174646342	1
10	65581296	65581297	38	8	2	1	1	1	NA	NA	NA	unphased	0.755158677717155	0.755158677717155	1
10	66008321	66008322	43	17	2	1	1	1	NA	NA	NA	unphased	1.23027934578087	1.23027934578087	1
10	66807958	66807959	40	16	2	1	1	1	NA	NA	NA	unphased	1.24061782767818	1.24061782767818	1
10	67200737	67200738	45	11	2	1	1	1	NA	NA	NA	unphased	0.852924756528751	0.852924756528751	1
10	68068773	68068774	64	9	2	1	1	1	NA	NA	NA	unphased	0.535335090025518	0.535335090025518	1
10	69458985	69458986	56	15	2	1	1	1	NA	NA	NA	unphased	0.917358252860629	0.917358252860629	1
10	69796841	69796842	34	11	2	1	1	1	NA	NA	NA	unphased	1.06141747479133	1.06141747479133	1
10	70148357	70148358	61	29	2	1	1	1	NA	NA	NA	unphased	1.3991412167704	1.3991412167704	1
10	72423001	72423002	61	13	2	1	1	1	NA	NA	NA	unphased	0.762812312964289	0.762812312964289	1
10	73318343	73318344	58	26	2	1	1	1	NA	NA	NA	unphased	1.34400264665137	1.34400264665137	1
10	75146339	75146340	77	26	2	1	1	1	NA	NA	NA	unphased	1.09607982833704	1.09607982833704	1
10	75857322	75857323	54	18	2	1	1	1	NA	NA	NA	unphased	1.08554059921841	1.08554059921841	1
10	77984795	77984796	48	14	2	1	1	1	NA	NA	NA	unphased	0.980488283165016	0.980488283165016	1
10	79154795	79154796	57	23	2	1	1	1	NA	NA	NA	unphased	1.24837168910117	1.24837168910117	1
10	80037434	80037435	55	17	2	1	1	1	NA	NA	NA	unphased	1.02523278815072	1.02523278815072	1
10	82548458	82548459	64	21	2	1	1	1	NA	NA	NA	unphased	1.07276953334525	1.07276953334525	1
10	84015600	84015601	35	19	1	1	0	1	NA	NA	NA	unphased	1.17594602852962	1.17594602852962	1
10	85235490	85235491	45	17	1	1	0	1	NA	NA	NA	unphased	0.916399366884709	0.916399366884709	1
10	85255507	85255508	31	6	1	1	0	1	NA	NA	NA	unphased	0.541972280574104	0.541972280574104	1
10	86522314	86522315	39	3	1	1	0	1	NA	NA	NA	unphased	0.238725885490975	0.238725885490975	1
10	87364308	87364309	43	17	1	1	0	1	NA	NA	NA	unphased	0.946946012447532	0.946946012447532	1
10	88513493	88513494	29	7	1	1	0	1	NA	NA	NA	unphased	0.649864910503208	0.649864910503208	1
10	94274658	94274659	47	14	1	1	0	1	NA	NA	NA	unphased	0.767053664856246	0.767053664856246	1
10	100039044	100039045	23	15	1	1	0	1	NA	NA	NA	unphased	1.31927463034486	1.31927463034486	1
10	101391700	101391701	28	6	1	1	0	1	NA	NA	NA	unphased	0.589793364154172	0.589793364154172	1
10	103003269	103003270	32	13	1	1	0	1	NA	NA	NA	unphased	0.965513581319052	0.965513581319052	1
10	106300307	106300308	34	23	1	1	0	1	NA	NA	NA	unphased	1.34859184435252	1.34859184435252	1
10	106595106	106595107	41	17	1	1	0	1	NA	NA	NA	unphased	0.979599323221585	0.979599323221585	1
10	108025799	108025800	32	14	1	1	0	1	NA	NA	NA	unphased	1.01717985991807	1.01717985991807	1
10	108477103	108477104	35	16	1	1	0	1	NA	NA	NA	unphased	1.04852153627408	1.04852153627408	1
10	108579228	108579229	47	9	1	1	0	1	NA	NA	NA	unphased	0.537133242354693	0.537133242354693	1
10	109218471	109218472	36	18	1	1	0	1	NA	NA	NA	unphased	1.11405413229121	1.11405413229121	1
10	109339235	109339236	40	10	1	1	0	1	NA	NA	NA	unphased	0.668432479374729	0.668432479374729	1
10	110532620	110532621	39	18	1	1	0	1	NA	NA	NA	unphased	1.05541970427589	1.05541970427589	1
10	110572403	110572404	55	13	2	1	1	1	NA	NA	NA	unphased	0.830119281755255	0.830119281755255	1
10	112860959	112860960	37	17	2	1	1	1	NA	NA	NA	unphased	1.36697705086763	1.36697705086763	1
10	114140336	114140337	53	17	2	1	1	1	NA	NA	NA	unphased	1.05452515352646	1.05452515352646	1
10	115479795	115479796	33	14	2	1	1	1	NA	NA	NA	unphased	1.29341007566449	1.29341007566449	1
10	116034431	116034432	39	8	2	1	1	1	NA	NA	NA	unphased	0.73909147180828	0.73909147180828	1
10	116843483	116843484	58	15	2	1	1	1	NA	NA	NA	unphased	0.892225150042529	0.892225150042529	1
10	117421912	117421913	58	8	2	1	1	1	NA	NA	NA	unphased	0.526322714772563	0.526322714772563	1
10	117478284	117478285	62	13	2	1	1	1	NA	NA	NA	unphased	0.752641482124765	0.752641482124765	1
10	117951493	117951494	42	16	2	1	1	1	NA	NA	NA	unphased	1.19783790258583	1.19783790258583	1
10	121222980	121222981	60	11	2	1	1	1	NA	NA	NA	unphased	0.672729385431128	0.672729385431128	1
10	122052831	122052832	39	21	2	1	1	1	NA	NA	NA	unphased	1.51975683890577	1.51975683890577	1
10	122384433	122384434	53	12	2	1	1	1	NA	NA	NA	unphased	0.801629980961288	0.801629980961288	1
10	122616974	122616975	58	24	2	1	1	1	NA	NA	NA	unphased	1.27087679908497	1.27087679908497	1
10	122839224	122839225	57	13	2	1	1	1	NA	NA	NA	unphased	0.806401587990819	0.806401587990819	1
10	122886834	122886835	72	4	2	1	1	1	NA	NA	NA	unphased	0.22853486299335	0.22853486299335	1
10	123915553	123915554	42	17	2	1	1	1	NA	NA	NA	unphased	1.25113153808224	1.25113153808224	1
10	124904872	124904873	60	15	2	1	1	1	NA	NA	NA	unphased	0.868432479374729	0.868432479374729	1
10	125360065	125360066	56	16	2	1	1	1	NA	NA	NA	unphased	0.964924977083032	0.964924977083032	1
10	125489047	125489048	52	6	2	1	1	1	NA	NA	NA	unphased	0.449189213469687	0.449189213469687	1
10	125548871	125548872	47	17	2	1	1	1	NA	NA	NA	unphased	1.15338688666956	1.15338688666956	1
10	125597742	125597743	59	19	2	1	1	1	NA	NA	NA	unphased	1.05770622487948	1.05770622487948	1
10	125654487	125654488	45	12	2	1	1	1	NA	NA	NA	unphased	0.914139451973399	0.914139451973399	1
10	126062600	126062601	47	15	2	1	1	1	NA	NA	NA	unphased	1.05052316053395	1.05052316053395	1
10	126567782	126567783	46	11	2	1	1	1	NA	NA	NA	unphased	0.837961164308949	0.837961164308949	1
10	127265934	127265935	49	12	2	1	1	1	NA	NA	NA	unphased	0.854195881352192	0.854195881352192	1
10	129299459	129299460	60	15	2	1	1	1	NA	NA	NA	unphased	0.868432479374729	0.868432479374729	1
10	129407037	129407038	67	15	2	1	1	1	NA	NA	NA	unphased	0.794297999428105	0.794297999428105	1
10	129591993	129591994	57	21	2	1	1	1	NA	NA	NA	unphased	1.16904372223521	1.16904372223521	1
10	129973257	129973258	61	18	2	1	1	1	NA	NA	NA	unphased	0.989353457515514	0.989353457515514	1
10	130115273	130115274	43	15	2	1	1	1	NA	NA	NA	unphased	1.12297303367422	1.12297303367422	1
10	130118126	130118127	48	8	2	1	1	1	NA	NA	NA	unphased	0.620308913839092	0.620308913839092	1
10	130229775	130229776	39	13	2	1	1	1	NA	NA	NA	unphased	1.08554059921841	1.08554059921841	1
10	130230818	130230819	41	8	2	1	1	1	NA	NA	NA	unphased	0.708924472958962	0.708924472958962	1
10	130757604	130757605	44	8	2	1	1	1	NA	NA	NA	unphased	0.668024984134407	0.668024984134407	1
10	131003996	131003997	54	20	2	1	1	1	NA	NA	NA	unphased	1.17355740456044	1.17355740456044	1
10	131026391	131026392	41	10	2	1	1	1	NA	NA	NA	unphased	0.851404391543852	0.851404391543852	1
10	131914039	131914040	50	21	2	1	1	1	NA	NA	NA	unphased	1.28430155400488	1.28430155400488	1
10	132227916	132227917	46	7	2	1	1	1	NA	NA	NA	unphased	0.573493146756896	0.573493146756896	1
10	132292491	132292492	51	13	2	1	1	1	NA	NA	NA	unphased	0.882001736864959	0.882001736864959	1
10	132323585	132323586	40	11	2	1	1	1	NA	NA	NA	unphased	0.936544830698237	0.936544830698237	1
10	132440662	132440663	46	14	2	1	1	1	NA	NA	NA	unphased	1.01317122593718	1.01317122593718	1
10	132926448	132926449	63	6	2	1	1	1	NA	NA	NA	unphased	0.377579338858578	0.377579338858578	1
10	132961675	132961676	43	10	2	1	1	1	NA	NA	NA	unphased	0.819275923938423	0.819275923938423	1
10	133146676	133146677	36	10	2	1	1	1	NA	NA	NA	unphased	0.943948347146444	0.943948347146444	1
10	133174333	133174334	44	13	2	1	1	1	NA	NA	NA	unphased	0.990317739637848	0.990317739637848	1
10	133341393	133341394	53	26	2	1	1	1	NA	NA	NA	unphased	1.42906610530019	1.42906610530019	1
10	133483630	133483631	49	17	2	1	1	1	NA	NA	NA	unphased	1.1184357688917	1.1184357688917	1
10	133659955	133659956	41	22	2	1	1	1	NA	NA	NA	unphased	1.51631067827334	1.51631067827334	1
10	134169227	134169228	44	27	2	1	1	1	NA	NA	NA	unphased	1.65124485514913	1.65124485514913	1
10	134174491	134174492	37	11	2	1	1	1	NA	NA	NA	unphased	0.995078882616876	0.995078882616876	1
10	134177750	134177751	47	10	2	1	1	1	NA	NA	NA	unphased	0.761782876644499	0.761782876644499	1
10	134556759	134556760	60	7	2	1	1	1	NA	NA	NA	unphased	0.453658757882321	0.453658757882321	1
10	134850331	134850332	55	10	2	1	1	1	NA	NA	NA	unphased	0.668024984134407	0.668024984134407	1
11	1836764	1836765	37	16	2	1	1	1	NA	NA	NA	unphased	1.31084147830148	1.31084147830148	1
11	2215976	2215977	51	16	2	1	1	1	NA	NA	NA	unphased	1.03693430373102	1.03693430373102	1
11	5480822	5480823	56	12	2	1	1	1	NA	NA	NA	unphased	0.766263952389466	0.766263952389466	1
11	5596110	5596111	61	22	2	1	1	1	NA	NA	NA	unphased	1.15093461121952	1.15093461121952	1
11	5934998	5934999	82	21	2	1	1	1	NA	NA	NA	unphased	0.885295245964529	0.885295245964529	1
11	8265085	8265086	44	16	2	1	1	1	NA	NA	NA	unphased	1.15790997249964	1.15790997249964	1
11	9923199	9923200	54	14	2	1	1	1	NA	NA	NA	unphased	0.893974611121044	0.893974611121044	1
11	10921612	10921613	45	14	2	1	1	1	NA	NA	NA	unphased	1.03034361959714	1.03034361959714	1
11	12678673	12678674	49	14	2	1	1	1	NA	NA	NA	unphased	0.964924977083032	0.964924977083032	1
11	13774991	13774992	54	16	2	1	1	1	NA	NA	NA	unphased	0.992494262142547	0.992494262142547	1
11	14910370	14910371	60	15	2	1	1	1	NA	NA	NA	unphased	0.868432479374729	0.868432479374729	1
11	15083896	15083897	84	8	2	1	1	1	NA	NA	NA	unphased	0.377579338858578	0.377579338858578	1
11	16837250	16837251	60	13	2	1	1	1	NA	NA	NA	unphased	0.773261796703525	0.773261796703525	1
11	16979432	16979433	43	25	2	1	1	1	NA	NA	NA	unphased	1.59638323414472	1.59638323414472	1
11	20492645	20492646	67	4	2	1	1	1	NA	NA	NA	unphased	0.244628867429501	0.244628867429501	1
11	20804944	20804945	60	16	2	1	1	1	NA	NA	NA	unphased	0.914139451973399	0.914139451973399	1
11	20907995	20907996	61	24	2	1	1	1	NA	NA	NA	unphased	1.22602232382315	1.22602232382315	1
11	21768157	21768158	47	11	2	1	1	1	NA	NA	NA	unphased	0.82351355802776	0.82351355802776	1
11	23057689	23057690	67	19	2	1	1	1	NA	NA	NA	unphased	0.959314948146503	0.959314948146503	1
11	24412616	24412617	58	9	2	1	1	1	NA	NA	NA	unphased	0.583275545848698	0.583275545848698	1
11	24419694	24419695	64	24	2	1	1	1	NA	NA	NA	unphased	1.18422610823827	1.18422610823827	1
11	24511601	24511602	71	14	2	1	1	1	NA	NA	NA	unphased	0.715179688896835	0.715179688896835	1
11	24837510	24837511	59	17	2	1	1	1	NA	NA	NA	unphased	0.971273167721736	0.971273167721736	1
11	25011357	25011358	64	26	2	1	1	1	NA	NA	NA	unphased	1.25440247020794	1.25440247020794	1
11	25209706	25209707	89	11	2	1	1	1	NA	NA	NA	unphased	0.477637863656101	0.477637863656101	1
11	25908539	25908540	64	25	2	1	1	1	NA	NA	NA	unphased	1.21970853844765	1.21970853844765	1
11	28306519	28306520	49	8	2	1	1	1	NA	NA	NA	unphased	0.609426301315599	0.609426301315599	1
11	29179143	29179144	50	19	2	1	1	1	NA	NA	NA	unphased	1.1956679063855	1.1956679063855	1
11	30805928	30805929	38	14	2	1	1	1	NA	NA	NA	unphased	1.16904372223521	1.16904372223521	1
11	31132293	31132294	52	5	2	1	1	1	NA	NA	NA	unphased	0.380891438322249	0.380891438322249	1
11	31838533	31838534	51	24	2	1	1	1	NA	NA	NA	unphased	1.38949196699957	1.38949196699957	1
11	32499764	32499765	55	16	2	1	1	1	NA	NA	NA	unphased	0.978515469718004	0.978515469718004	1
11	33606716	33606717	50	14	2	1	1	1	NA	NA	NA	unphased	0.949848024316109	0.949848024316109	1
11	33671610	33671611	73	12	2	1	1	1	NA	NA	NA	unphased	0.613011161911573	0.613011161911573	1
11	34204261	34204262	62	15	2	1	1	1	NA	NA	NA	unphased	0.845875791598762	0.845875791598762	1
11	34508713	34508714	43	15	2	1	1	1	NA	NA	NA	unphased	1.12297303367422	1.12297303367422	1
11	34692797	34692798	62	20	2	1	1	1	NA	NA	NA	unphased	1.05906399923747	1.05906399923747	1
11	35839721	35839722	49	25	2	1	1	1	NA	NA	NA	unphased	1.46694675570056	1.46694675570056	1
11	35897322	35897323	41	9	2	1	1	1	NA	NA	NA	unphased	0.781589231437256	0.781589231437256	1
11	35932116	35932117	59	14	2	1	1	1	NA	NA	NA	unphased	0.832743473373027	0.832743473373027	1
11	37364230	37364231	58	15	2	1	1	1	NA	NA	NA	unphased	0.892225150042529	0.892225150042529	1
11	37635392	37635393	43	9	2	1	1	1	NA	NA	NA	unphased	0.751528107151207	0.751528107151207	1
11	37707840	37707841	58	15	2	1	1	1	NA	NA	NA	unphased	0.892225150042529	0.892225150042529	1
11	37894835	37894836	61	16	2	1	1	1	NA	NA	NA	unphased	0.902267511038679	0.902267511038679	1
11	37912965	37912966	64	17	2	1	1	1	NA	NA	NA	unphased	0.911318033911752	0.911318033911752	1
11	38020348	38020349	57	18	2	1	1	1	NA	NA	NA	unphased	1.04211897524967	1.04211897524967	1
11	38111957	38111958	52	16	2	1	1	1	NA	NA	NA	unphased	1.02168526985262	1.02168526985262	1
11	38641940	38641941	51	12	2	1	1	1	NA	NA	NA	unphased	0.827078551785456	0.827078551785456	1
11	38643072	38643073	62	26	2	1	1	1	NA	NA	NA	unphased	1.28291161725812	1.28291161725812	1
11	38644330	38644331	63	15	2	1	1	1	NA	NA	NA	unphased	0.835031230168008	0.835031230168008	1
11	38955818	38955819	67	16	2	1	1	1	NA	NA	NA	unphased	0.837043353614196	0.837043353614196	1
11	39025989	39025990	60	11	2	1	1	1	NA	NA	NA	unphased	0.672729385431128	0.672729385431128	1
11	39371280	39371281	55	22	2	1	1	1	NA	NA	NA	unphased	1.24061782767818	1.24061782767818	1
11	39785294	39785295	32	12	2	1	1	1	NA	NA	NA	unphased	1.18422610823827	1.18422610823827	1
11	40938086	40938087	38	14	2	1	1	1	NA	NA	NA	unphased	1.16904372223521	1.16904372223521	1
11	41139448	41139449	61	7	2	1	1	1	NA	NA	NA	unphased	0.446987305560522	0.446987305560522	1
11	41392087	41392088	53	9	2	1	1	1	NA	NA	NA	unphased	0.630313896320368	0.630313896320368	1
11	42068444	42068445	60	14	2	1	1	1	NA	NA	NA	unphased	0.821490183192311	0.821490183192311	1
11	42913422	42913423	55	20	2	1	1	1	NA	NA	NA	unphased	1.15790997249964	1.15790997249964	1
11	45033946	45033947	63	17	2	1	1	1	NA	NA	NA	unphased	0.922709509335649	0.922709509335649	1
11	46038926	46038927	66	19	2	1	1	1	NA	NA	NA	unphased	0.970601006359991	0.970601006359991	1
11	47637148	47637149	55	19	2	1	1	1	NA	NA	NA	unphased	1.11487953433242	1.11487953433242	1
11	47737485	47737486	36	15	2	1	1	1	NA	NA	NA	unphased	1.27710658731578	1.27710658731578	1
11	47964430	47964431	35	10	2	1	1	1	NA	NA	NA	unphased	0.964924977083032	0.964924977083032	1
11	48730596	48730597	50	10	2	1	1	1	NA	NA	NA	unphased	0.723693732812274	0.723693732812274	1
11	48900298	48900299	67	23	2	1	1	1	NA	NA	NA	unphased	1.10966372364549	1.10966372364549	1
11	49430595	49430596	66	15	2	1	1	1	NA	NA	NA	unphased	0.804104147569193	0.804104147569193	1
11	49576350	49576351	64	19	2	1	1	1	NA	NA	NA	unphased	0.993988982416858	0.993988982416858	1
11	50295477	50295478	45	14	2	1	1	1	NA	NA	NA	unphased	1.03034361959714	1.03034361959714	1
11	50494006	50494007	61	16	2	1	1	1	NA	NA	NA	unphased	0.902267511038679	0.902267511038679	1
11	50567495	50567496	68	11	2	1	1	1	NA	NA	NA	unphased	0.604604890703925	0.604604890703925	1
11	51512958	51512959	55	10	2	1	1	1	NA	NA	NA	unphased	0.668024984134407	0.668024984134407	1
11	51562967	51562968	52	17	2	1	1	1	NA	NA	NA	unphased	1.06980812676597	1.06980812676597	1
11	55182185	55182186	58	24	2	1	1	1	NA	NA	NA	unphased	1.27087679908497	1.27087679908497	1
11	55220867	55220868	51	14	2	1	1	1	NA	NA	NA	unphased	0.935234977788169	0.935234977788169	1
11	55345834	55345835	42	16	2	1	1	1	NA	NA	NA	unphased	1.19783790258583	1.19783790258583	1
11	55428202	55428203	67	6	2	1	1	1	NA	NA	NA	unphased	0.356890060017012	0.356890060017012	1
11	56413321	56413322	69	23	2	1	1	1	NA	NA	NA	unphased	1.08554059921841	1.08554059921841	1
11	56437163	56437164	64	4	2	1	1	1	NA	NA	NA	unphased	0.255421317463155	0.255421317463155	1
11	56729456	56729457	68	17	2	1	1	1	NA	NA	NA	unphased	0.868432479374729	0.868432479374729	1
11	57350026	57350027	48	26	2	1	1	1	NA	NA	NA	unphased	1.52562462592858	1.52562462592858	1
11	57352943	57352944	51	13	2	1	1	1	NA	NA	NA	unphased	0.882001736864959	0.882001736864959	1
11	58200154	58200155	74	18	2	1	1	1	NA	NA	NA	unphased	0.8495535124318	0.8495535124318	1
11	60081746	60081747	54	21	2	1	1	1	NA	NA	NA	unphased	1.21580547112462	1.21580547112462	1
11	60444700	60444701	54	15	2	1	1	1	NA	NA	NA	unphased	0.943948347146444	0.943948347146444	1
11	60871992	60871993	42	12	2	1	1	1	NA	NA	NA	unphased	0.964924977083032	0.964924977083032	1
11	61147283	61147284	33	19	2	1	1	1	NA	NA	NA	unphased	1.58655933731922	1.58655933731922	1
11	61666984	61666985	54	10	2	1	1	1	NA	NA	NA	unphased	0.678462874511507	0.678462874511507	1
11	66949363	66949364	73	8	2	1	1	1	NA	NA	NA	unphased	0.428855545370236	0.428855545370236	1
11	69852066	69852067	51	15	2	1	1	1	NA	NA	NA	unphased	0.986855090198555	0.986855090198555	1
11	70077135	70077136	15	17	2	1	1	1	NA	NA	NA	unphased	2.30677377333912	2.30677377333912	1
11	70339529	70339530	47	15	2	1	1	1	NA	NA	NA	unphased	1.05052316053395	1.05052316053395	1
11	70665969	70665970	51	18	2	1	1	1	NA	NA	NA	unphased	1.13273801657573	1.13273801657573	1
11	71295574	71295575	43	13	2	1	1	1	NA	NA	NA	unphased	1.00800198498852	1.00800198498852	1
11	74042558	74042559	40	14	2	1	1	1	NA	NA	NA	unphased	1.12574580659687	1.12574580659687	1
11	78100721	78100722	54	22	2	1	1	1	NA	NA	NA	unphased	1.25694174646342	1.25694174646342	1
11	78723725	78723726	54	14	2	1	1	1	NA	NA	NA	unphased	0.893974611121044	0.893974611121044	1
11	78755734	78755735	49	14	2	1	1	1	NA	NA	NA	unphased	0.964924977083032	0.964924977083032	1
11	78866667	78866668	23	4	2	1	1	1	NA	NA	NA	unphased	0.643283318055354	0.643283318055354	1
11	79192217	79192218	55	11	2	1	1	1	NA	NA	NA	unphased	0.723693732812274	0.723693732812274	1
11	79878194	79878195	50	17	2	1	1	1	NA	NA	NA	unphased	1.10174269771421	1.10174269771421	1
11	81427156	81427157	61	18	2	1	1	1	NA	NA	NA	unphased	0.989353457515514	0.989353457515514	1
11	82209310	82209311	61	14	2	1	1	1	NA	NA	NA	unphased	0.810536980749747	0.810536980749747	1
11	83923410	83923411	66	19	2	1	1	1	NA	NA	NA	unphased	0.970601006359991	0.970601006359991	1
11	85632009	85632010	42	16	2	1	1	1	NA	NA	NA	unphased	1.19783790258583	1.19783790258583	1
11	85722858	85722859	57	28	2	1	1	1	NA	NA	NA	unphased	1.43035937779367	1.43035937779367	1
11	85918010	85918011	25	11	2	1	1	1	NA	NA	NA	unphased	1.32677184348917	1.32677184348917	1
11	85983884	85983885	54	20	2	1	1	1	NA	NA	NA	unphased	1.17355740456044	1.17355740456044	1
11	86553801	86553802	72	15	2	1	1	1	NA	NA	NA	unphased	0.748648689116145	0.748648689116145	1
11	87281632	87281633	51	19	2	1	1	1	NA	NA	NA	unphased	1.17858693629427	1.17858693629427	1
11	88533022	88533023	56	17	2	1	1	1	NA	NA	NA	unphased	1.01118850338153	1.01118850338153	1
11	88918756	88918757	60	19	2	1	1	1	NA	NA	NA	unphased	1.0443175384886	1.0443175384886	1
11	89470831	89470832	61	16	2	1	1	1	NA	NA	NA	unphased	0.902267511038679	0.902267511038679	1
11	89770353	89770354	14	14	2	1	1	1	NA	NA	NA	unphased	2.17108119843682	2.17108119843682	1
11	90208798	90208799	53	17	2	1	1	1	NA	NA	NA	unphased	1.05452515352646	1.05452515352646	1
11	90858203	90858204	63	19	2	1	1	1	NA	NA	NA	unphased	1.0061107992756	1.0061107992756	1
11	91638718	91638719	69	11	2	1	1	1	NA	NA	NA	unphased	0.597047329570126	0.597047329570126	1
11	91726737	91726738	60	15	2	1	1	1	NA	NA	NA	unphased	0.868432479374729	0.868432479374729	1
11	92467054	92467055	60	23	2	1	1	1	NA	NA	NA	unphased	1.20324982082041	1.20324982082041	1
11	92616627	92616628	32	16	2	1	1	1	NA	NA	NA	unphased	1.44738746562455	1.44738746562455	1
11	94278615	94278616	63	15	2	1	1	1	NA	NA	NA	unphased	0.835031230168008	0.835031230168008	1
11	95126369	95126370	54	12	2	1	1	1	NA	NA	NA	unphased	0.789484072158844	0.789484072158844	1
11	96529822	96529823	60	21	2	1	1	1	NA	NA	NA	unphased	1.12574580659687	1.12574580659687	1
11	96917553	96917554	49	26	2	1	1	1	NA	NA	NA	unphased	1.50528296424953	1.50528296424953	1
11	97430489	97430490	67	17	2	1	1	1	NA	NA	NA	unphased	0.878770961272047	0.878770961272047	1
11	97554233	97554234	58	15	2	1	1	1	NA	NA	NA	unphased	0.892225150042529	0.892225150042529	1
11	97669937	97669938	62	19	2	1	1	1	NA	NA	NA	unphased	1.01853192025431	1.01853192025431	1
11	97718612	97718613	54	11	2	1	1	1	NA	NA	NA	unphased	0.734827482547847	0.734827482547847	1
11	97728145	97728146	65	10	2	1	1	1	NA	NA	NA	unphased	0.578954986249819	0.578954986249819	1
11	97928013	97928014	59	15	2	1	1	1	NA	NA	NA	unphased	0.880168053420333	0.880168053420333	1
11	98115854	98115855	60	17	2	1	1	1	NA	NA	NA	unphased	0.958659230478596	0.958659230478596	1
11	98298641	98298642	70	21	2	1	1	1	NA	NA	NA	unphased	1.00203747620161	1.00203747620161	1
11	98322678	98322679	58	20	2	1	1	1	NA	NA	NA	unphased	1.11337497355734	1.11337497355734	1
11	98351224	98351225	67	8	2	1	1	1	NA	NA	NA	unphased	0.463163988999855	0.463163988999855	1
11	98437824	98437825	58	21	2	1	1	1	NA	NA	NA	unphased	1.15424570043477	1.15424570043477	1
11	98885338	98885339	51	15	2	1	1	1	NA	NA	NA	unphased	0.986855090198555	0.986855090198555	1
11	98989046	98989047	58	17	2	1	1	1	NA	NA	NA	unphased	0.984223476624692	0.984223476624692	1
11	100017103	100017104	50	17	2	1	1	1	NA	NA	NA	unphased	1.10174269771421	1.10174269771421	1
11	100190792	100190793	50	23	2	1	1	1	NA	NA	NA	unphased	1.36807856339855	1.36807856339855	1
11	100742715	100742716	55	16	2	1	1	1	NA	NA	NA	unphased	0.978515469718004	0.978515469718004	1
11	100905650	100905651	48	22	2	1	1	1	NA	NA	NA	unphased	1.364679610446	1.364679610446	1
11	102087390	102087391	64	16	2	1	1	1	NA	NA	NA	unphased	0.868432479374729	0.868432479374729	1
11	105001875	105001876	50	12	2	1	1	1	NA	NA	NA	unphased	0.840418528427157	0.840418528427157	1
11	105001885	105001886	55	12	2	1	1	1	NA	NA	NA	unphased	0.777700727798264	0.777700727798264	1
11	105619579	105619580	50	16	2	1	1	1	NA	NA	NA	unphased	1.05264542954513	1.05264542954513	1
11	106968346	106968347	69	20	2	1	1	1	NA	NA	NA	unphased	0.975766830758122	0.975766830758122	1
11	107730858	107730859	55	11	2	1	1	1	NA	NA	NA	unphased	0.723693732812274	0.723693732812274	1
11	107760950	107760951	58	4	2	1	1	1	NA	NA	NA	unphased	0.280139509475719	0.280139509475719	1
11	108980744	108980745	69	19	2	1	1	1	NA	NA	NA	unphased	0.937512335688627	0.937512335688627	1
11	110823687	110823688	47	20	2	1	1	1	NA	NA	NA	unphased	1.29616787966377	1.29616787966377	1
11	114096924	114096925	53	11	2	1	1	1	NA	NA	NA	unphased	0.746309161962657	0.746309161962657	1
11	114413411	114413412	53	19	2	1	1	1	NA	NA	NA	unphased	1.1458484102861	1.1458484102861	1
11	115012745	115012746	49	22	2	1	1	1	NA	NA	NA	unphased	1.34545877086226	1.34545877086226	1
11	115891500	115891501	61	18	2	1	1	1	NA	NA	NA	unphased	0.989353457515514	0.989353457515514	1
11	116336148	116336149	53	20	2	1	1	1	NA	NA	NA	unphased	1.18963353339004	1.18963353339004	1
11	116425289	116425290	52	14	2	1	1	1	NA	NA	NA	unphased	0.921064750851985	0.921064750851985	1
11	117663500	117663501	43	17	2	1	1	1	NA	NA	NA	unphased	1.23027934578087	1.23027934578087	1
11	118169569	118169570	54	12	2	1	1	1	NA	NA	NA	unphased	0.789484072158844	0.789484072158844	1
11	118320192	118320193	65	15	2	1	1	1	NA	NA	NA	unphased	0.814155449413808	0.814155449413808	1
11	118976590	118976591	68	15	2	1	1	1	NA	NA	NA	unphased	0.784728144013309	0.784728144013309	1
11	119409260	119409261	69	8	NA	NA	NA	NA	NA	NA	NA	unphased	NA	NA	1
11	119411501	119411502	52	8	NA	NA	NA	NA	NA	NA	NA	unphased	NA	NA	1
11	119411519	119411520	44	11	NA	NA	NA	NA	NA	NA	NA	unphased	NA	NA	1
11	119412139	119412140	60	10	NA	NA	NA	NA	NA	NA	NA	unphased	NA	NA	1
11	119412274	119412275	50	7	1	1	0	1	NA	NA	NA	unphased	0.41044099610729	0.41044099610729	1
11	119412347	119412348	59	4	1	1	0	1	NA	NA	NA	unphased	0.212200787103088	0.212200787103088	1
11	119412368	119412369	59	4	1	1	0	1	NA	NA	NA	unphased	0.212200787103088	0.212200787103088	1
11	119412404	119412405	52	5	1	1	0	1	NA	NA	NA	unphased	0.293172140076635	0.293172140076635	1
11	119412535	119412536	37	6	1	1	0	1	NA	NA	NA	unphased	0.466348241424229	0.466348241424229	1
11	119412600	119412601	44	6	1	1	0	1	NA	NA	NA	unphased	0.401059487624837	0.401059487624837	1
11	119412724	119412725	62	11	1	1	0	1	NA	NA	NA	unphased	0.503613511857672	0.503613511857672	1
11	119412745	119412746	58	10	1	1	0	1	NA	NA	NA	unphased	0.491494470128477	0.491494470128477	1
11	119412826	119412827	50	8	1	1	0	1	NA	NA	NA	unphased	0.460987916810158	0.460987916810158	1
11	119412833	119412834	52	8	1	1	0	1	NA	NA	NA	unphased	0.445621652916486	0.445621652916486	1
11	119412977	119412978	59	12	1	1	0	1	NA	NA	NA	unphased	0.564872517781461	0.564872517781461	1
11	119412999	119413000	65	15	1	1	0	1	NA	NA	NA	unphased	0.626655449413808	0.626655449413808	1
11	119413127	119413128	43	4	1	1	0	1	NA	NA	NA	unphased	0.284439352925416	0.284439352925416	1
11	121768236	121768237	25	10	1	1	0	1	NA	NA	NA	unphased	0.954903541963898	0.954903541963898	1
11	121973002	121973003	58	20	2	1	1	1	NA	NA	NA	unphased	1.11337497355734	1.11337497355734	1
11	122492834	122492835	64	28	2	1	1	1	NA	NA	NA	unphased	1.32152768600502	1.32152768600502	1
11	123316255	123316256	58	15	2	1	1	1	NA	NA	NA	unphased	0.892225150042529	0.892225150042529	1
11	124443087	124443088	65	10	2	1	1	1	NA	NA	NA	unphased	0.578954986249819	0.578954986249819	1
11	127243834	127243835	51	16	2	1	1	1	NA	NA	NA	unphased	1.03693430373102	1.03693430373102	1
11	127496475	127496476	32	14	2	1	1	1	NA	NA	NA	unphased	1.32152768600502	1.32152768600502	1
11	127558196	127558197	70	16	2	1	1	1	NA	NA	NA	unphased	0.807844166860213	0.807844166860213	1
11	130473760	130473761	50	22	2	1	1	1	NA	NA	NA	unphased	1.32677184348917	1.32677184348917	1
11	131226907	131226908	56	15	2	1	1	1	NA	NA	NA	unphased	0.917358252860629	0.917358252860629	1
11	131521472	131521473	47	19	2	1	1	1	NA	NA	NA	unphased	1.25001644758484	1.25001644758484	1
11	131677937	131677938	51	16	2	1	1	1	NA	NA	NA	unphased	1.03693430373102	1.03693430373102	1
11	131900521	131900522	58	7	2	1	1	1	NA	NA	NA	unphased	0.467617488894085	0.467617488894085	1
11	132023538	132023539	59	10	2	1	1	1	NA	NA	NA	unphased	0.629298898097629	0.629298898097629	1
11	132061839	132061840	72	15	2	1	1	1	NA	NA	NA	unphased	0.748648689116145	0.748648689116145	1
11	132182699	132182700	36	12	1	1	0	1	NA	NA	NA	unphased	0.835540599218411	0.835540599218411	1
11	134374435	134374436	51	15	2	1	1	1	NA	NA	NA	unphased	0.986855090198555	0.986855090198555	1
12	706194	706195	64	16	2	1	1	1	NA	NA	NA	unphased	0.868432479374729	0.868432479374729	1
12	1054537	1054538	73	11	2	1	1	1	NA	NA	NA	unphased	0.568616504352501	0.568616504352501	1
12	3198972	3198973	42	14	2	1	1	1	NA	NA	NA	unphased	1.08554059921841	1.08554059921841	1
12	3662784	3662785	49	9	2	1	1	1	NA	NA	NA	unphased	0.673783820204531	0.673783820204531	1
12	4254977	4254978	44	8	2	1	1	1	NA	NA	NA	unphased	0.668024984134407	0.668024984134407	1
12	4600474	4600475	57	16	2	1	1	1	NA	NA	NA	unphased	0.951706826712031	0.951706826712031	1
12	5027834	5027835	56	25	2	1	1	1	NA	NA	NA	unphased	1.34017357928199	1.34017357928199	1
12	5282935	5282936	38	5	2	1	1	1	NA	NA	NA	unphased	0.504902604287633	0.504902604287633	1
12	5483306	5483307	60	17	2	1	1	1	NA	NA	NA	unphased	0.958659230478596	0.958659230478596	1
12	6290730	6290731	38	10	2	1	1	1	NA	NA	NA	unphased	0.904617166015342	0.904617166015342	1
12	6851043	6851044	56	26	2	1	1	1	NA	NA	NA	unphased	1.37678319900872	1.37678319900872	1
12	10010460	10010461	75	24	2	1	1	1	NA	NA	NA	unphased	1.05264542954513	1.05264542954513	1
12	10824499	10824500	61	24	2	1	1	1	NA	NA	NA	unphased	1.22602232382315	1.22602232382315	1
12	15564363	15564364	53	27	2	1	1	1	NA	NA	NA	unphased	1.46547980894485	1.46547980894485	1
12	15803335	15803336	52	20	2	1	1	1	NA	NA	NA	unphased	1.20615622135379	1.20615622135379	1
12	16462529	16462530	59	15	2	1	1	1	NA	NA	NA	unphased	0.880168053420333	0.880168053420333	1
12	17246384	17246385	45	11	2	1	1	1	NA	NA	NA	unphased	0.852924756528751	0.852924756528751	1
12	18296403	18296404	66	16	2	1	1	1	NA	NA	NA	unphased	0.847251199389979	0.847251199389979	1
12	18683719	18683720	47	11	2	1	1	1	NA	NA	NA	unphased	0.82351355802776	0.82351355802776	1
12	18995306	18995307	57	18	2	1	1	1	NA	NA	NA	unphased	1.04211897524967	1.04211897524967	1
12	20434769	20434770	58	11	2	1	1	1	NA	NA	NA	unphased	0.692228787907392	0.692228787907392	1
12	20728143	20728144	66	25	2	1	1	1	NA	NA	NA	unphased	1.19290175738287	1.19290175738287	1
12	22473500	22473501	52	15	2	1	1	1	NA	NA	NA	unphased	0.972125909747831	0.972125909747831	1
12	23870892	23870893	64	11	2	1	1	1	NA	NA	NA	unphased	0.636850484874801	0.636850484874801	1
12	24019948	24019949	55	14	2	1	1	1	NA	NA	NA	unphased	0.881018457336681	0.881018457336681	1
12	24120027	24120028	67	14	2	1	1	1	NA	NA	NA	unphased	0.750497204397914	0.750497204397914	1
12	24346663	24346664	57	26	2	1	1	1	NA	NA	NA	unphased	1.36019544962307	1.36019544962307	1
12	24976244	24976245	48	17	2	1	1	1	NA	NA	NA	unphased	1.13564247302849	1.13564247302849	1
12	25011061	25011062	49	14	2	1	1	1	NA	NA	NA	unphased	0.964924977083032	0.964924977083032	1
12	27281663	27281664	51	15	2	1	1	1	NA	NA	NA	unphased	0.986855090198555	0.986855090198555	1
12	27507512	27507513	66	26	2	1	1	1	NA	NA	NA	unphased	1.22713285129038	1.22713285129038	1
12	27544700	27544701	55	20	2	1	1	1	NA	NA	NA	unphased	1.15790997249964	1.15790997249964	1
12	28312758	28312759	68	22	2	1	1	1	NA	NA	NA	unphased	1.06141747479133	1.06141747479133	1
12	29823084	29823085	66	18	2	1	1	1	NA	NA	NA	unphased	0.930463370758638	0.930463370758638	1
12	32650639	32650640	47	15	2	1	1	1	NA	NA	NA	unphased	1.05052316053395	1.05052316053395	1
12	33216687	33216688	65	14	2	1	1	1	NA	NA	NA	unphased	0.769497133623177	0.769497133623177	1
12	33264918	33264919	69	12	2	1	1	1	NA	NA	NA	unphased	0.643283318055354	0.643283318055354	1
12	33600331	33600332	56	12	2	1	1	1	NA	NA	NA	unphased	0.766263952389466	0.766263952389466	1
12	33652289	33652290	57	16	2	1	1	1	NA	NA	NA	unphased	0.951706826712031	0.951706826712031	1
12	34489758	34489759	46	12	2	1	1	1	NA	NA	NA	unphased	0.898378426939374	0.898378426939374	1
12	39111015	39111016	51	16	2	1	1	1	NA	NA	NA	unphased	1.03693430373102	1.03693430373102	1
12	39630517	39630518	49	13	2	1	1	1	NA	NA	NA	unphased	0.910453405796086	0.910453405796086	1
12	40052688	40052689	53	18	2	1	1	1	NA	NA	NA	unphased	1.10082990343275	1.10082990343275	1
12	40667438	40667439	53	25	2	1	1	1	NA	NA	NA	unphased	1.39171871694668	1.39171871694668	1
12	40727067	40727068	54	12	2	1	1	1	NA	NA	NA	unphased	0.789484072158844	0.789484072158844	1
12	41330055	41330056	53	15	2	1	1	1	NA	NA	NA	unphased	0.957829940486833	0.957829940486833	1
12	41769859	41769860	54	13	NA	NA	NA	NA	NA	NA	NA	unphased	NA	NA	1
12	43375019	43375020	30	30	1	1	0	1	NA	NA	NA	unphased	1.67108119843682	1.67108119843682	1
12	43965187	43965188	37	5	1	1	0	1	NA	NA	NA	unphased	0.397876475818291	0.397876475818291	1
12	44749746	44749747	30	14	1	1	0	1	NA	NA	NA	unphased	1.06341530809616	1.06341530809616	1
12	45016103	45016104	32	20	1	1	0	1	NA	NA	NA	unphased	1.28544707572063	1.28544707572063	1
12	49791389	49791390	38	13	1	1	0	1	NA	NA	NA	unphased	0.851923748222693	0.851923748222693	1
12	51850825	51850826	26	14	1	1	0	1	NA	NA	NA	unphased	1.16975683890578	1.16975683890578	1
12	52154110	52154111	31	21	1	1	0	1	NA	NA	NA	unphased	1.34971942950666	1.34971942950666	1
12	53113012	53113013	31	18	1	1	0	1	NA	NA	NA	unphased	1.22773312538215	1.22773312538215	1
12	53953071	53953072	35	20	1	1	0	1	NA	NA	NA	unphased	1.21533178068132	1.21533178068132	1
12	58672413	58672414	45	12	1	1	0	1	NA	NA	NA	unphased	0.703613136183925	0.703613136183925	1
12	59058015	59058016	44	20	1	1	0	1	NA	NA	NA	unphased	1.04442574902301	1.04442574902301	1
12	60429073	60429074	34	20	1	1	0	1	NA	NA	NA	unphased	1.23783792476802	1.23783792476802	1
12	61139437	61139438	35	8	1	1	0	1	NA	NA	NA	unphased	0.621797655232306	0.621797655232306	1
12	61500267	61500268	33	19	1	1	0	1	NA	NA	NA	unphased	1.2211747219346	1.2211747219346	1
12	62162462	62162463	40	15	1	1	0	1	NA	NA	NA	unphased	0.911498835510994	0.911498835510994	1
12	64326222	64326223	45	14	1	1	0	1	NA	NA	NA	unphased	0.793055484003915	0.793055484003915	1
12	65540609	65540610	50	15	2	1	1	1	NA	NA	NA	unphased	1.00203747620161	1.00203747620161	1
12	65669037	65669038	54	18	2	1	1	1	NA	NA	NA	unphased	1.08554059921841	1.08554059921841	1
12	67020540	67020541	52	18	2	1	1	1	NA	NA	NA	unphased	1.11655604491037	1.11655604491037	1
12	67854327	67854328	55	17	2	1	1	1	NA	NA	NA	unphased	1.02523278815072	1.02523278815072	1
12	71295190	71295191	69	18	2	1	1	1	NA	NA	NA	unphased	0.898378426939374	0.898378426939374	1
12	71737399	71737400	66	20	2	1	1	1	NA	NA	NA	unphased	1.00980520857527	1.00980520857527	1
12	73328802	73328803	52	16	2	1	1	1	NA	NA	NA	unphased	1.02168526985262	1.02168526985262	1
12	74305085	74305086	69	18	2	1	1	1	NA	NA	NA	unphased	0.898378426939374	0.898378426939374	1
12	75189944	75189945	58	17	2	1	1	1	NA	NA	NA	unphased	0.984223476624692	0.984223476624692	1
12	76961874	76961875	48	10	2	1	1	1	NA	NA	NA	unphased	0.748648689116145	0.748648689116145	1
12	79189089	79189090	55	18	2	1	1	1	NA	NA	NA	unphased	1.07067018005104	1.07067018005104	1
12	79218427	79218428	79	12	2	1	1	1	NA	NA	NA	unphased	0.572592843543777	0.572592843543777	1
12	79271565	79271566	50	14	2	1	1	1	NA	NA	NA	unphased	0.949848024316109	0.949848024316109	1
12	81216822	81216823	58	14	2	1	1	1	NA	NA	NA	unphased	0.844309354947653	0.844309354947653	1
12	81599783	81599784	65	19	2	1	1	1	NA	NA	NA	unphased	0.982155780245229	0.982155780245229	1
12	81806816	81806817	58	11	2	1	1	1	NA	NA	NA	unphased	0.692228787907392	0.692228787907392	1
12	81960591	81960592	61	21	2	1	1	1	NA	NA	NA	unphased	1.11201719919935	1.11201719919935	1
12	83844963	83844964	78	4	2	1	1	1	NA	NA	NA	unphased	0.211812799847495	0.211812799847495	1
12	84549342	84549343	34	13	2	1	1	1	NA	NA	NA	unphased	1.20102364168845	1.20102364168845	1
12	85212139	85212140	46	16	2	1	1	1	NA	NA	NA	unphased	1.12055803790288	1.12055803790288	1
12	87020752	87020753	66	5	2	1	1	1	NA	NA	NA	unphased	0.305786084286876	0.305786084286876	1
12	90464964	90464965	44	18	2	1	1	1	NA	NA	NA	unphased	1.26062779264074	1.26062779264074	1
12	90798171	90798172	53	21	2	1	1	1	NA	NA	NA	unphased	1.23223527478847	1.23223527478847	1
12	91524713	91524714	65	19	2	1	1	1	NA	NA	NA	unphased	0.982155780245229	0.982155780245229	1
12	92978362	92978363	62	19	2	1	1	1	NA	NA	NA	unphased	1.01853192025431	1.01853192025431	1
12	93669566	93669567	51	15	2	1	1	1	NA	NA	NA	unphased	0.986855090198555	0.986855090198555	1
12	94820328	94820329	57	24	2	1	1	1	NA	NA	NA	unphased	1.28656663611071	1.28656663611071	1
12	95198260	95198261	47	10	2	1	1	1	NA	NA	NA	unphased	0.761782876644499	0.761782876644499	1
12	97242936	97242937	74	18	2	1	1	1	NA	NA	NA	unphased	0.8495535124318	0.8495535124318	1
12	97435593	97435594	42	4	2	1	1	1	NA	NA	NA	unphased	0.377579338858578	0.377579338858578	1
12	97500706	97500707	59	17	2	1	1	1	NA	NA	NA	unphased	0.971273167721736	0.971273167721736	1
12	97840277	97840278	72	14	2	1	1	1	NA	NA	NA	unphased	0.706863646002686	0.706863646002686	1
12	98292981	98292982	45	13	2	1	1	1	NA	NA	NA	unphased	0.973243295850989	0.973243295850989	1
12	99057820	99057821	71	19	2	1	1	1	NA	NA	NA	unphased	0.91667872822888	0.91667872822888	1
12	100979427	100979428	48	16	2	1	1	1	NA	NA	NA	unphased	1.08554059921841	1.08554059921841	1
12	101265886	101265887	56	19	2	1	1	1	NA	NA	NA	unphased	1.10001447387466	1.10001447387466	1
12	103956132	103956133	51	15	2	1	1	1	NA	NA	NA	unphased	0.986855090198555	0.986855090198555	1
12	104064561	104064562	59	13	2	1	1	1	NA	NA	NA	unphased	0.784001543879963	0.784001543879963	1
12	105479160	105479161	42	17	2	1	1	1	NA	NA	NA	unphased	1.25113153808224	1.25113153808224	1
12	106260274	106260275	62	16	2	1	1	1	NA	NA	NA	unphased	0.890699978845875	0.890699978845875	1
12	107057956	107057957	66	14	2	1	1	1	NA	NA	NA	unphased	0.759878419452887	0.759878419452887	1
12	107496127	107496128	51	22	2	1	1	1	NA	NA	NA	unphased	1.30859688672904	1.30859688672904	1
12	107737184	107737185	71	17	2	1	1	1	NA	NA	NA	unphased	0.838826826668772	0.838826826668772	1
12	107781897	107781898	42	14	2	1	1	1	NA	NA	NA	unphased	1.08554059921841	1.08554059921841	1
12	109123932	109123933	54	19	2	1	1	1	NA	NA	NA	unphased	1.13015185672054	1.13015185672054	1
12	110069820	110069821	48	18	2	1	1	1	NA	NA	NA	unphased	1.18422610823827	1.18422610823827	1
12	110215608	110215609	50	13	2	1	1	1	NA	NA	NA	unphased	0.896001764434244	0.896001764434244	1
12	112211239	112211240	79	17	2	1	1	1	NA	NA	NA	unphased	0.768924591113041	0.768924591113041	1
12	113012514	113012515	14	4	2	1	1	1	NA	NA	NA	unphased	0.964924977083032	0.964924977083032	1
12	113258811	113258812	37	18	2	1	1	1	NA	NA	NA	unphased	1.42107132988592	1.42107132988592	1
12	113390445	113390446	66	14	2	1	1	1	NA	NA	NA	unphased	0.759878419452887	0.759878419452887	1
12	113544429	113544430	65	17	2	1	1	1	NA	NA	NA	unphased	0.900204399351853	0.900204399351853	1
12	114829919	114829920	49	18	2	1	1	1	NA	NA	NA	unphased	1.1665510916974	1.1665510916974	1
12	115165851	115165852	71	16	2	1	1	1	NA	NA	NA	unphased	0.798558601723888	0.798558601723888	1
12	115391179	115391180	40	14	2	1	1	1	NA	NA	NA	unphased	1.12574580659687	1.12574580659687	1
12	115737899	115737900	55	7	2	1	1	1	NA	NA	NA	unphased	0.490244141582508	0.490244141582508	1
12	115874882	115874883	51	16	2	1	1	1	NA	NA	NA	unphased	1.03693430373102	1.03693430373102	1
12	116374556	116374557	53	10	2	1	1	1	NA	NA	NA	unphased	0.68923212648788	0.68923212648788	1
12	116427506	116427507	64	18	2	1	1	1	NA	NA	NA	unphased	0.953157599313727	0.953157599313727	1
12	117515107	117515108	45	14	2	1	1	1	NA	NA	NA	unphased	1.03034361959714	1.03034361959714	1
12	117728943	117728944	64	21	2	1	1	1	NA	NA	NA	unphased	1.07276953334525	1.07276953334525	1
12	118060836	118060837	49	13	2	1	1	1	NA	NA	NA	unphased	0.910453405796086	0.910453405796086	1
12	118096750	118096751	54	9	2	1	1	1	NA	NA	NA	unphased	0.620308913839092	0.620308913839092	1
12	119788746	119788747	43	18	2	1	1	1	NA	NA	NA	unphased	1.28129382202829	1.28129382202829	1
12	120050117	120050118	49	17	2	1	1	1	NA	NA	NA	unphased	1.1184357688917	1.1184357688917	1
12	120402182	120402183	37	6	2	1	1	1	NA	NA	NA	unphased	0.60588312514516	0.60588312514516	1
12	121314803	121314804	60	23	2	1	1	1	NA	NA	NA	unphased	1.20324982082041	1.20324982082041	1
12	121378367	121378368	42	12	2	1	1	1	NA	NA	NA	unphased	0.964924977083032	0.964924977083032	1
12	121618492	121618493	40	11	2	1	1	1	NA	NA	NA	unphased	0.936544830698237	0.936544830698237	1
12	121911567	121911568	53	11	2	1	1	1	NA	NA	NA	unphased	0.746309161962657	0.746309161962657	1
12	122314444	122314445	55	14	2	1	1	1	NA	NA	NA	unphased	0.881018457336681	0.881018457336681	1
12	126616420	126616421	54	18	2	1	1	1	NA	NA	NA	unphased	1.08554059921841	1.08554059921841	1
12	126726854	126726855	47	17	2	1	1	1	NA	NA	NA	unphased	1.15338688666956	1.15338688666956	1
12	127494906	127494907	58	24	1	1	0	1	NA	NA	NA	unphased	0.9781938722557	0.9781938722557	1
12	127502284	127502285	27	11	1	1	0	1	NA	NA	NA	unphased	0.967468062252897	0.967468062252897	1
12	127570877	127570878	33	14	1	1	0	1	NA	NA	NA	unphased	0.995537735238957	0.995537735238957	1
12	128460958	128460959	36	18	1	1	0	1	NA	NA	NA	unphased	1.11405413229121	1.11405413229121	1
12	128739696	128739697	35	17	1	1	0	1	NA	NA	NA	unphased	1.09263001436254	1.09263001436254	1
12	128951391	128951392	53	5	1	1	0	1	NA	NA	NA	unphased	0.288117448006349	0.288117448006349	1
12	130388072	130388073	43	12	1	1	0	1	NA	NA	NA	unphased	0.729199068408795	0.729199068408795	1
12	130696151	130696152	42	15	1	1	0	1	NA	NA	NA	unphased	0.879516420229906	0.879516420229906	1
12	130816866	130816867	34	11	1	1	0	1	NA	NA	NA	unphased	0.816973030346891	0.816973030346891	1
12	130904483	130904484	45	21	1	1	0	1	NA	NA	NA	unphased	1.06341530809616	1.06341530809616	1
12	131476988	131476989	46	18	1	1	0	1	NA	NA	NA	unphased	0.939983174120712	0.939983174120712	1
12	131493217	131493218	44	9	1	1	0	1	NA	NA	NA	unphased	0.567537010789864	0.567537010789864	1
12	132041632	132041633	34	15	1	1	0	1	NA	NA	NA	unphased	1.02311093781846	1.02311093781846	1
12	132241823	132241824	25	9	1	1	0	1	NA	NA	NA	unphased	0.884690046231259	0.884690046231259	1
12	133478038	133478039	68	20	2	1	1	1	NA	NA	NA	unphased	0.986855090198555	0.986855090198555	1
13	19215289	19215290	36	7	NA	NA	NA	NA	NA	NA	NA	unphased	NA	NA	1
13	19647209	19647210	58	27	2	1	1	1	NA	NA	NA	unphased	1.37927511430104	1.37927511430104	1
13	22324151	22324152	89	13	2	1	1	1	NA	NA	NA	unphased	0.553412854503504	0.553412854503504	1
13	22534357	22534358	47	18	2	1	1	1	NA	NA	NA	unphased	1.20244497144193	1.20244497144193	1
13	23017720	23017721	52	14	2	1	1	1	NA	NA	NA	unphased	0.921064750851985	0.921064750851985	1
13	23167199	23167200	50	14	2	1	1	1	NA	NA	NA	unphased	0.949848024316109	0.949848024316109	1
13	23202387	23202388	41	11	2	1	1	1	NA	NA	NA	unphased	0.918534353184809	0.918534353184809	1
13	23488184	23488185	61	25	2	1	1	1	NA	NA	NA	unphased	1.26225651071908	1.26225651071908	1
13	23613374	23613375	58	22	2	1	1	1	NA	NA	NA	unphased	1.19409465914025	1.19409465914025	1
13	24866003	24866004	35	6	2	1	1	1	NA	NA	NA	unphased	0.635438399542484	0.635438399542484	1
13	25335091	25335092	56	12	2	1	1	1	NA	NA	NA	unphased	0.766263952389466	0.766263952389466	1
13	25750389	25750390	51	14	2	1	1	1	NA	NA	NA	unphased	0.935234977788169	0.935234977788169	1
13	25790228	25790229	57	13	2	1	1	1	NA	NA	NA	unphased	0.806401587990819	0.806401587990819	1
13	26571409	26571410	46	18	2	1	1	1	NA	NA	NA	unphased	1.22123317412071	1.22123317412071	1
13	27788510	27788511	37	19	2	1	1	1	NA	NA	NA	unphased	1.47323367036784	1.47323367036784	1
13	28618713	28618714	52	10	2	1	1	1	NA	NA	NA	unphased	0.700348773689297	0.700348773689297	1
13	29424275	29424276	35	18	2	1	1	1	NA	NA	NA	unphased	1.47469666308916	1.47469666308916	1
13	29620517	29620518	55	15	2	1	1	1	NA	NA	NA	unphased	0.930463370758638	0.930463370758638	1
13	32661063	32661064	54	21	2	1	1	1	NA	NA	NA	unphased	1.21580547112462	1.21580547112462	1
13	32715657	32715658	63	16	2	1	1	1	NA	NA	NA	unphased	0.879425295569345	0.879425295569345	1
13	33455352	33455353	48	22	2	1	1	1	NA	NA	NA	unphased	1.364679610446	1.364679610446	1
13	34772447	34772448	49	17	2	1	1	1	NA	NA	NA	unphased	1.1184357688917	1.1184357688917	1
13	34877846	34877847	43	18	2	1	1	1	NA	NA	NA	unphased	1.28129382202829	1.28129382202829	1
13	35393132	35393133	56	19	2	1	1	1	NA	NA	NA	unphased	1.10001447387466	1.10001447387466	1
13	36890797	36890798	55	11	2	1	1	1	NA	NA	NA	unphased	0.723693732812274	0.723693732812274	1
13	36964354	36964355	77	16	2	1	1	1	NA	NA	NA	unphased	0.747038691935251	0.747038691935251	1
13	37455979	37455980	54	18	2	1	1	1	NA	NA	NA	unphased	1.08554059921841	1.08554059921841	1
13	37597046	37597047	68	19	2	1	1	1	NA	NA	NA	unphased	0.948288339547117	0.948288339547117	1
13	38186276	38186277	76	18	2	1	1	1	NA	NA	NA	unphased	0.831477905784315	0.831477905784315	1
13	44000493	44000494	58	17	2	1	1	1	NA	NA	NA	unphased	0.984223476624692	0.984223476624692	1
13	46345868	46345869	58	19	2	1	1	1	NA	NA	NA	unphased	1.07144266935843	1.07144266935843	1
13	46793135	46793136	51	17	2	1	1	1	NA	NA	NA	unphased	1.08554059921841	1.08554059921841	1
13	47240856	47240857	65	12	2	1	1	1	NA	NA	NA	unphased	0.676700633279009	0.676700633279009	1
13	47629761	47629762	44	15	2	1	1	1	NA	NA	NA	unphased	1.1039395924255	1.1039395924255	1
13	47677041	47677042	48	17	2	1	1	1	NA	NA	NA	unphased	1.13564247302849	1.13564247302849	1
13	51975747	51975748	72	16	2	1	1	1	NA	NA	NA	unphased	0.789484072158844	0.789484072158844	1
13	52259769	52259770	54	19	2	1	1	1	NA	NA	NA	unphased	1.13015185672054	1.13015185672054	1
13	52396308	52396309	68	9	2	1	1	1	NA	NA	NA	unphased	0.507525474959257	0.507525474959257	1
13	52765541	52765542	30	14	2	1	1	1	NA	NA	NA	unphased	1.38159712627798	1.38159712627798	1
13	53476084	53476085	71	6	2	1	1	1	NA	NA	NA	unphased	0.338350316639505	0.338350316639505	1
13	54331100	54331101	49	20	2	1	1	1	NA	NA	NA	unphased	1.25859779619526	1.25859779619526	1
13	54399194	54399195	79	7	2	1	1	1	NA	NA	NA	unphased	0.353431823001343	0.353431823001343	1
13	54668423	54668424	48	11	2	1	1	1	NA	NA	NA	unphased	0.809555701112035	0.809555701112035	1
13	54677312	54677313	70	13	2	1	1	1	NA	NA	NA	unphased	0.680097724811534	0.680097724811534	1
13	54947145	54947146	71	21	2	1	1	1	NA	NA	NA	unphased	0.991145764503766	0.991145764503766	1
13	55983726	55983727	56	21	2	1	1	1	NA	NA	NA	unphased	1.18422610823827	1.18422610823827	1
13	56100684	56100685	52	10	2	1	1	1	NA	NA	NA	unphased	0.700348773689297	0.700348773689297	1
13	56263204	56263205	49	11	2	1	1	1	NA	NA	NA	unphased	0.796063106093501	0.796063106093501	1
13	56349062	56349063	44	4	2	1	1	1	NA	NA	NA	unphased	0.361846866406137	0.361846866406137	1
13	56753781	56753782	60	16	2	1	1	1	NA	NA	NA	unphased	0.914139451973399	0.914139451973399	1
13	57074983	57074984	53	13	2	1	1	1	NA	NA	NA	unphased	0.855274411505415	0.855274411505415	1
13	57188725	57188726	70	15	2	1	1	1	NA	NA	NA	unphased	0.766263952389466	0.766263952389466	1
13	57188733	57188734	69	15	2	1	1	1	NA	NA	NA	unphased	0.775386142298865	0.775386142298865	1
13	57577816	57577817	53	12	2	1	1	1	NA	NA	NA	unphased	0.801629980961288	0.801629980961288	1
13	57821546	57821547	64	17	2	1	1	1	NA	NA	NA	unphased	0.911318033911752	0.911318033911752	1
13	57874903	57874904	72	20	2	1	1	1	NA	NA	NA	unphased	0.943948347146444	0.943948347146444	1
13	57973406	57973407	65	18	2	1	1	1	NA	NA	NA	unphased	0.941673772815971	0.941673772815971	1
13	58388781	58388782	66	9	2	1	1	1	NA	NA	NA	unphased	0.521059487624837	0.521059487624837	1
13	58787495	58787496	41	15	2	1	1	1	NA	NA	NA	unphased	1.1630792134483	1.1630792134483	1
13	60500709	60500710	78	18	2	1	1	1	NA	NA	NA	unphased	0.814155449413808	0.814155449413808	1
13	63753292	63753293	61	17	2	1	1	1	NA	NA	NA	unphased	0.946368727523743	0.946368727523743	1
13	63894836	63894837	67	14	2	1	1	1	NA	NA	NA	unphased	0.750497204397914	0.750497204397914	1
13	63933174	63933175	50	11	2	1	1	1	NA	NA	NA	unphased	0.783012891239509	0.783012891239509	1
13	64275519	64275520	48	20	2	1	1	1	NA	NA	NA	unphased	1.27710658731578	1.27710658731578	1
13	64435128	64435129	45	11	2	1	1	1	NA	NA	NA	unphased	0.852924756528751	0.852924756528751	1
13	64978595	64978596	55	22	2	1	1	1	NA	NA	NA	unphased	1.24061782767818	1.24061782767818	1
13	65007100	65007101	67	13	2	1	1	1	NA	NA	NA	unphased	0.705601389491967	0.705601389491967	1
13	65488535	65488536	53	13	2	1	1	1	NA	NA	NA	unphased	0.855274411505415	0.855274411505415	1
13	65614461	65614462	56	14	2	1	1	1	NA	NA	NA	unphased	0.868432479374729	0.868432479374729	1
13	66159566	66159567	45	9	2	1	1	1	NA	NA	NA	unphased	0.723693732812274	0.723693732812274	1
13	66185248	66185249	68	22	2	1	1	1	NA	NA	NA	unphased	1.06141747479133	1.06141747479133	1
13	66739067	66739068	39	11	2	1	1	1	NA	NA	NA	unphased	0.955275727312201	0.955275727312201	1
13	66830483	66830484	47	8	2	1	1	1	NA	NA	NA	unphased	0.631587257727075	0.631587257727075	1
13	66897813	66897814	66	13	2	1	1	1	NA	NA	NA	unphased	0.714533052650093	0.714533052650093	1
13	67177579	67177580	66	4	2	1	1	1	NA	NA	NA	unphased	0.248123565535637	0.248123565535637	1
13	67392791	67392792	45	8	2	1	1	1	NA	NA	NA	unphased	0.655420739150739	0.655420739150739	1
13	67433565	67433566	57	11	2	1	1	1	NA	NA	NA	unphased	0.702408623023678	0.702408623023678	1
13	67764152	67764153	68	4	2	1	1	1	NA	NA	NA	unphased	0.241231244270758	0.241231244270758	1
13	67912264	67912265	47	10	2	1	1	1	NA	NA	NA	unphased	0.761782876644499	0.761782876644499	1
13	68049704	68049705	61	12	2	1	1	1	NA	NA	NA	unphased	0.713780120034023	0.713780120034023	1
13	68520490	68520491	61	13	2	1	1	1	NA	NA	NA	unphased	0.762812312964289	0.762812312964289	1
13	68781520	68781521	64	18	2	1	1	1	NA	NA	NA	unphased	0.953157599313727	0.953157599313727	1
13	69035801	69035802	53	13	2	1	1	1	NA	NA	NA	unphased	0.855274411505415	0.855274411505415	1
13	69364240	69364241	47	5	2	1	1	1	NA	NA	NA	unphased	0.417515615084004	0.417515615084004	1
13	69418324	69418325	59	4	2	1	1	1	NA	NA	NA	unphased	0.275692850595152	0.275692850595152	1
13	69966335	69966336	64	12	2	1	1	1	NA	NA	NA	unphased	0.685604588980049	0.685604588980049	1
13	70175561	70175562	56	11	2	1	1	1	NA	NA	NA	unphased	0.712892333815076	0.712892333815076	1
13	71210968	71210969	63	23	2	1	1	1	NA	NA	NA	unphased	1.16127598986156	1.16127598986156	1
13	72209601	72209602	59	15	2	1	1	1	NA	NA	NA	unphased	0.880168053420333	0.880168053420333	1
13	72246630	72246631	60	25	2	1	1	1	NA	NA	NA	unphased	1.27710658731578	1.27710658731578	1
13	73071437	73071438	50	17	2	1	1	1	NA	NA	NA	unphased	1.10174269771421	1.10174269771421	1
13	75754067	75754068	48	20	2	1	1	1	NA	NA	NA	unphased	1.27710658731578	1.27710658731578	1
13	76908435	76908436	57	20	2	1	1	1	NA	NA	NA	unphased	1.12783438879835	1.12783438879835	1
13	77588249	77588250	59	19	2	1	1	1	NA	NA	NA	unphased	1.05770622487948	1.05770622487948	1
13	77588250	77588251	59	18	2	1	1	1	NA	NA	NA	unphased	1.01505094991851	1.01505094991851	1
13	78447110	78447111	47	12	2	1	1	1	NA	NA	NA	unphased	0.883151673940402	0.883151673940402	1
13	78573603	78573604	67	15	2	1	1	1	NA	NA	NA	unphased	0.794297999428105	0.794297999428105	1
13	78847056	78847057	50	24	2	1	1	1	NA	NA	NA	unphased	1.40826888547253	1.40826888547253	1
13	78987420	78987421	61	16	2	1	1	1	NA	NA	NA	unphased	0.902267511038679	0.902267511038679	1
13	80180751	80180752	70	17	2	1	1	1	NA	NA	NA	unphased	0.848468514331631	0.848468514331631	1
13	80734896	80734897	58	25	2	1	1	1	NA	NA	NA	unphased	1.30788024002218	1.30788024002218	1
13	81135065	81135066	59	17	2	1	1	1	NA	NA	NA	unphased	0.971273167721736	0.971273167721736	1
13	81279675	81279676	45	9	2	1	1	1	NA	NA	NA	unphased	0.723693732812274	0.723693732812274	1
13	82242591	82242592	49	10	2	1	1	1	NA	NA	NA	unphased	0.735959728283668	0.735959728283668	1
13	82595953	82595954	55	23	2	1	1	1	NA	NA	NA	unphased	1.28038121959095	1.28038121959095	1
13	82831996	82831997	50	12	2	1	1	1	NA	NA	NA	unphased	0.840418528427157	0.840418528427157	1
13	83474736	83474737	40	22	2	1	1	1	NA	NA	NA	unphased	1.54076730211645	1.54076730211645	1
13	83479381	83479382	56	20	2	1	1	1	NA	NA	NA	unphased	1.14267431496675	1.14267431496675	1
13	83617563	83617564	65	22	2	1	1	1	NA	NA	NA	unphased	1.09801807737035	1.09801807737035	1
13	83763468	83763469	36	13	2	1	1	1	NA	NA	NA	unphased	1.15200226855831	1.15200226855831	1
13	83967110	83967111	56	16	2	1	1	1	NA	NA	NA	unphased	0.964924977083032	0.964924977083032	1
13	84392601	84392602	65	7	2	1	1	1	NA	NA	NA	unphased	0.422154677473826	0.422154677473826	1
13	84532947	84532948	41	16	2	1	1	1	NA	NA	NA	unphased	1.2188526026312	1.2188526026312	1
13	84651141	84651142	51	18	NA	NA	NA	NA	NA	NA	NA	unphased	NA	NA	1
13	84660602	84660603	53	7	NA	NA	NA	NA	NA	NA	NA	unphased	NA	NA	1
13	84683056	84683057	68	19	NA	NA	NA	NA	NA	NA	NA	unphased	NA	NA	1
13	85103474	85103475	34	11	1	1	0	1	NA	NA	NA	unphased	0.816973030346891	0.816973030346891	1
13	85731946	85731947	69	13	3	2	1	1	NA	NA	NA	unphased	0.846928184870212	0.846928184870212	1
13	85952499	85952500	75	22	3	2	1	1	NA	NA	NA	unphased	1.2116244611466	1.2116244611466	1
13	86654628	86654629	86	15	3	2	1	1	NA	NA	NA	unphased	0.793390454981234	0.793390454981234	1
13	86970884	86970885	67	14	3	2	1	1	NA	NA	NA	unphased	0.923336710570753	0.923336710570753	1
13	86981943	86981944	51	31	3	2	1	1	NA	NA	NA	unphased	2.01959797930589	1.00979898965294	2
13	87157033	87157034	65	18	3	2	1	1	NA	NA	NA	unphased	1.15854124269549	1.15854124269549	1
13	87448572	87448573	76	27	3	2	1	1	NA	NA	NA	unphased	1.40037266714163	0.700186333570817	2
13	87583476	87583477	77	10	3	2	1	1	NA	NA	NA	unphased	0.614041654813062	0.614041654813062	1
13	88162387	88162388	55	24	3	2	1	1	NA	NA	NA	unphased	1.62293541170845	0.811467705854224	2
13	88515758	88515759	47	19	3	2	1	1	NA	NA	NA	unphased	1.53789523546362	0.768947617731812	2
13	89455401	89455402	75	9	3	2	1	1	NA	NA	NA	unphased	0.572374542522176	0.572374542522176	1
13	89549648	89549649	40	27	3	2	1	1	NA	NA	NA	unphased	2.15281171217296	1.07640585608648	2
13	89635943	89635944	71	25	3	2	1	1	NA	NA	NA	unphased	1.39118812418584	0.695594062092922	2
13	90061857	90061858	75	19	3	2	1	1	NA	NA	NA	unphased	1.0797987823468	1.0797987823468	1
13	90195302	90195303	64	13	3	2	1	1	NA	NA	NA	unphased	0.901923521550096	0.901923521550096	1
13	90793468	90793469	82	20	3	2	1	1	NA	NA	NA	unphased	1.0474828229164	1.0474828229164	1
13	91400499	91400500	60	21	3	2	1	1	NA	NA	NA	unphased	1.38500506585613	1.38500506585613	1
13	92337921	92337922	63	38	3	2	1	1	NA	NA	NA	unphased	2.00992248595246	1.00496124297623	2
13	92439970	92439971	69	15	3	2	1	1	NA	NA	NA	unphased	0.953957570870294	0.953957570870294	1
13	92448434	92448435	51	30	3	2	1	1	NA	NA	NA	unphased	1.97857866550876	0.989289332754378	2
13	93862463	93862464	70	12	3	2	1	1	NA	NA	NA	unphased	0.781779862957119	0.781779862957119	1
13	93928185	93928186	58	27	3	2	1	1	NA	NA	NA	unphased	1.69692217312457	0.848461086562285	2
13	94288527	94288528	78	13	3	2	1	1	NA	NA	NA	unphased	0.763166056696235	0.763166056696235	1
13	94296308	94296309	80	13	3	2	1	1	NA	NA	NA	unphased	0.74675388343395	0.74675388343395	1
13	94508279	94508280	72	17	3	2	1	1	NA	NA	NA	unphased	1.02041304209946	1.02041304209946	1
13	95121343	95121344	50	25	3	2	1	1	NA	NA	NA	unphased	1.78072079895788	0.890360399478941	2
13	95622969	95622970	76	4	3	2	1	1	NA	NA	NA	unphased	0.267108119843682	0.267108119843682	1
13	95929562	95929563	47	14	3	2	1	1	NA	NA	NA	unphased	1.22607005829887	1.22607005829887	1
13	95994455	95994456	55	22	3	2	1	1	NA	NA	NA	unphased	1.52633211339247	0.763166056696235	2
13	97922472	97922473	60	38	3	2	1	1	NA	NA	NA	unphased	2.07145072531835	1.03572536265918	2
13	98259801	98259802	67	14	3	2	1	1	NA	NA	NA	unphased	0.923336710570753	0.923336710570753	1
13	99092241	99092242	68	10	3	2	1	1	NA	NA	NA	unphased	0.6848926149838	0.6848926149838	1
13	101764160	101764161	66	19	3	2	1	1	NA	NA	NA	unphased	1.1941304181247	1.1941304181247	1
13	101811106	101811107	59	23	3	2	1	1	NA	NA	NA	unphased	1.49841140400114	0.749205702000572	2
13	102519803	102519804	48	26	3	2	1	1	NA	NA	NA	unphased	1.87697597727993	0.938487988639964	2
13	102615408	102615409	90	5	3	2	1	1	NA	NA	NA	unphased	0.281166441940718	0.281166441940718	1
13	102987313	102987314	52	28	3	2	1	1	NA	NA	NA	unphased	1.86975683890578	0.934878419452888	2
13	104692812	104692813	85	16	3	2	1	1	NA	NA	NA	unphased	0.846283151979983	0.846283151979983	1
13	105580580	105580581	81	9	3	2	1	1	NA	NA	NA	unphased	0.534216239687364	0.534216239687364	1
13	105715382	105715383	81	7	3	2	1	1	NA	NA	NA	unphased	0.424944736114949	0.424944736114949	1
13	106172006	106172007	76	8	3	2	1	1	NA	NA	NA	unphased	0.508777371130823	0.508777371130823	1
13	107664343	107664344	64	27	3	2	1	1	NA	NA	NA	unphased	1.5850371946768	0.792518597338398	2
13	108121561	108121562	69	46	3	2	1	1	NA	NA	NA	unphased	2.13686495874946	1.06843247937473	2
13	108184089	108184090	64	18	3	2	1	1	NA	NA	NA	unphased	1.17266979443568	1.17266979443568	1
13	108249497	108249498	86	19	3	2	1	1	NA	NA	NA	unphased	0.966677005148564	0.966677005148564	1
13	108470945	108470946	41	30	3	2	1	1	NA	NA	NA	unphased	2.25725171698886	1.12862585849443	2
13	109094441	109094442	50	35	3	2	1	1	NA	NA	NA	unphased	2.19971392812444	1.09985696406222	2
13	109537504	109537505	51	37	3	2	1	1	NA	NA	NA	unphased	2.24613646232187	1.12306823116094	2
13	111976893	111976894	65	15	3	2	1	1	NA	NA	NA	unphased	1.00165544941381	1.00165544941381	1
13	112279767	112279768	71	1	3	2	1	1	NA	NA	NA	unphased	0.0741966999565784	0.0741966999565784	1
13	112325008	112325009	64	44	3	2	1	1	NA	NA	NA	unphased	2.17643653205963	1.08821826602982	2
13	112877376	112877377	56	13	3	2	1	1	NA	NA	NA	unphased	1.00649436462837	1.00649436462837	1
13	114091940	114091941	75	15	3	2	1	1	NA	NA	NA	unphased	0.890360399478941	0.890360399478941	1
13	114624266	114624267	68	26	3	2	1	1	NA	NA	NA	unphased	1.47761938636931	0.738809693184653	2
13	114628705	114628706	58	17	3	2	1	1	NA	NA	NA	unphased	1.21089014329136	1.21089014329136	1
13	114910213	114910214	56	11	3	2	1	1	NA	NA	NA	unphased	0.877071438292688	0.877071438292688	1
14	19014319	19014320	124	23	NA	NA	NA	NA	NA	NA	NA	unphased	NA	NA	1
14	19094538	19094539	126	19	NA	NA	NA	NA	NA	NA	NA	unphased	NA	NA	1
14	20295514	20295515	85	8	NA	NA	NA	NA	NA	NA	NA	unphased	NA	NA	1
14	20453707	20453708	57	12	2	1	1	1	NA	NA	NA	unphased	0.755158677717155	0.755158677717155	1
14	20994322	20994323	50	10	2	1	1	1	NA	NA	NA	unphased	0.723693732812274	0.723693732812274	1
14	21919014	21919015	56	17	2	1	1	1	NA	NA	NA	unphased	1.01118850338153	1.01118850338153	1
14	22266791	22266792	50	22	2	1	1	1	NA	NA	NA	unphased	1.32677184348917	1.32677184348917	1
14	22795856	22795857	72	25	2	1	1	1	NA	NA	NA	unphased	1.11911401981279	1.11911401981279	1
14	24660367	24660368	33	7	2	1	1	1	NA	NA	NA	unphased	0.759878419452887	0.759878419452887	1
14	24684474	24684475	41	13	2	1	1	1	NA	NA	NA	unphased	1.04533539183995	1.04533539183995	1
14	24904426	24904427	65	17	2	1	1	1	NA	NA	NA	unphased	0.900204399351853	0.900204399351853	1
14	25818455	25818456	62	17	2	1	1	1	NA	NA	NA	unphased	0.93438937654243	0.93438937654243	1
14	26140409	26140410	44	13	2	1	1	1	NA	NA	NA	unphased	0.990317739637848	0.990317739637848	1
14	26145459	26145460	58	25	2	1	1	1	NA	NA	NA	unphased	1.30788024002218	1.30788024002218	1
14	26406581	26406582	60	17	2	1	1	1	NA	NA	NA	unphased	0.958659230478596	0.958659230478596	1
14	26736920	26736921	45	17	2	1	1	1	NA	NA	NA	unphased	1.19059291527181	1.19059291527181	1
14	26755329	26755330	58	19	2	1	1	1	NA	NA	NA	unphased	1.07144266935843	1.07144266935843	1
14	27211007	27211008	42	13	2	1	1	1	NA	NA	NA	unphased	1.0263292938065	1.0263292938065	1
14	28005950	28005951	58	22	2	1	1	1	NA	NA	NA	unphased	1.19409465914025	1.19409465914025	1
14	28167032	28167033	63	11	2	1	1	1	NA	NA	NA	unphased	0.645456572508244	0.645456572508244	1
14	28792321	28792322	62	16	2	1	1	1	NA	NA	NA	unphased	0.890699978845875	0.890699978845875	1
14	29001599	29001600	54	20	2	1	1	1	NA	NA	NA	unphased	1.17355740456044	1.17355740456044	1
14	29433087	29433088	51	15	2	1	1	1	NA	NA	NA	unphased	0.986855090198555	0.986855090198555	1
14	29627478	29627479	51	19	2	1	1	1	NA	NA	NA	unphased	1.17858693629427	1.17858693629427	1
14	29830736	29830737	66	20	2	1	1	1	NA	NA	NA	unphased	1.00980520857527	1.00980520857527	1
14	29877885	29877886	52	9	2	1	1	1	NA	NA	NA	unphased	0.640646911014144	0.640646911014144	1
14	32206306	32206307	67	14	2	1	1	1	NA	NA	NA	unphased	0.750497204397914	0.750497204397914	1
14	32388981	32388982	47	15	2	1	1	1	NA	NA	NA	unphased	1.05052316053395	1.05052316053395	1
14	32406426	32406427	52	9	2	1	1	1	NA	NA	NA	unphased	0.640646911014144	0.640646911014144	1
14	32478000	32478001	31	12	2	1	1	1	NA	NA	NA	unphased	1.21176625029032	1.21176625029032	1
14	33392528	33392529	50	20	2	1	1	1	NA	NA	NA	unphased	1.24061782767818	1.24061782767818	1
14	34790413	34790414	42	20	2	1	1	1	NA	NA	NA	unphased	1.40069754737859	1.40069754737859	1
14	36404780	36404781	43	17	2	1	1	1	NA	NA	NA	unphased	1.23027934578087	1.23027934578087	1
14	36404912	36404913	74	25	2	1	1	1	NA	NA	NA	unphased	1.09650565577617	1.09650565577617	1
14	36405247	36405248	78	27	2	1	1	1	NA	NA	NA	unphased	1.11655604491037	1.11655604491037	1
14	36405266	36405267	73	28	2	1	1	1	NA	NA	NA	unphased	1.20376779319269	1.20376779319269	1
14	36405626	36405627	55	14	2	1	1	1	NA	NA	NA	unphased	0.881018457336681	0.881018457336681	1
14	36410974	36410975	65	21	2	1	1	1	NA	NA	NA	unphased	1.06029546900403	1.06029546900403	1
14	37042136	37042137	49	18	2	1	1	1	NA	NA	NA	unphased	1.1665510916974	1.1665510916974	1
14	37042179	37042180	50	17	2	1	1	1	NA	NA	NA	unphased	1.10174269771421	1.10174269771421	1
14	37042405	37042406	55	11	2	1	1	1	NA	NA	NA	unphased	0.723693732812274	0.723693732812274	1
14	37042413	37042414	57	11	2	1	1	1	NA	NA	NA	unphased	0.702408623023678	0.702408623023678	1
14	37042487	37042488	35	11	2	1	1	1	NA	NA	NA	unphased	1.03834318186109	1.03834318186109	1
14	39139953	39139954	64	13	2	1	1	1	NA	NA	NA	unphased	0.733092352718927	0.733092352718927	1
14	40279408	40279409	56	11	2	1	1	1	NA	NA	NA	unphased	0.712892333815076	0.712892333815076	1
14	40677335	40677336	62	21	2	1	1	1	NA	NA	NA	unphased	1.09861940161863	1.09861940161863	1
14	41127612	41127613	61	20	2	1	1	1	NA	NA	NA	unphased	1.07213886342559	1.07213886342559	1
14	41229831	41229832	70	8	2	1	1	1	NA	NA	NA	unphased	0.445349989422938	0.445349989422938	1
14	41630603	41630604	53	24	2	1	1	1	NA	NA	NA	unphased	1.35340126655802	1.35340126655802	1
14	41720295	41720296	61	16	2	1	1	1	NA	NA	NA	unphased	0.902267511038679	0.902267511038679	1
14	42506491	42506492	59	19	2	1	1	1	NA	NA	NA	unphased	1.05770622487948	1.05770622487948	1
14	42592526	42592527	56	20	2	1	1	1	NA	NA	NA	unphased	1.14267431496675	1.14267431496675	1
14	42599121	42599122	57	12	2	1	1	1	NA	NA	NA	unphased	0.755158677717155	0.755158677717155	1
14	42721157	42721158	57	10	2	1	1	1	NA	NA	NA	unphased	0.648083939831887	0.648083939831887	1
14	46773151	46773152	63	14	2	1	1	1	NA	NA	NA	unphased	0.789484072158844	0.789484072158844	1
14	47385691	47385692	67	18	2	1	1	1	NA	NA	NA	unphased	0.91951674286736	0.91951674286736	1
14	48028860	48028861	50	14	2	1	1	1	NA	NA	NA	unphased	0.949848024316109	0.949848024316109	1
14	48240351	48240352	66	17	2	1	1	1	NA	NA	NA	unphased	0.889358563215083	0.889358563215083	1
14	48402951	48402952	55	14	2	1	1	1	NA	NA	NA	unphased	0.881018457336681	0.881018457336681	1
14	48467920	48467921	58	17	2	1	1	1	NA	NA	NA	unphased	0.984223476624692	0.984223476624692	1
14	48743866	48743867	66	21	2	1	1	1	NA	NA	NA	unphased	1.0481081647626	1.0481081647626	1
14	48960722	48960723	56	18	2	1	1	1	NA	NA	NA	unphased	1.0562016641044	1.0562016641044	1
14	49266752	49266753	50	23	2	1	1	1	NA	NA	NA	unphased	1.36807856339855	1.36807856339855	1
14	49309302	49309303	44	12	2	1	1	1	NA	NA	NA	unphased	0.930463370758638	0.930463370758638	1
14	49508547	49508548	47	18	2	1	1	1	NA	NA	NA	unphased	1.20244497144193	1.20244497144193	1
14	49598737	49598738	33	14	2	1	1	1	NA	NA	NA	unphased	1.29341007566449	1.29341007566449	1
14	50612577	50612578	53	15	2	1	1	1	NA	NA	NA	unphased	0.957829940486833	0.957829940486833	1
14	53689675	53689676	51	19	2	1	1	1	NA	NA	NA	unphased	1.17858693629427	1.17858693629427	1
14	54661252	54661253	66	18	2	1	1	1	NA	NA	NA	unphased	0.930463370758638	0.930463370758638	1
14	59020984	59020985	68	20	2	1	1	1	NA	NA	NA	unphased	0.986855090198555	0.986855090198555	1
14	61139271	61139272	37	17	2	1	1	1	NA	NA	NA	unphased	1.36697705086763	1.36697705086763	1
14	62531121	62531122	40	8	2	1	1	1	NA	NA	NA	unphased	0.723693732812274	0.723693732812274	1
14	62714144	62714145	40	20	2	1	1	1	NA	NA	NA	unphased	1.44738746562455	1.44738746562455	1
14	65166054	65166055	42	17	2	1	1	1	NA	NA	NA	unphased	1.25113153808224	1.25113153808224	1
14	65289575	65289576	36	14	2	1	1	1	NA	NA	NA	unphased	1.21580547112462	1.21580547112462	1
14	65324607	65324608	68	18	2	1	1	1	NA	NA	NA	unphased	0.908824687717739	0.908824687717739	1
14	67154511	67154512	41	19	2	1	1	1	NA	NA	NA	unphased	1.37501809234332	1.37501809234332	1
14	69939714	69939715	47	18	2	1	1	1	NA	NA	NA	unphased	1.20244497144193	1.20244497144193	1
14	70343387	70343388	55	17	2	1	1	1	NA	NA	NA	unphased	1.02523278815072	1.02523278815072	1
14	71665914	71665915	59	20	2	1	1	1	NA	NA	NA	unphased	1.09928161946168	1.09928161946168	1
14	71918336	71918337	33	10	2	1	1	1	NA	NA	NA	unphased	1.00980520857527	1.00980520857527	1
14	71935965	71935966	46	17	2	1	1	1	NA	NA	NA	unphased	1.1716946150294	1.1716946150294	1
14	72595159	72595160	68	20	2	1	1	1	NA	NA	NA	unphased	0.986855090198555	0.986855090198555	1
14	73040008	73040009	57	18	2	1	1	1	NA	NA	NA	unphased	1.04211897524967	1.04211897524967	1
14	73191173	73191174	46	14	2	1	1	1	NA	NA	NA	unphased	1.01317122593718	1.01317122593718	1
14	74568200	74568201	35	10	2	1	1	1	NA	NA	NA	unphased	0.964924977083032	0.964924977083032	1
14	75691524	75691525	48	15	2	1	1	1	NA	NA	NA	unphased	1.03384818973182	1.03384818973182	1
14	76607459	76607460	56	26	2	1	1	1	NA	NA	NA	unphased	1.37678319900872	1.37678319900872	1
14	77334630	77334631	46	17	2	1	1	1	NA	NA	NA	unphased	1.1716946150294	1.1716946150294	1
14	78267040	78267041	48	13	2	1	1	1	NA	NA	NA	unphased	0.925378871464875	0.925378871464875	1
14	78913513	78913514	57	9	2	1	1	1	NA	NA	NA	unphased	0.592113054119133	0.592113054119133	1
14	79323160	79323161	55	18	2	1	1	1	NA	NA	NA	unphased	1.07067018005104	1.07067018005104	1
14	80121095	80121096	66	16	2	1	1	1	NA	NA	NA	unphased	0.847251199389979	0.847251199389979	1
14	80408547	80408548	79	12	2	1	1	1	NA	NA	NA	unphased	0.572592843543777	0.572592843543777	1
14	81529175	81529176	63	14	2	1	1	1	NA	NA	NA	unphased	0.789484072158844	0.789484072158844	1
14	82061823	82061824	57	18	2	1	1	1	NA	NA	NA	unphased	1.04211897524967	1.04211897524967	1
14	82368810	82368811	77	12	2	1	1	1	NA	NA	NA	unphased	0.585460098454873	0.585460098454873	1
14	83469351	83469352	44	13	2	1	1	1	NA	NA	NA	unphased	0.990317739637848	0.990317739637848	1
14	83826147	83826148	67	13	2	1	1	1	NA	NA	NA	unphased	0.705601389491967	0.705601389491967	1
14	84111667	84111668	60	11	2	1	1	1	NA	NA	NA	unphased	0.672729385431128	0.672729385431128	1
14	84143595	84143596	60	18	2	1	1	1	NA	NA	NA	unphased	1.00203747620161	1.00203747620161	1
14	84143596	84143597	59	18	2	1	1	1	NA	NA	NA	unphased	1.01505094991851	1.01505094991851	1
14	84529369	84529370	57	12	2	1	1	1	NA	NA	NA	unphased	0.755158677717155	0.755158677717155	1
14	85810502	85810503	43	9	2	1	1	1	NA	NA	NA	unphased	0.751528107151207	0.751528107151207	1
14	85883896	85883897	59	12	2	1	1	1	NA	NA	NA	unphased	0.733886602288503	0.733886602288503	1
14	86527245	86527246	61	15	2	1	1	1	NA	NA	NA	unphased	0.857005736225061	0.857005736225061	1
14	87238100	87238101	65	18	2	1	1	1	NA	NA	NA	unphased	0.941673772815971	0.941673772815971	1
14	87942250	87942251	53	17	2	1	1	1	NA	NA	NA	unphased	1.05452515352646	1.05452515352646	1
14	88165021	88165022	68	11	2	1	1	1	NA	NA	NA	unphased	0.604604890703925	0.604604890703925	1
14	88207238	88207239	42	9	2	1	1	1	NA	NA	NA	unphased	0.766263952389466	0.766263952389466	1
14	90137224	90137225	48	21	2	1	1	1	NA	NA	NA	unphased	1.32152768600502	1.32152768600502	1
14	94070224	94070225	66	24	2	1	1	1	NA	NA	NA	unphased	1.15790997249964	1.15790997249964	1
14	94441511	94441512	40	12	2	1	1	1	NA	NA	NA	unphased	1.00203747620161	1.00203747620161	1
14	94564033	94564034	62	20	2	1	1	1	NA	NA	NA	unphased	1.05906399923747	1.05906399923747	1
14	94880987	94880988	54	26	2	1	1	1	NA	NA	NA	unphased	1.41120277898393	1.41120277898393	1
14	94883322	94883323	48	14	2	1	1	1	NA	NA	NA	unphased	0.980488283165016	0.980488283165016	1
14	94920028	94920029	63	16	2	1	1	1	NA	NA	NA	unphased	0.879425295569345	0.879425295569345	1
14	95227053	95227054	56	24	2	1	1	1	NA	NA	NA	unphased	1.30264871906209	1.30264871906209	1
14	95511965	95511966	36	14	2	1	1	1	NA	NA	NA	unphased	1.21580547112462	1.21580547112462	1
14	96379272	96379273	37	8	2	1	1	1	NA	NA	NA	unphased	0.771939981666425	0.771939981666425	1
14	96763843	96763844	51	16	NA	NA	NA	NA	NA	NA	NA	unphased	NA	NA	1
14	96763954	96763955	46	7	NA	NA	NA	NA	NA	NA	NA	unphased	NA	NA	1
14	96763974	96763975	47	4	NA	NA	NA	NA	NA	NA	NA	unphased	NA	NA	1
14	96764039	96764040	58	12	NA	NA	NA	NA	NA	NA	NA	unphased	NA	NA	1
14	97074131	97074132	31	15	1	1	0	1	NA	NA	NA	unphased	1.08983556419793	1.08983556419793	1
14	97909416	97909417	37	17	1	1	0	1	NA	NA	NA	unphased	1.05216223605281	1.05216223605281	1
14	98181967	98181968	28	21	1	1	0	1	NA	NA	NA	unphased	1.43235531294585	1.43235531294585	1
14	99909208	99909209	42	12	NA	NA	NA	NA	NA	NA	NA	unphased	NA	NA	1
14	99909329	99909330	44	17	NA	NA	NA	NA	NA	NA	NA	unphased	NA	NA	1
14	99909435	99909436	44	21	NA	NA	NA	NA	NA	NA	NA	unphased	NA	NA	1
14	99909447	99909448	51	16	NA	NA	NA	NA	NA	NA	NA	unphased	NA	NA	1
14	101329059	101329060	44	14	2	1	1	1	NA	NA	NA	unphased	1.0481081647626	1.0481081647626	1
14	103781751	103781752	50	10	2	1	1	1	NA	NA	NA	unphased	0.723693732812274	0.723693732812274	1
14	105228618	105228619	69	15	2	1	1	1	NA	NA	NA	unphased	0.775386142298865	0.775386142298865	1
14	105847103	105847104	51	7	2	1	1	1	NA	NA	NA	unphased	0.524054082381302	0.524054082381302	1
14	106494557	106494558	39	13	2	1	1	1	NA	NA	NA	unphased	1.08554059921841	1.08554059921841	1
14	106671548	106671549	58	18	2	1	1	1	NA	NA	NA	unphased	1.02840688347007	1.02840688347007	1
14	107101829	107101830	29	15	2	1	1	1	NA	NA	NA	unphased	1.48028263529783	1.48028263529783	1
15	22816296	22816297	83	20	2.48879948658288	2	0	0.51120051341712	2	1	0.48879948658288	unphased	0.938050851156606	0.938050851156606	1
15	22909356	22909357	66	8	2.48879948658288	2	0	0.51120051341712	2	1	0.48879948658288	unphased	0.522266149562867	1.06846705837182	0.48879948658288
15	23227491	23227492	91	7	2.48879948658288	2	0	0.51120051341712	2	1	0.48879948658288	unphased	0.34506870596118	0.705951449281383	0.48879948658288
15	23626980	23626981	66	12	2	1	1	1	NA	NA	NA	unphased	0.668024984134407	0.668024984134407	1
15	24138153	24138154	54	17	2	1	1	1	NA	NA	NA	unphased	1.03967268657538	1.03967268657538	1
15	24685169	24685170	72	13	2	1	1	1	NA	NA	NA	unphased	0.664095425404204	0.664095425404204	1
15	24685170	24685171	73	14	2	1	1	1	NA	NA	NA	unphased	0.698738776508402	0.698738776508402	1
15	25759498	25759499	62	21	2	1	1	1	NA	NA	NA	unphased	1.09861940161863	1.09861940161863	1
15	25892534	25892535	43	19	2	1	1	1	NA	NA	NA	unphased	1.33066267000966	1.33066267000966	1
15	26104760	26104761	56	17	2	1	1	1	NA	NA	NA	unphased	1.01118850338153	1.01118850338153	1
15	26253794	26253795	46	12	2	1	1	1	NA	NA	NA	unphased	0.898378426939374	0.898378426939374	1
15	26266232	26266233	24	12	2	1	1	1	NA	NA	NA	unphased	1.44738746562455	1.44738746562455	1
15	26296522	26296523	47	16	2	1	1	1	NA	NA	NA	unphased	1.10277140238061	1.10277140238061	1
15	26367606	26367607	41	19	2	1	1	1	NA	NA	NA	unphased	1.37501809234332	1.37501809234332	1
15	26679581	26679582	48	12	2	1	1	1	NA	NA	NA	unphased	0.868432479374729	0.868432479374729	1
15	27084815	27084816	44	17	2	1	1	1	NA	NA	NA	unphased	1.21011083191561	1.21011083191561	1
15	27104951	27104952	47	12	2	1	1	1	NA	NA	NA	unphased	0.883151673940402	0.883151673940402	1
15	27346270	27346271	68	22	2	1	1	1	NA	NA	NA	unphased	1.06141747479133	1.06141747479133	1
15	27362064	27362065	43	20	2	1	1	1	NA	NA	NA	unphased	1.37846425297576	1.37846425297576	1
15	27532402	27532403	46	17	2	1	1	1	NA	NA	NA	unphased	1.1716946150294	1.1716946150294	1
15	27638476	27638477	48	12	2	1	1	1	NA	NA	NA	unphased	0.868432479374729	0.868432479374729	1
15	27720147	27720148	64	17	2	1	1	1	NA	NA	NA	unphased	0.911318033911752	0.911318033911752	1
15	28162648	28162649	59	18	2	1	1	1	NA	NA	NA	unphased	1.01505094991851	1.01505094991851	1
15	29052118	29052119	55	25	2	1	1	1	NA	NA	NA	unphased	1.35692574902301	1.35692574902301	1
15	29668567	29668568	46	17	2	1	1	1	NA	NA	NA	unphased	1.1716946150294	1.1716946150294	1
15	32309699	32309700	55	11	2	1	1	1	NA	NA	NA	unphased	0.723693732812274	0.723693732812274	1
15	33582508	33582509	48	23	2	1	1	1	NA	NA	NA	unphased	1.40661598771963	1.40661598771963	1
15	35371889	35371890	59	12	2	1	1	1	NA	NA	NA	unphased	0.733886602288503	0.733886602288503	1
15	36672551	36672552	51	17	2	1	1	1	NA	NA	NA	unphased	1.08554059921841	1.08554059921841	1
15	36712647	36712648	76	23	2	1	1	1	NA	NA	NA	unphased	1.00878520331408	1.00878520331408	1
15	36983730	36983731	68	24	2	1	1	1	NA	NA	NA	unphased	1.13273801657573	1.13273801657573	1
15	39683036	39683037	23	6	2	1	1	1	NA	NA	NA	unphased	0.898378426939374	0.898378426939374	1
15	40481003	40481004	66	14	2	1	1	1	NA	NA	NA	unphased	0.759878419452887	0.759878419452887	1
15	40581012	40581013	48	5	2	1	1	1	NA	NA	NA	unphased	0.409637961969212	0.409637961969212	1
15	41057851	41057852	38	17	2	1	1	1	NA	NA	NA	unphased	1.34212292267004	1.34212292267004	1
15	42022156	42022157	43	14	2	1	1	1	NA	NA	NA	unphased	1.0664960273023	1.0664960273023	1
15	42121131	42121132	61	17	2	1	1	1	NA	NA	NA	unphased	0.946368727523743	0.946368727523743	1
15	43164296	43164297	66	18	2	1	1	1	NA	NA	NA	unphased	0.930463370758638	0.930463370758638	1
15	43679579	43679580	81	19	2	1	1	1	NA	NA	NA	unphased	0.825010855405992	0.825010855405992	1
15	44922270	44922271	67	14	2	1	1	1	NA	NA	NA	unphased	0.750497204397914	0.750497204397914	1
15	44963980	44963981	50	15	2	1	1	1	NA	NA	NA	unphased	1.00203747620161	1.00203747620161	1
15	45181555	45181556	53	21	2	1	1	1	NA	NA	NA	unphased	1.23223527478847	1.23223527478847	1
15	46887050	46887051	68	18	2	1	1	1	NA	NA	NA	unphased	0.908824687717739	0.908824687717739	1
15	47620178	47620179	84	4	2	1	1	1	NA	NA	NA	unphased	0.197371018039711	0.197371018039711	1
15	47943959	47943960	70	22	2	1	1	1	NA	NA	NA	unphased	1.03834318186109	1.03834318186109	1
15	48466041	48466042	47	22	2	1	1	1	NA	NA	NA	unphased	1.38445757581478	1.38445757581478	1
15	49272435	49272436	56	20	2	1	1	1	NA	NA	NA	unphased	1.14267431496675	1.14267431496675	1
15	49515787	49515788	52	20	2	1	1	1	NA	NA	NA	unphased	1.20615622135379	1.20615622135379	1
15	49687901	49687902	46	14	2	1	1	1	NA	NA	NA	unphased	1.01317122593718	1.01317122593718	1
15	51124608	51124609	63	15	2	1	1	1	NA	NA	NA	unphased	0.835031230168008	0.835031230168008	1
15	53542795	53542796	45	17	2	1	1	1	NA	NA	NA	unphased	1.19059291527181	1.19059291527181	1
15	54725998	54725999	46	20	2	1	1	1	NA	NA	NA	unphased	1.31580678693141	1.31580678693141	1
15	55013787	55013788	63	21	2	1	1	1	NA	NA	NA	unphased	1.08554059921841	1.08554059921841	1
15	55670914	55670915	61	13	2	1	1	1	NA	NA	NA	unphased	0.762812312964289	0.762812312964289	1
15	55889319	55889320	64	11	2	1	1	1	NA	NA	NA	unphased	0.636850484874801	0.636850484874801	1
15	56019713	56019714	42	25	2	1	1	1	NA	NA	NA	unphased	1.62020984957972	1.62020984957972	1
15	59835323	59835324	42	11	2	1	1	1	NA	NA	NA	unphased	0.901203516332266	0.901203516332266	1
15	60360074	60360075	49	14	2	1	1	1	NA	NA	NA	unphased	0.964924977083032	0.964924977083032	1
15	60360078	60360079	48	15	2	1	1	1	NA	NA	NA	unphased	1.03384818973182	1.03384818973182	1
15	62798994	62798995	62	14	2	1	1	1	NA	NA	NA	unphased	0.799872020476724	0.799872020476724	1
15	63192061	63192062	51	12	2	1	1	1	NA	NA	NA	unphased	0.827078551785456	0.827078551785456	1
15	64037153	64037154	43	9	2	1	1	1	NA	NA	NA	unphased	0.751528107151207	0.751528107151207	1
15	66558751	66558752	50	16	2	1	1	1	NA	NA	NA	unphased	1.05264542954513	1.05264542954513	1
15	68051537	68051538	46	18	2	1	1	1	NA	NA	NA	unphased	1.22123317412071	1.22123317412071	1
15	69722436	69722437	56	19	2	1	1	1	NA	NA	NA	unphased	1.10001447387466	1.10001447387466	1
15	70366702	70366703	51	17	2	1	1	1	NA	NA	NA	unphased	1.08554059921841	1.08554059921841	1
15	71949666	71949667	57	14	2	1	1	1	NA	NA	NA	unphased	0.856201036003253	0.856201036003253	1
15	72186847	72186848	54	12	2	1	1	1	NA	NA	NA	unphased	0.789484072158844	0.789484072158844	1
15	72399757	72399758	41	20	2	1	1	1	NA	NA	NA	unphased	1.42365980225365	1.42365980225365	1
15	74638698	74638699	28	9	2	1	1	1	NA	NA	NA	unphased	1.0562016641044	1.0562016641044	1
15	74800628	74800629	52	17	2	1	1	1	NA	NA	NA	unphased	1.06980812676597	1.06980812676597	1
15	75091074	75091075	54	15	2	1	1	1	NA	NA	NA	unphased	0.943948347146444	0.943948347146444	1
15	75534260	75534261	68	11	2	1	1	1	NA	NA	NA	unphased	0.604604890703925	0.604604890703925	1
15	80421357	80421358	45	23	2	1	1	1	NA	NA	NA	unphased	1.46867257541314	1.46867257541314	1
15	81803822	81803823	52	27	2	1	1	1	NA	NA	NA	unphased	1.48403018627327	1.48403018627327	1
15	82030836	82030837	49	19	2	1	1	1	NA	NA	NA	unphased	1.21325125794999	1.21325125794999	1
15	82058693	82058694	65	20	2	1	1	1	NA	NA	NA	unphased	1.02168526985262	1.02168526985262	1
15	82126828	82126829	52	19	2	1	1	1	NA	NA	NA	unphased	1.16198712029013	1.16198712029013	1
15	82377444	82377445	48	21	2	1	1	1	NA	NA	NA	unphased	1.32152768600502	1.32152768600502	1
15	83326995	83326996	56	17	2	1	1	1	NA	NA	NA	unphased	1.01118850338153	1.01118850338153	1
15	84001720	84001721	68	17	2	1	1	1	NA	NA	NA	unphased	0.868432479374729	0.868432479374729	1
15	84148871	84148872	68	18	2	1	1	1	NA	NA	NA	unphased	0.908824687717739	0.908824687717739	1
15	84503886	84503887	50	16	2	1	1	1	NA	NA	NA	unphased	1.05264542954513	1.05264542954513	1
15	84654680	84654681	49	22	2	1	1	1	NA	NA	NA	unphased	1.34545877086226	1.34545877086226	1
15	84656827	84656828	57	20	2	1	1	1	NA	NA	NA	unphased	1.12783438879835	1.12783438879835	1
15	86325550	86325551	37	13	2	1	1	1	NA	NA	NA	unphased	1.12896222318715	1.12896222318715	1
15	87293797	87293798	60	24	2	1	1	1	NA	NA	NA	unphased	1.24061782767818	1.24061782767818	1
15	87441784	87441785	48	18	2	1	1	1	NA	NA	NA	unphased	1.18422610823827	1.18422610823827	1
15	87550026	87550027	54	7	2	1	1	1	NA	NA	NA	unphased	0.498280930788779	0.498280930788779	1
15	87606749	87606750	50	14	2	1	1	1	NA	NA	NA	unphased	0.949848024316109	0.949848024316109	1
15	87659897	87659898	62	12	2	1	1	1	NA	NA	NA	unphased	0.704134442736266	0.704134442736266	1
15	88153258	88153259	40	21	2	1	1	1	NA	NA	NA	unphased	1.49484279236634	1.49484279236634	1
15	88168662	88168663	67	18	2	1	1	1	NA	NA	NA	unphased	0.91951674286736	0.91951674286736	1
15	88293334	88293335	75	13	2	1	1	1	NA	NA	NA	unphased	0.641455808629061	0.641455808629061	1
15	88390372	88390373	75	13	2	1	1	1	NA	NA	NA	unphased	0.641455808629061	0.641455808629061	1
15	88618676	88618677	45	13	2	1	1	1	NA	NA	NA	unphased	0.973243295850989	0.973243295850989	1
15	89423242	89423243	47	11	2	1	1	1	NA	NA	NA	unphased	0.82351355802776	0.82351355802776	1
15	89691477	89691478	59	13	2	1	1	1	NA	NA	NA	unphased	0.784001543879963	0.784001543879963	1
15	89950905	89950906	49	16	2	1	1	1	NA	NA	NA	unphased	1.06883997461505	1.06883997461505	1
15	91985390	91985391	62	15	2	1	1	1	NA	NA	NA	unphased	0.845875791598762	0.845875791598762	1
15	92522348	92522349	72	20	2	1	1	1	NA	NA	NA	unphased	0.943948347146444	0.943948347146444	1
15	93604201	93604202	47	11	2	1	1	1	NA	NA	NA	unphased	0.82351355802776	0.82351355802776	1
15	93715295	93715296	51	18	2	1	1	1	NA	NA	NA	unphased	1.13273801657573	1.13273801657573	1
15	94498501	94498502	73	15	2	1	1	1	NA	NA	NA	unphased	0.740141317648916	0.740141317648916	1
15	94684951	94684952	51	20	2	1	1	1	NA	NA	NA	unphased	1.22314433714751	1.22314433714751	1
15	94970048	94970049	67	14	2	1	1	1	NA	NA	NA	unphased	0.750497204397914	0.750497204397914	1
15	95186013	95186014	65	21	2	1	1	1	NA	NA	NA	unphased	1.06029546900403	1.06029546900403	1
15	95934110	95934111	35	15	2	1	1	1	NA	NA	NA	unphased	1.30264871906209	1.30264871906209	1
15	96404012	96404013	56	21	2	1	1	1	NA	NA	NA	unphased	1.18422610823827	1.18422610823827	1
15	96972776	96972777	41	12	2	1	1	1	NA	NA	NA	unphased	0.983131108726108	0.983131108726108	1
15	97595281	97595282	44	12	2	1	1	1	NA	NA	NA	unphased	0.930463370758638	0.930463370758638	1
15	98851033	98851034	59	18	2	1	1	1	NA	NA	NA	unphased	1.01505094991851	1.01505094991851	1
15	99075544	99075545	63	12	2	1	1	1	NA	NA	NA	unphased	0.694745983499783	0.694745983499783	1
15	100083848	100083849	54	14	2	1	1	1	NA	NA	NA	unphased	0.893974611121044	0.893974611121044	1
16	411416	411417	47	10	2	1	1	1	NA	NA	NA	unphased	0.761782876644499	0.761782876644499	1
16	611033	611034	52	16	2	1	1	1	NA	NA	NA	unphased	1.02168526985262	1.02168526985262	1
16	965759	965760	54	15	2	1	1	1	NA	NA	NA	unphased	0.943948347146444	0.943948347146444	1
16	2406116	2406117	50	4	2	1	1	1	NA	NA	NA	unphased	0.321641659027677	0.321641659027677	1
16	2969427	2969428	64	13	2	1	1	1	NA	NA	NA	unphased	0.733092352718927	0.733092352718927	1
16	3431628	3431629	56	19	2	1	1	1	NA	NA	NA	unphased	1.10001447387466	1.10001447387466	1
16	4257322	4257323	40	6	2	1	1	1	NA	NA	NA	unphased	0.566369008287867	0.566369008287867	1
16	5804049	5804050	56	22	2	1	1	1	NA	NA	NA	unphased	1.22471247091308	1.22471247091308	1
16	5805893	5805894	52	14	2	1	1	1	NA	NA	NA	unphased	0.921064750851985	0.921064750851985	1
16	5953608	5953609	54	18	2	1	1	1	NA	NA	NA	unphased	1.08554059921841	1.08554059921841	1
16	6029632	6029633	66	16	2	1	1	1	NA	NA	NA	unphased	0.847251199389979	0.847251199389979	1
16	6255939	6255940	46	11	2	1	1	1	NA	NA	NA	unphased	0.837961164308949	0.837961164308949	1
16	6467336	6467337	60	11	2	1	1	1	NA	NA	NA	unphased	0.672729385431128	0.672729385431128	1
16	6497589	6497590	64	11	2	1	1	1	NA	NA	NA	unphased	0.636850484874801	0.636850484874801	1
16	6870483	6870484	60	22	2	1	1	1	NA	NA	NA	unphased	1.16497039916122	1.16497039916122	1
16	7060758	7060759	45	10	2	1	1	1	NA	NA	NA	unphased	0.789484072158844	0.789484072158844	1
16	7208075	7208076	61	15	2	1	1	1	NA	NA	NA	unphased	0.857005736225061	0.857005736225061	1
16	7319197	7319198	52	20	2	1	1	1	NA	NA	NA	unphased	1.20615622135379	1.20615622135379	1
16	7452529	7452530	55	10	2	1	1	1	NA	NA	NA	unphased	0.668024984134407	0.668024984134407	1
16	7526612	7526613	57	18	2	1	1	1	NA	NA	NA	unphased	1.04211897524967	1.04211897524967	1
16	8246810	8246811	57	23	2	1	1	1	NA	NA	NA	unphased	1.24837168910117	1.24837168910117	1
16	9359216	9359217	76	5	2	1	1	1	NA	NA	NA	unphased	0.268034715856398	0.268034715856398	1
16	10581555	10581556	49	17	2	1	1	1	NA	NA	NA	unphased	1.1184357688917	1.1184357688917	1
16	11055663	11055664	44	18	2	1	1	1	NA	NA	NA	unphased	1.26062779264074	1.26062779264074	1
16	13436206	13436207	59	16	2	1	1	1	NA	NA	NA	unphased	0.926327977999711	0.926327977999711	1
16	13618547	13618548	53	15	2	1	1	1	NA	NA	NA	unphased	0.957829940486833	0.957829940486833	1
16	13839964	13839965	40	28	2	1	1	1	NA	NA	NA	unphased	1.78794922224209	1.78794922224209	1
16	13964394	13964395	50	21	2	1	1	1	NA	NA	NA	unphased	1.28430155400488	1.28430155400488	1
16	15875225	15875226	52	17	2	1	1	1	NA	NA	NA	unphased	1.06980812676597	1.06980812676597	1
16	17581279	17581280	67	5	2	1	1	1	NA	NA	NA	unphased	0.301539055338447	0.301539055338447	1
16	17633547	17633548	38	15	2	1	1	1	NA	NA	NA	unphased	1.22891388590763	1.22891388590763	1
16	17954711	17954712	37	13	2	1	1	1	NA	NA	NA	unphased	1.12896222318715	1.12896222318715	1
16	19976371	19976372	61	15	2	1	1	1	NA	NA	NA	unphased	0.857005736225061	0.857005736225061	1
16	22011703	22011704	41	16	2	1	1	1	NA	NA	NA	unphased	1.2188526026312	1.2188526026312	1
16	22329836	22329837	50	14	2	1	1	1	NA	NA	NA	unphased	0.949848024316109	0.949848024316109	1
16	23029648	23029649	55	5	2	1	1	1	NA	NA	NA	unphased	0.361846866406137	0.361846866406137	1
16	23040571	23040572	44	18	2	1	1	1	NA	NA	NA	unphased	1.26062779264074	1.26062779264074	1
16	24132354	24132355	47	17	2	1	1	1	NA	NA	NA	unphased	1.15338688666956	1.15338688666956	1
16	25299948	25299949	55	11	2	1	1	1	NA	NA	NA	unphased	0.723693732812274	0.723693732812274	1
16	25478532	25478533	60	17	2	1	1	1	NA	NA	NA	unphased	0.958659230478596	0.958659230478596	1
16	26567387	26567388	64	18	2	1	1	1	NA	NA	NA	unphased	0.953157599313727	0.953157599313727	1
16	26727009	26727010	56	13	2	1	1	1	NA	NA	NA	unphased	0.818088567526918	0.818088567526918	1
16	26838959	26838960	63	12	2	1	1	1	NA	NA	NA	unphased	0.694745983499783	0.694745983499783	1
16	27422938	27422939	56	17	2	1	1	1	NA	NA	NA	unphased	1.01118850338153	1.01118850338153	1
16	30403459	30403460	48	7	2	1	1	1	NA	NA	NA	unphased	0.552638850511191	0.552638850511191	1
16	31568840	31568841	46	17	2	1	1	1	NA	NA	NA	unphased	1.1716946150294	1.1716946150294	1
16	31943210	31943211	48	19	2	1	1	1	NA	NA	NA	unphased	1.23135948568059	1.23135948568059	1
16	33559569	33559570	51	14	2	1	1	1	NA	NA	NA	unphased	0.935234977788169	0.935234977788169	1
16	33737141	33737142	50	17	2	1	1	1	NA	NA	NA	unphased	1.10174269771421	1.10174269771421	1
16	33766450	33766451	20	8	2	1	1	1	NA	NA	NA	unphased	1.24061782767818	1.24061782767818	1
16	33817874	33817875	50	17	2	1	1	1	NA	NA	NA	unphased	1.10174269771421	1.10174269771421	1
16	33819620	33819621	47	15	2	1	1	1	NA	NA	NA	unphased	1.05052316053395	1.05052316053395	1
16	34303406	34303407	62	16	2	1	1	1	NA	NA	NA	unphased	0.890699978845875	0.890699978845875	1
16	35152706	35152707	72	20	2	1	1	1	NA	NA	NA	unphased	0.943948347146444	0.943948347146444	1
16	48425512	48425513	45	17	2	1	1	1	NA	NA	NA	unphased	1.19059291527181	1.19059291527181	1
16	49141381	49141382	51	14	2	1	1	1	NA	NA	NA	unphased	0.935234977788169	0.935234977788169	1
16	49523606	49523607	40	17	2	1	1	1	NA	NA	NA	unphased	1.29503089029565	1.29503089029565	1
16	50335161	50335162	44	14	2	1	1	1	NA	NA	NA	unphased	1.0481081647626	1.0481081647626	1
16	50870453	50870454	45	18	2	1	1	1	NA	NA	NA	unphased	1.24061782767818	1.24061782767818	1
16	51025049	51025050	50	13	2	1	1	1	NA	NA	NA	unphased	0.896001764434244	0.896001764434244	1
16	51788638	51788639	36	12	2	1	1	1	NA	NA	NA	unphased	1.08554059921841	1.08554059921841	1
16	51990055	51990056	45	19	2	1	1	1	NA	NA	NA	unphased	1.28907946157186	1.28907946157186	1
16	52263580	52263581	53	17	2	1	1	1	NA	NA	NA	unphased	1.05452515352646	1.05452515352646	1
16	54553341	54553342	45	23	2	1	1	1	NA	NA	NA	unphased	1.46867257541314	1.46867257541314	1
16	54988931	54988932	58	16	2	1	1	1	NA	NA	NA	unphased	0.938845923648355	0.938845923648355	1
16	56754917	56754918	68	5	2	1	1	1	NA	NA	NA	unphased	0.29740838334751	0.29740838334751	1
16	59471536	59471537	68	19	2	1	1	1	NA	NA	NA	unphased	0.948288339547117	0.948288339547117	1
16	59872805	59872806	61	9	2	1	1	1	NA	NA	NA	unphased	0.558278022455183	0.558278022455183	1
16	61530520	61530521	45	14	2	1	1	1	NA	NA	NA	unphased	1.03034361959714	1.03034361959714	1
16	61539401	61539402	52	10	2	1	1	1	NA	NA	NA	unphased	0.700348773689297	0.700348773689297	1
16	61606083	61606084	49	14	2	1	1	1	NA	NA	NA	unphased	0.964924977083032	0.964924977083032	1
16	61635319	61635320	54	11	2	1	1	1	NA	NA	NA	unphased	0.734827482547847	0.734827482547847	1
16	61740391	61740392	40	16	2	1	1	1	NA	NA	NA	unphased	1.24061782767818	1.24061782767818	1
16	61772948	61772949	52	13	2	1	1	1	NA	NA	NA	unphased	0.868432479374729	0.868432479374729	1
16	61867492	61867493	67	20	2	1	1	1	NA	NA	NA	unphased	0.99819825215486	0.99819825215486	1
16	62187690	62187691	38	17	2	1	1	1	NA	NA	NA	unphased	1.34212292267004	1.34212292267004	1
16	62882247	62882248	52	10	2	1	1	1	NA	NA	NA	unphased	0.700348773689297	0.700348773689297	1
16	63385624	63385625	60	21	2	1	1	1	NA	NA	NA	unphased	1.12574580659687	1.12574580659687	1
16	63722429	63722430	62	21	2	1	1	1	NA	NA	NA	unphased	1.09861940161863	1.09861940161863	1
16	64179789	64179790	57	14	2	1	1	1	NA	NA	NA	unphased	0.856201036003253	0.856201036003253	1
16	66913828	66913829	43	14	2	1	1	1	NA	NA	NA	unphased	1.0664960273023	1.0664960273023	1
16	68906267	68906268	35	14	2	1	1	1	NA	NA	NA	unphased	1.24061782767818	1.24061782767818	1
16	69162915	69162916	47	16	2	1	1	1	NA	NA	NA	unphased	1.10277140238061	1.10277140238061	1
16	69456474	69456475	40	13	2	1	1	1	NA	NA	NA	unphased	1.06505870111995	1.06505870111995	1
16	72329299	72329300	45	14	2	1	1	1	NA	NA	NA	unphased	1.03034361959714	1.03034361959714	1
16	72505700	72505701	50	17	2	1	1	1	NA	NA	NA	unphased	1.10174269771421	1.10174269771421	1
16	73141137	73141138	56	20	2	1	1	1	NA	NA	NA	unphased	1.14267431496675	1.14267431496675	1
16	73856703	73856704	59	19	2	1	1	1	NA	NA	NA	unphased	1.05770622487948	1.05770622487948	1
16	74004339	74004340	50	13	2	1	1	1	NA	NA	NA	unphased	0.896001764434244	0.896001764434244	1
16	74011706	74011707	61	12	2	1	1	1	NA	NA	NA	unphased	0.713780120034023	0.713780120034023	1
16	74679467	74679468	28	10	2	1	1	1	NA	NA	NA	unphased	1.14267431496675	1.14267431496675	1
16	76309684	76309685	53	23	2	1	1	1	NA	NA	NA	unphased	1.31407546221176	1.31407546221176	1
16	76599935	76599936	56	27	2	1	1	1	NA	NA	NA	unphased	1.41251065922396	1.41251065922396	1
16	77021351	77021352	55	23	2	1	1	1	NA	NA	NA	unphased	1.28038121959095	1.28038121959095	1
16	77484749	77484750	50	12	2	1	1	1	NA	NA	NA	unphased	0.840418528427157	0.840418528427157	1
16	78997924	78997925	53	12	2	1	1	1	NA	NA	NA	unphased	0.801629980961288	0.801629980961288	1
16	79231473	79231474	43	15	2	1	1	1	NA	NA	NA	unphased	1.12297303367422	1.12297303367422	1
16	79340985	79340986	56	18	2	1	1	1	NA	NA	NA	unphased	1.0562016641044	1.0562016641044	1
16	79610175	79610176	42	7	2	1	1	1	NA	NA	NA	unphased	0.620308913839092	0.620308913839092	1
16	79829990	79829991	51	12	2	1	1	1	NA	NA	NA	unphased	0.827078551785456	0.827078551785456	1
16	79861574	79861575	54	11	2	1	1	1	NA	NA	NA	unphased	0.734827482547847	0.734827482547847	1
16	79929799	79929800	47	16	2	1	1	1	NA	NA	NA	unphased	1.10277140238061	1.10277140238061	1
16	80465884	80465885	56	9	2	1	1	1	NA	NA	NA	unphased	0.601222485720966	0.601222485720966	1
16	81901943	81901944	41	19	2	1	1	1	NA	NA	NA	unphased	1.37501809234332	1.37501809234332	1
16	83034835	83034836	63	25	2	1	1	1	NA	NA	NA	unphased	1.23356886274819	1.23356886274819	1
16	86187917	86187918	61	17	2	1	1	1	NA	NA	NA	unphased	0.946368727523743	0.946368727523743	1
16	86491405	86491406	41	21	2	1	1	1	NA	NA	NA	unphased	1.47073242474752	1.47073242474752	1
16	86655350	86655351	47	17	2	1	1	1	NA	NA	NA	unphased	1.15338688666956	1.15338688666956	1
16	86909931	86909932	44	17	2	1	1	1	NA	NA	NA	unphased	1.21011083191561	1.21011083191561	1
16	89572111	89572112	38	9	2	1	1	1	NA	NA	NA	unphased	0.831477905784315	0.831477905784315	1
16	89795887	89795888	41	14	2	1	1	1	NA	NA	NA	unphased	1.10527770102238	1.10527770102238	1
17	1240734	1240735	37	12	1	1	0	1	NA	NA	NA	unphased	0.81848875025477	0.81848875025477	1
17	4098193	4098194	33	8	1	1	0	1	NA	NA	NA	unphased	0.652129248170467	0.652129248170467	1
17	4532373	4532374	42	3	1	1	0	1	NA	NA	NA	unphased	0.222810826458243	0.222810826458243	1
17	4618099	4618100	14	4	1	1	0	1	NA	NA	NA	unphased	0.74270275486081	0.74270275486081	1
17	4760353	4760354	33	21	1	1	0	1	NA	NA	NA	unphased	1.29972982100642	1.29972982100642	1
17	7578453	7578454	39	10	1	1	0	1	NA	NA	NA	unphased	0.682073958545641	0.682073958545641	1
17	8052921	8052922	42	15	1	1	0	1	NA	NA	NA	unphased	0.879516420229906	0.879516420229906	1
17	8977789	8977790	38	8	1	1	0	1	NA	NA	NA	unphased	0.581245634238894	0.581245634238894	1
17	9815358	9815359	30	9	1	1	0	1	NA	NA	NA	unphased	0.771268245432379	0.771268245432379	1
17	9877728	9877729	26	12	1	1	0	1	NA	NA	NA	unphased	1.05541970427589	1.05541970427589	1
17	10120340	10120341	56	10	1	1	0	1	NA	NA	NA	unphased	0.506388241950552	0.506388241950552	1
17	10441733	10441734	50	23	1	1	0	1	NA	NA	NA	unphased	1.05301007024786	1.05301007024786	1
17	11819411	11819412	46	13	1	1	0	1	NA	NA	NA	unphased	0.736408663717921	0.736408663717921	1
17	12200667	12200668	25	13	1	1	0	1	NA	NA	NA	unphased	1.14337134629888	1.14337134629888	1
17	16286687	16286688	44	23	1	1	0	1	NA	NA	NA	unphased	1.14730947952379	1.14730947952379	1
17	17549848	17549849	29	14	1	1	0	1	NA	NA	NA	unphased	1.08814589665654	1.08814589665654	1
17	20098082	20098083	49	80	5	4	1	1	NA	NA	NA	unphased	4.55327900581311	1.13831975145328	4
17	20748552	20748553	117	32	NA	NA	NA	NA	NA	NA	NA	unphased	NA	NA	1
17	21519077	21519078	163	23	7	6	1	1	NA	NA	NA	unphased	1.15521362972093	1.15521362972093	1
17	21730342	21730343	54	24	3	2	1	1	NA	NA	NA	unphased	1.64374227596112	0.821871137980561	2
17	21797414	21797415	85	4	3	2	1	1	NA	NA	NA	unphased	0.240097186376344	0.240097186376344	1
17	22071248	22071249	62	14	3	2	1	1	NA	NA	NA	unphased	0.984082546792513	0.984082546792513	1
17	26616671	26616672	61	15	2	1	1	1	NA	NA	NA	unphased	0.857005736225061	0.857005736225061	1
17	29796490	29796491	59	8	2	1	1	1	NA	NA	NA	unphased	0.51846715186551	0.51846715186551	1
17	30399113	30399114	34	6	2	1	1	1	NA	NA	NA	unphased	0.651324359531046	0.651324359531046	1
17	30563333	30563334	58	19	2	1	1	1	NA	NA	NA	unphased	1.07144266935843	1.07144266935843	1
17	31988435	31988436	28	21	1	1	0	1	NA	NA	NA	unphased	1.43235531294585	1.43235531294585	1
17	32554565	32554566	37	12	1	1	0	1	NA	NA	NA	unphased	0.81848875025477	0.81848875025477	1
17	32590676	32590677	33	10	1	1	0	1	NA	NA	NA	unphased	0.777247069040382	0.777247069040382	1
17	34999225	34999226	50	14	2	1	1	1	NA	NA	NA	unphased	0.949848024316109	0.949848024316109	1
17	35564198	35564199	48	12	2	1	1	1	NA	NA	NA	unphased	0.868432479374729	0.868432479374729	1
17	36513006	36513007	42	38	NA	NA	NA	NA	NA	NA	NA	unphased	NA	NA	1
17	37061440	37061441	80	16	4	3	1	1	NA	NA	NA	unphased	1.05702706614561	1.05702706614561	1
17	38013781	38013782	96	31	4	3	1	1	NA	NA	NA	unphased	1.54808688427624	0.774043442138122	2
17	38892875	38892876	49	49	4	3	1	1	NA	NA	NA	unphased	3.17108119843682	1.05702706614561	3
17	39833995	39833996	66	8	2	1	1	1	NA	NA	NA	unphased	0.469422961824178	0.469422961824178	1
17	42413370	42413371	43	19	2	1	1	1	NA	NA	NA	unphased	1.33066267000966	1.33066267000966	1
17	43509458	43509459	38	15	2	1	1	1	NA	NA	NA	unphased	1.22891388590763	1.22891388590763	1
17	44237130	44237131	154	20	2	1	1	1	NA	NA	NA	unphased	0.49909912607743	0.49909912607743	1
17	44938066	44938067	44	14	2	1	1	1	NA	NA	NA	unphased	1.0481081647626	1.0481081647626	1
17	47379419	47379420	53	13	2	1	1	1	NA	NA	NA	unphased	0.855274411505415	0.855274411505415	1
17	47558172	47558173	69	18	2	1	1	1	NA	NA	NA	unphased	0.898378426939374	0.898378426939374	1
17	48528796	48528797	66	13	2	1	1	1	NA	NA	NA	unphased	0.714533052650093	0.714533052650093	1
17	48724327	48724328	68	17	2	1	1	1	NA	NA	NA	unphased	0.868432479374729	0.868432479374729	1
17	48760397	48760398	53	21	NA	NA	NA	NA	NA	NA	NA	unphased	NA	NA	1
17	48760400	48760401	50	20	NA	NA	NA	NA	NA	NA	NA	unphased	NA	NA	1
17	49109712	49109713	19	17	1	1	0	1	NA	NA	NA	unphased	1.57824335407922	1.57824335407922	1
17	49870187	49870188	30	7	1	1	0	1	NA	NA	NA	unphased	0.632300994003122	0.632300994003122	1
17	50574477	50574478	27	18	1	1	0	1	NA	NA	NA	unphased	1.33686495874946	1.33686495874946	1
17	51910634	51910635	34	23	1	1	0	1	NA	NA	NA	unphased	1.34859184435252	1.34859184435252	1
17	52304700	52304701	29	18	1	1	0	1	NA	NA	NA	unphased	1.27997708816437	1.27997708816437	1
17	52331841	52331842	37	16	1	1	0	1	NA	NA	NA	unphased	1.00895468584865	1.00895468584865	1
17	52416144	52416145	26	18	1	1	0	1	NA	NA	NA	unphased	1.36724825326649	1.36724825326649	1
17	54526672	54526673	43	14	1	1	0	1	NA	NA	NA	unphased	0.820881992214579	0.820881992214579	1
17	55259511	55259512	30	13	1	1	0	1	NA	NA	NA	unphased	1.0104211897525	1.0104211897525	1
17	55467041	55467042	43	16	1	1	0	1	NA	NA	NA	unphased	0.906349124575903	0.906349124575903	1
17	56372503	56372504	44	29	1	1	0	1	NA	NA	NA	unphased	1.32770834944295	1.32770834944295	1
17	56720740	56720741	42	21	1	1	0	1	NA	NA	NA	unphased	1.11405413229121	1.11405413229121	1
17	58407632	58407633	26	15	1	1	0	1	NA	NA	NA	unphased	1.22274234031963	1.22274234031963	1
17	58492119	58492120	40	24	1	1	0	1	NA	NA	NA	unphased	1.25331089882762	1.25331089882762	1
17	58804408	58804409	31	12	1	1	0	1	NA	NA	NA	unphased	0.932696482848459	0.932696482848459	1
17	71600794	71600795	32	16	1	1	0	1	NA	NA	NA	unphased	1.11405413229121	1.11405413229121	1
17	75647966	75647967	45	18	1	1	0	1	NA	NA	NA	unphased	0.954903541963898	0.954903541963898	1
17	78515621	78515622	30	19	1	1	0	1	NA	NA	NA	unphased	1.29594052123672	1.29594052123672	1
17	79425697	79425698	27	22	1	1	0	1	NA	NA	NA	unphased	1.50056270880041	1.50056270880041	1
17	80474306	80474307	25	9	NA	NA	NA	NA	NA	NA	NA	unphased	NA	NA	1
17	80855527	80855528	33	14	NA	NA	NA	NA	NA	NA	NA	unphased	NA	NA	1
18	1982097	1982098	49	16	1	1	0	1	NA	NA	NA	unphased	0.822686128461204	0.822686128461204	1
18	4157080	4157081	40	17	1	1	0	1	NA	NA	NA	unphased	0.99678527626056	0.99678527626056	1
18	4574931	4574932	41	23	1	1	0	1	NA	NA	NA	unphased	1.20108961137647	1.20108961137647	1
18	4953031	4953032	29	17	1	1	0	1	NA	NA	NA	unphased	1.23514697275765	1.23514697275765	1
18	5195767	5195768	48	8	1	1	0	1	NA	NA	NA	unphased	0.477451770981949	0.477451770981949	1
18	5971706	5971707	44	5	1	1	0	1	NA	NA	NA	unphased	0.341036979272821	0.341036979272821	1
18	6634966	6634967	28	18	1	1	0	1	NA	NA	NA	unphased	1.30780267703751	1.30780267703751	1
18	8107136	8107137	38	24	1	1	0	1	NA	NA	NA	unphased	1.29374028266077	1.29374028266077	1
18	8929564	8929565	27	12	1	1	0	1	NA	NA	NA	unphased	1.02835766057651	1.02835766057651	1
18	9136960	9136961	37	14	1	1	0	1	NA	NA	NA	unphased	0.917456344239824	0.917456344239824	1
18	10703920	10703921	45	24	1	1	0	1	NA	NA	NA	unphased	1.16249126847779	1.16249126847779	1
18	10703943	10703944	37	22	1	1	0	1	NA	NA	NA	unphased	1.24623004629187	1.24623004629187	1
18	11303363	11303364	28	16	1	1	0	1	NA	NA	NA	unphased	1.21533178068132	1.21533178068132	1
18	12296472	12296473	27	23	1	1	0	1	NA	NA	NA	unphased	1.53739470256188	1.53739470256188	1
18	14954721	14954722	42	20	NA	NA	NA	NA	NA	NA	NA	unphased	NA	NA	1
18	15000442	15000443	27	10	NA	NA	NA	NA	NA	NA	NA	unphased	NA	NA	1
18	19386077	19386078	53	4	1	1	0	1	NA	NA	NA	unphased	0.234537712061308	0.234537712061308	1
18	19931181	19931182	20	13	1	1	0	1	NA	NA	NA	unphased	1.31660942907144	1.31660942907144	1
18	20433632	20433633	38	29	1	1	0	1	NA	NA	NA	unphased	1.44660760461695	1.44660760461695	1
18	22494888	22494889	30	16	1	1	0	1	NA	NA	NA	unphased	1.16249126847779	1.16249126847779	1
18	22962910	22962911	37	22	1	1	0	1	NA	NA	NA	unphased	1.24623004629187	1.24623004629187	1
18	24475173	24475174	39	28	1	1	0	1	NA	NA	NA	unphased	1.39672458376809	1.39672458376809	1
18	25327021	25327022	32	23	1	1	0	1	NA	NA	NA	unphased	1.39763154778352	1.39763154778352	1
18	25359939	25359940	36	13	1	1	0	1	NA	NA	NA	unphased	0.886696146109334	0.886696146109334	1
18	27607406	27607407	23	7	1	1	0	1	NA	NA	NA	unphased	0.77983789260385	0.77983789260385	1
18	29967520	29967521	50	20	1	1	0	1	NA	NA	NA	unphased	0.954903541963898	0.954903541963898	1
18	29989296	29989297	35	15	1	1	0	1	NA	NA	NA	unphased	1.00264871906209	1.00264871906209	1
18	30576766	30576767	42	19	1	1	0	1	NA	NA	NA	unphased	1.04100140230491	1.04100140230491	1
18	31231583	31231584	41	24	1	1	0	1	NA	NA	NA	unphased	1.23402919269181	1.23402919269181	1
18	31678249	31678250	34	10	1	1	0	1	NA	NA	NA	unphased	0.759582362925828	0.759582362925828	1
18	31794410	31794411	38	19	1	1	0	1	NA	NA	NA	unphased	1.11405413229121	1.11405413229121	1
18	34162304	34162305	40	21	1	1	0	1	NA	NA	NA	unphased	1.15058049728437	1.15058049728437	1
18	34192471	34192472	34	13	1	1	0	1	NA	NA	NA	unphased	0.924427897007604	0.924427897007604	1
18	35725624	35725625	56	20	1	1	0	1	NA	NA	NA	unphased	0.879516420229906	0.879516420229906	1
18	36773281	36773282	32	8	1	1	0	1	NA	NA	NA	unphased	0.668432479374729	0.668432479374729	1
18	39184360	39184361	60	18	1	1	0	1	NA	NA	NA	unphased	0.771268245432379	0.771268245432379	1
18	40715502	40715503	39	13	1	1	0	1	NA	NA	NA	unphased	0.835540599218411	0.835540599218411	1
18	40840849	40840850	28	17	1	1	0	1	NA	NA	NA	unphased	1.26259468326338	1.26259468326338	1
18	44835305	44835306	47	19	1	1	0	1	NA	NA	NA	unphased	0.962137659706049	0.962137659706049	1
18	46776270	46776271	52	19	1	1	0	1	NA	NA	NA	unphased	0.894381486487313	0.894381486487313	1
18	48183929	48183930	25	12	1	1	0	1	NA	NA	NA	unphased	1.08394456114821	1.08394456114821	1
18	49283092	49283093	44	16	1	1	0	1	NA	NA	NA	unphased	0.891243305832971	0.891243305832971	1
18	50066821	50066822	29	11	1	1	0	1	NA	NA	NA	unphased	0.919094659140252	0.919094659140252	1
18	50286889	50286890	35	16	1	1	0	1	NA	NA	NA	unphased	1.04852153627408	1.04852153627408	1
18	52730927	52730928	32	19	1	1	0	1	NA	NA	NA	unphased	1.24511932432547	1.24511932432547	1
18	53458514	53458515	29	21	1	1	0	1	NA	NA	NA	unphased	1.40370820668693	1.40370820668693	1
18	54785561	54785562	39	11	1	1	0	1	NA	NA	NA	unphased	0.735275727312201	0.735275727312201	1
18	59424100	59424101	43	14	1	1	0	1	NA	NA	NA	unphased	0.820881992214579	0.820881992214579	1
18	61918069	61918070	57	14	1	1	0	1	NA	NA	NA	unphased	0.659017937411704	0.659017937411704	1
18	61986693	61986694	39	15	1	1	0	1	NA	NA	NA	unphased	0.928378443576012	0.928378443576012	1
18	62273624	62273625	43	4	1	1	0	1	NA	NA	NA	unphased	0.284439352925416	0.284439352925416	1
18	63142364	63142365	38	20	1	1	0	1	NA	NA	NA	unphased	1.15246979202539	1.15246979202539	1
18	63293635	63293636	48	17	1	1	0	1	NA	NA	NA	unphased	0.87410401149003	0.87410401149003	1
18	63643834	63643835	43	14	1	1	0	1	NA	NA	NA	unphased	0.820881992214579	0.820881992214579	1
18	64659107	64659108	36	12	1	1	0	1	NA	NA	NA	unphased	0.835540599218411	0.835540599218411	1
18	65366704	65366705	54	23	1	1	0	1	NA	NA	NA	unphased	0.998308248416803	0.998308248416803	1
18	66270231	66270232	46	24	1	1	0	1	NA	NA	NA	unphased	1.14588425035668	1.14588425035668	1
18	66677266	66677267	33	15	1	1	0	1	NA	NA	NA	unphased	1.04442574902301	1.04442574902301	1
18	67220418	67220419	30	15	1	1	0	1	NA	NA	NA	unphased	1.11405413229121	1.11405413229121	1
18	68383368	68383369	26	14	1	1	0	1	NA	NA	NA	unphased	1.16975683890578	1.16975683890578	1
18	68409157	68409158	38	24	1	1	0	1	NA	NA	NA	unphased	1.29374028266077	1.29374028266077	1
18	68819852	68819853	32	15	1	1	0	1	NA	NA	NA	unphased	1.06664757347031	1.06664757347031	1
18	69311050	69311051	30	22	1	1	0	1	NA	NA	NA	unphased	1.4139917832927	1.4139917832927	1
18	69420673	69420674	51	14	1	1	0	1	NA	NA	NA	unphased	0.719850362403554	0.719850362403554	1
18	70297172	70297173	43	18	1	1	0	1	NA	NA	NA	unphased	0.986211854815173	0.986211854815173	1
18	70318863	70318864	38	19	1	1	0	1	NA	NA	NA	unphased	1.11405413229121	1.11405413229121	1
18	70769895	70769896	41	16	1	1	0	1	NA	NA	NA	unphased	0.938150848245233	0.938150848245233	1
18	71849815	71849816	20	11	1	1	0	1	NA	NA	NA	unphased	1.18592859243903	1.18592859243903	1
18	72959135	72959136	24	15	1	1	0	1	NA	NA	NA	unphased	1.28544707572063	1.28544707572063	1
18	73736730	73736731	25	23	1	1	0	1	NA	NA	NA	unphased	1.60145281516862	1.60145281516862	1
18	75389994	75389995	29	13	1	1	0	1	NA	NA	NA	unphased	1.03447883712756	1.03447883712756	1
18	75863498	75863499	35	20	1	1	0	1	NA	NA	NA	unphased	1.21533178068132	1.21533178068132	1
18	75900913	75900914	43	10	1	1	0	1	NA	NA	NA	unphased	0.630596678655404	0.630596678655404	1
18	76048083	76048084	37	14	1	1	0	1	NA	NA	NA	unphased	0.917456344239824	0.917456344239824	1
18	76061136	76061137	34	18	1	1	0	1	NA	NA	NA	unphased	1.15690236814857	1.15690236814857	1
18	76631121	76631122	34	25	1	1	0	1	NA	NA	NA	unphased	1.41617050714985	1.41617050714985	1
19	322115	322116	52	17	1.78478527781389	1	0	0.215214722186111	1	1	0.784785277813889	unphased	1.01678420970562	1.01678420970562	1
19	5138959	5138960	25	17	1	1	0	1	NA	NA	NA	unphased	1.35278001778219	1.35278001778219	1
19	6501746	6501747	23	15	1	1	0	1	NA	NA	NA	unphased	1.31927463034486	1.31927463034486	1
19	6995709	6995710	40	10	1	1	0	1	NA	NA	NA	unphased	0.668432479374729	0.668432479374729	1
19	9093834	9093835	36	17	1	1	0	1	NA	NA	NA	unphased	1.07201435371419	1.07201435371419	1
19	9307596	9307597	56	4	1	1	0	1	NA	NA	NA	unphased	0.222810826458243	0.222810826458243	1
19	10088135	10088136	40	9	1	1	0	1	NA	NA	NA	unphased	0.613866562691077	0.613866562691077	1
19	13405673	13405674	39	19	1	1	0	1	NA	NA	NA	unphased	1.09484630242412	1.09484630242412	1
19	13987523	13987524	33	11	1	1	0	1	NA	NA	NA	unphased	0.835540599218411	0.835540599218411	1
19	17058099	17058100	31	20	1	1	0	1	NA	NA	NA	unphased	1.31065192034261	1.31065192034261	1
19	18250630	18250631	34	3	1	1	0	1	NA	NA	NA	unphased	0.270986140287052	0.270986140287052	1
19	20497478	20497479	34	26	1	1	0	1	NA	NA	NA	unphased	1.44827037197858	1.44827037197858	1
19	20763473	20763474	39	10	1	1	0	1	NA	NA	NA	unphased	0.682073958545641	0.682073958545641	1
19	21838495	21838496	42	9	1	1	0	1	NA	NA	NA	unphased	0.589793364154172	0.589793364154172	1
19	22084190	22084191	38	12	1	1	0	1	NA	NA	NA	unphased	0.802118975249674	0.802118975249674	1
19	22490270	22490271	26	15	1	1	0	1	NA	NA	NA	unphased	1.22274234031963	1.22274234031963	1
19	22726402	22726403	32	9	1	1	0	1	NA	NA	NA	unphased	0.733645404191775	0.733645404191775	1
19	22759459	22759460	42	14	1	1	0	1	NA	NA	NA	unphased	0.835540599218411	0.835540599218411	1
19	22806236	22806237	29	13	1	1	0	1	NA	NA	NA	unphased	1.03447883712756	1.03447883712756	1
19	23220665	23220666	61	14	2	1	1	1	NA	NA	NA	unphased	0.810536980749747	0.810536980749747	1
19	23220963	23220964	42	16	2	1	1	1	NA	NA	NA	unphased	1.19783790258583	1.19783790258583	1
19	23221115	23221116	50	22	2	1	1	1	NA	NA	NA	unphased	1.32677184348917	1.32677184348917	1
19	23221236	23221237	48	15	2	1	1	1	NA	NA	NA	unphased	1.03384818973182	1.03384818973182	1
19	24289480	24289481	55	14	NA	NA	NA	NA	NA	NA	NA	unphased	NA	NA	1
19	24319272	24319273	53	18	NA	NA	NA	NA	NA	NA	NA	unphased	NA	NA	1
19	24515330	24515331	47	16	NA	NA	NA	NA	NA	NA	NA	unphased	NA	NA	1
19	27941537	27941538	66	28	2	1	1	1	NA	NA	NA	unphased	1.29341007566449	1.29341007566449	1
19	28150502	28150503	59	17	2	1	1	1	NA	NA	NA	unphased	0.971273167721736	0.971273167721736	1
19	28830703	28830704	51	18	2	1	1	1	NA	NA	NA	unphased	1.13273801657573	1.13273801657573	1
19	28930552	28930553	40	20	2	1	1	1	NA	NA	NA	unphased	1.44738746562455	1.44738746562455	1
19	29391210	29391211	38	16	2	1	1	1	NA	NA	NA	unphased	1.28656663611071	1.28656663611071	1
19	29749527	29749528	46	18	2	1	1	1	NA	NA	NA	unphased	1.22123317412071	1.22123317412071	1
19	29827370	29827371	57	13	2	1	1	1	NA	NA	NA	unphased	0.806401587990819	0.806401587990819	1
19	29903186	29903187	54	17	2	1	1	1	NA	NA	NA	unphased	1.03967268657538	1.03967268657538	1
19	29970242	29970243	40	18	2	1	1	1	NA	NA	NA	unphased	1.34756764040906	1.34756764040906	1
19	30889301	30889302	68	21	2	1	1	1	NA	NA	NA	unphased	1.02455517229603	1.02455517229603	1
19	30935951	30935952	50	17	2	1	1	1	NA	NA	NA	unphased	1.10174269771421	1.10174269771421	1
19	31089761	31089762	40	7	2	1	1	1	NA	NA	NA	unphased	0.646705037832245	0.646705037832245	1
19	31092088	31092089	48	14	2	1	1	1	NA	NA	NA	unphased	0.980488283165016	0.980488283165016	1
19	31335068	31335069	54	12	2	1	1	1	NA	NA	NA	unphased	0.789484072158844	0.789484072158844	1
19	31655866	31655867	45	9	2	1	1	1	NA	NA	NA	unphased	0.723693732812274	0.723693732812274	1
19	31685852	31685853	63	14	2	1	1	1	NA	NA	NA	unphased	0.789484072158844	0.789484072158844	1
19	32197994	32197995	65	14	2	1	1	1	NA	NA	NA	unphased	0.769497133623177	0.769497133623177	1
19	32223610	32223611	45	16	2	1	1	1	NA	NA	NA	unphased	1.13892784180292	1.13892784180292	1
19	32301499	32301500	40	11	2	1	1	1	NA	NA	NA	unphased	0.936544830698237	0.936544830698237	1
19	32647922	32647923	69	12	2	1	1	1	NA	NA	NA	unphased	0.643283318055354	0.643283318055354	1
19	33039049	33039050	52	10	2	1	1	1	NA	NA	NA	unphased	0.700348773689297	0.700348773689297	1
19	34425543	34425544	43	19	2	1	1	1	NA	NA	NA	unphased	1.33066267000966	1.33066267000966	1
19	35112241	35112242	53	20	2	1	1	1	NA	NA	NA	unphased	1.18963353339004	1.18963353339004	1
19	35310437	35310438	43	8	2	1	1	1	NA	NA	NA	unphased	0.681123513235081	0.681123513235081	1
19	36148951	36148952	46	9	2	1	1	1	NA	NA	NA	unphased	0.71053566494296	0.71053566494296	1
19	36407361	36407362	51	8	2	1	1	1	NA	NA	NA	unphased	0.588767782626935	0.588767782626935	1
19	37368889	37368890	49	19	2	1	1	1	NA	NA	NA	unphased	1.21325125794999	1.21325125794999	1
19	37401228	37401229	52	15	2	1	1	1	NA	NA	NA	unphased	0.972125909747831	0.972125909747831	1
19	37676450	37676451	32	16	2	1	1	1	NA	NA	NA	unphased	1.44738746562455	1.44738746562455	1
19	38185847	38185848	51	12	2	1	1	1	NA	NA	NA	unphased	0.827078551785456	0.827078551785456	1
19	39799010	39799011	51	18	2	1	1	1	NA	NA	NA	unphased	1.13273801657573	1.13273801657573	1
19	42526762	42526763	36	17	2	1	1	1	NA	NA	NA	unphased	1.39276907069532	1.39276907069532	1
19	42549961	42549962	51	24	2	1	1	1	NA	NA	NA	unphased	1.38949196699957	1.38949196699957	1
19	42767722	42767723	65	12	2	1	1	1	NA	NA	NA	unphased	0.676700633279009	0.676700633279009	1
19	43103988	43103989	50	18	2	1	1	1	NA	NA	NA	unphased	1.1493959285842	1.1493959285842	1
19	43336540	43336541	69	25	2	1	1	1	NA	NA	NA	unphased	1.15483042470044	1.15483042470044	1
19	43372350	43372351	59	20	2	1	1	1	NA	NA	NA	unphased	1.09928161946168	1.09928161946168	1
19	45410056	45410057	50	19	2	1	1	1	NA	NA	NA	unphased	1.1956679063855	1.1956679063855	1
19	45595513	45595514	51	9	2	1	1	1	NA	NA	NA	unphased	0.651324359531046	0.651324359531046	1
19	46463701	46463702	42	13	2	1	1	1	NA	NA	NA	unphased	1.0263292938065	1.0263292938065	1
19	47974739	47974740	42	16	2	1	1	1	NA	NA	NA	unphased	1.19783790258583	1.19783790258583	1
19	48472031	48472032	50	21	2	1	1	1	NA	NA	NA	unphased	1.28430155400488	1.28430155400488	1
19	51752839	51752840	66	15	2	1	1	1	NA	NA	NA	unphased	0.804104147569193	0.804104147569193	1
19	52725634	52725635	42	17	2	1	1	1	NA	NA	NA	unphased	1.25113153808224	1.25113153808224	1
19	55452314	55452315	52	19	2	1	1	1	NA	NA	NA	unphased	1.16198712029013	1.16198712029013	1
19	57068152	57068153	53	13	2	1	1	1	NA	NA	NA	unphased	0.855274411505415	0.855274411505415	1
19	57426383	57426384	55	21	2	1	1	1	NA	NA	NA	unphased	1.19980803071509	1.19980803071509	1
19	57657317	57657318	43	15	2	1	1	1	NA	NA	NA	unphased	1.12297303367422	1.12297303367422	1
19	58068202	58068203	63	14	2	1	1	1	NA	NA	NA	unphased	0.789484072158844	0.789484072158844	1
19	58896444	58896445	53	11	2	1	1	1	NA	NA	NA	unphased	0.746309161962657	0.746309161962657	1
20	2360035	2360036	42	15	NA	NA	NA	NA	NA	NA	NA	unphased	NA	NA	1
20	5837667	5837668	39	15	NA	NA	NA	NA	NA	NA	NA	unphased	NA	NA	1
20	6524406	6524407	34	17	NA	NA	NA	NA	NA	NA	NA	unphased	NA	NA	1
20	6976512	6976513	48	17	NA	NA	NA	NA	NA	NA	NA	unphased	NA	NA	1
20	7284905	7284906	34	13	NA	NA	NA	NA	NA	NA	NA	unphased	NA	NA	1
20	7390055	7390056	46	13	NA	NA	NA	NA	NA	NA	NA	unphased	NA	NA	1
20	7759877	7759878	48	11	NA	NA	NA	NA	NA	NA	NA	unphased	NA	NA	1
20	9170984	9170985	37	19	NA	NA	NA	NA	NA	NA	NA	unphased	NA	NA	1
20	13042209	13042210	56	16	NA	NA	NA	NA	NA	NA	NA	unphased	NA	NA	1
20	13475352	13475353	71	7	NA	NA	NA	NA	NA	NA	NA	unphased	NA	NA	1
20	13672340	13672341	71	21	NA	NA	NA	NA	NA	NA	NA	unphased	NA	NA	1
20	14744848	14744849	61	9	NA	NA	NA	NA	NA	NA	NA	unphased	NA	NA	1
20	14787551	14787552	49	13	NA	NA	NA	NA	NA	NA	NA	unphased	NA	NA	1
20	15380335	15380336	47	13	NA	NA	NA	NA	NA	NA	NA	unphased	NA	NA	1
20	15891390	15891391	46	7	NA	NA	NA	NA	NA	NA	NA	unphased	NA	NA	1
20	16521151	16521152	54	8	NA	NA	NA	NA	NA	NA	NA	unphased	NA	NA	1
20	16894512	16894513	45	16	NA	NA	NA	NA	NA	NA	NA	unphased	NA	NA	1
20	16971417	16971418	45	20	NA	NA	NA	NA	NA	NA	NA	unphased	NA	NA	1
20	17082573	17082574	63	14	NA	NA	NA	NA	NA	NA	NA	unphased	NA	NA	1
20	17346116	17346117	58	10	NA	NA	NA	NA	NA	NA	NA	unphased	NA	NA	1
20	17428698	17428699	69	23	NA	NA	NA	NA	NA	NA	NA	unphased	NA	NA	1
20	18125808	18125809	61	15	NA	NA	NA	NA	NA	NA	NA	unphased	NA	NA	1
20	18645538	18645539	36	8	NA	NA	NA	NA	NA	NA	NA	unphased	NA	NA	1
20	19523393	19523394	52	8	NA	NA	NA	NA	NA	NA	NA	unphased	NA	NA	1
20	19753972	19753973	75	25	NA	NA	NA	NA	NA	NA	NA	unphased	NA	NA	1
20	20339848	20339849	55	24	2	1	1	1	NA	NA	NA	unphased	1.31913794335402	1.31913794335402	1
20	21045372	21045373	54	22	2	1	1	1	NA	NA	NA	unphased	1.25694174646342	1.25694174646342	1
20	21158592	21158593	59	16	2	1	1	1	NA	NA	NA	unphased	0.926327977999711	0.926327977999711	1
20	21377331	21377332	44	18	2	1	1	1	NA	NA	NA	unphased	1.26062779264074	1.26062779264074	1
20	22652294	22652295	58	24	2	1	1	1	NA	NA	NA	unphased	1.27087679908497	1.27087679908497	1
20	24511861	24511862	57	22	2	1	1	1	NA	NA	NA	unphased	1.20920978140785	1.20920978140785	1
20	24546126	24546127	58	17	2	1	1	1	NA	NA	NA	unphased	0.984223476624692	0.984223476624692	1
20	25288824	25288825	49	19	2	1	1	1	NA	NA	NA	unphased	1.21325125794999	1.21325125794999	1
20	25421946	25421947	60	19	2	1	1	1	NA	NA	NA	unphased	1.0443175384886	1.0443175384886	1
20	26106584	26106585	53	17	2	1	1	1	NA	NA	NA	unphased	1.05452515352646	1.05452515352646	1
20	31922118	31922119	51	13	2	1	1	1	NA	NA	NA	unphased	0.882001736864959	0.882001736864959	1
20	32270534	32270535	49	11	2	1	1	1	NA	NA	NA	unphased	0.796063106093501	0.796063106093501	1
20	32310647	32310648	53	16	2	1	1	1	NA	NA	NA	unphased	1.00687823695621	1.00687823695621	1
20	32960742	32960743	57	12	2	1	1	1	NA	NA	NA	unphased	0.755158677717155	0.755158677717155	1
20	33894512	33894513	55	21	2	1	1	1	NA	NA	NA	unphased	1.19980803071509	1.19980803071509	1
20	36260262	36260263	70	13	3	2	1	1	NA	NA	NA	unphased	0.836724230835631	0.836724230835631	1
20	36852260	36852261	58	42	3	2	1	1	NA	NA	NA	unphased	2.24370820668693	1.12185410334347	2
20	37291988	37291989	43	29	3	2	1	1	NA	NA	NA	unphased	2.15170429874077	1.07585214937039	2
20	38117601	38117602	56	33	3	2	1	1	NA	NA	NA	unphased	1.98080178760483	0.990400893802417	2
20	38787746	38787747	68	12	3	2	1	1	NA	NA	NA	unphased	0.801324359531047	0.801324359531047	1
20	39099778	39099779	40	25	3	2	1	1	NA	NA	NA	unphased	2.0546778449514	1.0273389224757	2
20	40224505	40224506	54	19	3	2	1	1	NA	NA	NA	unphased	1.39042582932328	1.39042582932328	1
20	41383375	41383376	67	28	3	2	1	1	NA	NA	NA	unphased	1.57453207486802	0.787266037434011	2
20	41434002	41434003	58	44	3	2	1	1	NA	NA	NA	unphased	2.30446221041608	1.15223110520804	2
20	41596004	41596005	58	30	3	2	1	1	NA	NA	NA	unphased	1.82119172620692	0.910595863103462	2
20	42725703	42725704	57	14	3	2	1	1	NA	NA	NA	unphased	1.0533841345948	1.0533841345948	1
20	44487195	44487196	80	14	3	2	1	1	NA	NA	NA	unphased	0.795641208045011	0.795641208045011	1
20	44824779	44824780	42	38	3	2	1	1	NA	NA	NA	unphased	2.53752713851498	1.26876356925749	2
20	45896732	45896733	41	32	3	2	1	1	NA	NA	NA	unphased	2.34176981780762	1.17088490890381	2
20	46160460	46160461	57	37	3	2	1	1	NA	NA	NA	unphased	2.10276604983324	1.05138302491662	2
20	49952601	49952602	50	31	3	2	1	1	NA	NA	NA	unphased	2.04453128769238	1.02226564384619	2
20	49977031	49977032	52	28	3	2	1	1	NA	NA	NA	unphased	1.86975683890578	0.934878419452888	2
20	50876230	50876231	78	19	3	2	1	1	NA	NA	NA	unphased	1.04640294371752	1.04640294371752	1
20	51486417	51486418	70	21	3	2	1	1	NA	NA	NA	unphased	1.23280670697084	1.23280670697084	1
20	51863444	51863445	65	13	3	2	1	1	NA	NA	NA	unphased	0.890360399478941	0.890360399478941	1
20	52364803	52364804	71	19	3	2	1	1	NA	NA	NA	unphased	1.12778983933999	1.12778983933999	1
20	53363895	53363896	67	11	3	2	1	1	NA	NA	NA	unphased	0.75338187648218	0.75338187648218	1
20	53386531	53386532	80	11	3	2	1	1	NA	NA	NA	unphased	0.645755894127583	0.645755894127583	1
20	54365638	54365639	69	27	3	2	1	1	NA	NA	NA	unphased	1.50248317412071	0.751241587060356	2
20	54878188	54878189	79	21	3	2	1	1	NA	NA	NA	unphased	1.12185410334347	1.12185410334347	1
20	55329567	55329568	63	19	3	2	1	1	NA	NA	NA	unphased	1.23781811634877	1.23781811634877	1
20	55331939	55331940	30	12	3	2	1	1	NA	NA	NA	unphased	1.52633211339247	1.52633211339247	1
20	56803837	56803838	41	30	3	2	1	1	NA	NA	NA	unphased	2.25725171698886	1.12862585849443	2
20	57685300	57685301	87	6	3	2	1	1	NA	NA	NA	unphased	0.344655638507977	0.344655638507977	1
20	58104607	58104608	81	20	3	2	1	1	NA	NA	NA	unphased	1.05785393997498	1.05785393997498	1
20	58501889	58501890	64	19	3	2	1	1	NA	NA	NA	unphased	1.22290464506746	1.22290464506746	1
20	59173890	59173891	55	21	3	2	1	1	NA	NA	NA	unphased	1.47612382018877	0.738061910094385	2
20	59570740	59570741	55	46	3	2	1	1	NA	NA	NA	unphased	2.43306406194245	1.21653203097123	2
20	59929855	59929856	38	21	3	2	1	1	NA	NA	NA	unphased	1.90144763278553	0.950723816392767	2
20	60223955	60223956	65	18	3	2	1	1	NA	NA	NA	unphased	1.15854124269549	1.15854124269549	1
20	60587236	60587237	41	27	3	2	1	1	NA	NA	NA	unphased	2.12115271640571	1.06057635820286	2
20	61172136	61172137	63	15	3	2	1	1	NA	NA	NA	unphased	1.0273389224757	1.0273389224757	1
20	61666808	61666809	50	33	3	2	1	1	NA	NA	NA	unphased	2.12399227827506	1.06199613913753	2
20	61978253	61978254	63	18	3	2	1	1	NA	NA	NA	unphased	1.18714719930525	1.18714719930525	1
21	10624567	10624568	80	15	NA	NA	NA	NA	NA	NA	NA	unphased	NA	NA	1
21	14428143	14428144	126	13	NA	NA	NA	NA	NA	NA	NA	unphased	NA	NA	1
21	16611485	16611486	53	17	2	1	1	1	NA	NA	NA	unphased	1.05452515352646	1.05452515352646	1
21	16831884	16831885	67	16	2	1	1	1	NA	NA	NA	unphased	0.837043353614196	0.837043353614196	1
21	17797575	17797576	67	16	2	1	1	1	NA	NA	NA	unphased	0.837043353614196	0.837043353614196	1
21	19433400	19433401	47	5	2	1	1	1	NA	NA	NA	unphased	0.417515615084004	0.417515615084004	1
21	19791635	19791636	58	17	2	1	1	1	NA	NA	NA	unphased	0.984223476624692	0.984223476624692	1
21	19908270	19908271	64	15	2	1	1	1	NA	NA	NA	unphased	0.824461214596261	0.824461214596261	1
21	20172648	20172649	73	13	2	1	1	1	NA	NA	NA	unphased	0.656373385573923	0.656373385573923	1
21	20425285	20425286	70	13	2	1	1	1	NA	NA	NA	unphased	0.680097724811534	0.680097724811534	1
21	20747008	20747009	66	22	2	1	1	1	NA	NA	NA	unphased	1.08554059921841	1.08554059921841	1
21	20806557	20806558	63	21	2	1	1	1	NA	NA	NA	unphased	1.08554059921841	1.08554059921841	1
21	20995699	20995700	51	14	2	1	1	1	NA	NA	NA	unphased	0.935234977788169	0.935234977788169	1
21	21147704	21147705	50	17	2	1	1	1	NA	NA	NA	unphased	1.10174269771421	1.10174269771421	1
21	21493964	21493965	51	18	2	1	1	1	NA	NA	NA	unphased	1.13273801657573	1.13273801657573	1
21	21622084	21622085	57	20	2	1	1	1	NA	NA	NA	unphased	1.12783438879835	1.12783438879835	1
21	21830220	21830221	55	20	2	1	1	1	NA	NA	NA	unphased	1.15790997249964	1.15790997249964	1
21	21851937	21851938	57	15	2	1	1	1	NA	NA	NA	unphased	0.904617166015342	0.904617166015342	1
21	21920803	21920804	56	11	2	1	1	1	NA	NA	NA	unphased	0.712892333815076	0.712892333815076	1
21	21929801	21929802	42	12	2	1	1	1	NA	NA	NA	unphased	0.964924977083032	0.964924977083032	1
21	22124540	22124541	58	19	2	1	1	1	NA	NA	NA	unphased	1.07144266935843	1.07144266935843	1
21	22164939	22164940	54	13	2	1	1	1	NA	NA	NA	unphased	0.842509121781453	0.842509121781453	1
21	22200856	22200857	65	9	2	1	1	1	NA	NA	NA	unphased	0.5281008320522	0.5281008320522	1
21	22396959	22396960	46	12	2	1	1	1	NA	NA	NA	unphased	0.898378426939374	0.898378426939374	1
21	22488459	22488460	56	10	2	1	1	1	NA	NA	NA	unphased	0.657903393465703	0.657903393465703	1
21	22900489	22900490	67	17	2	1	1	1	NA	NA	NA	unphased	0.878770961272047	0.878770961272047	1
21	23510789	23510790	54	14	2	1	1	1	NA	NA	NA	unphased	0.893974611121044	0.893974611121044	1
21	23709860	23709861	66	13	2	1	1	1	NA	NA	NA	unphased	0.714533052650093	0.714533052650093	1
21	23885074	23885075	58	16	2	1	1	1	NA	NA	NA	unphased	0.938845923648355	0.938845923648355	1
21	23938160	23938161	31	21	2	1	1	1	NA	NA	NA	unphased	1.75356558335282	1.75356558335282	1
21	24070933	24070934	81	11	2	1	1	1	NA	NA	NA	unphased	0.519171590930544	0.519171590930544	1
21	24139842	24139843	65	18	2	1	1	1	NA	NA	NA	unphased	0.941673772815971	0.941673772815971	1
21	24205568	24205569	64	12	2	1	1	1	NA	NA	NA	unphased	0.685604588980049	0.685604588980049	1
21	24246983	24246984	51	18	2	1	1	1	NA	NA	NA	unphased	1.13273801657573	1.13273801657573	1
21	24351283	24351284	69	9	2	1	1	1	NA	NA	NA	unphased	0.501018738100805	0.501018738100805	1
21	24373607	24373608	50	14	2	1	1	1	NA	NA	NA	unphased	0.949848024316109	0.949848024316109	1
21	24393424	24393425	43	11	2	1	1	1	NA	NA	NA	unphased	0.884514562326112	0.884514562326112	1
21	24854831	24854832	57	12	2	1	1	1	NA	NA	NA	unphased	0.755158677717155	0.755158677717155	1
21	24858420	24858421	63	8	2	1	1	1	NA	NA	NA	unphased	0.489257734859002	0.489257734859002	1
21	24861732	24861733	47	11	2	1	1	1	NA	NA	NA	unphased	0.82351355802776	0.82351355802776	1
21	25260100	25260101	37	11	2	1	1	1	NA	NA	NA	unphased	0.995078882616876	0.995078882616876	1
21	25686317	25686318	56	23	2	1	1	1	NA	NA	NA	unphased	1.26417386238093	1.26417386238093	1
21	25710126	25710127	47	9	2	1	1	1	NA	NA	NA	unphased	0.697847528068978	0.697847528068978	1
21	26128458	26128459	61	17	2	1	1	1	NA	NA	NA	unphased	0.946368727523743	0.946368727523743	1
21	26752327	26752328	57	23	2	1	1	1	NA	NA	NA	unphased	1.24837168910117	1.24837168910117	1
21	26768525	26768526	44	15	2	1	1	1	NA	NA	NA	unphased	1.1039395924255	1.1039395924255	1
21	27038871	27038872	38	17	2	1	1	1	NA	NA	NA	unphased	1.34212292267004	1.34212292267004	1
21	27261183	27261184	52	20	2	1	1	1	NA	NA	NA	unphased	1.20615622135379	1.20615622135379	1
21	27667332	27667333	23	10	2	1	1	1	NA	NA	NA	unphased	1.31580678693141	1.31580678693141	1
21	28469208	28469209	59	19	2	1	1	1	NA	NA	NA	unphased	1.05770622487948	1.05770622487948	1
21	29107341	29107342	54	15	2	1	1	1	NA	NA	NA	unphased	0.943948347146444	0.943948347146444	1
21	29995924	29995925	63	20	2	1	1	1	NA	NA	NA	unphased	1.04630419201775	1.04630419201775	1
21	31475156	31475157	46	16	2	1	1	1	NA	NA	NA	unphased	1.12055803790288	1.12055803790288	1
21	31691922	31691923	47	16	2	1	1	1	NA	NA	NA	unphased	1.10277140238061	1.10277140238061	1
21	31743795	31743796	77	23	2	1	1	1	NA	NA	NA	unphased	0.998697351280938	0.998697351280938	1
21	31925028	31925029	45	7	2	1	1	1	NA	NA	NA	unphased	0.584521861117606	0.584521861117606	1
21	32227903	32227904	57	18	2	1	1	1	NA	NA	NA	unphased	1.04211897524967	1.04211897524967	1
21	32558987	32558988	46	14	2	1	1	1	NA	NA	NA	unphased	1.01317122593718	1.01317122593718	1
21	32909578	32909579	47	9	2	1	1	1	NA	NA	NA	unphased	0.697847528068978	0.697847528068978	1
21	33253588	33253589	48	22	2	1	1	1	NA	NA	NA	unphased	1.364679610446	1.364679610446	1
21	35074934	35074935	69	13	2	1	1	1	NA	NA	NA	unphased	0.688391599504358	0.688391599504358	1
21	38295399	38295400	50	19	2	1	1	1	NA	NA	NA	unphased	1.1956679063855	1.1956679063855	1
21	38384032	38384033	45	10	2	1	1	1	NA	NA	NA	unphased	0.789484072158844	0.789484072158844	1
21	39087586	39087587	47	20	2	1	1	1	NA	NA	NA	unphased	1.29616787966377	1.29616787966377	1
21	40130164	40130165	59	24	2	1	1	1	NA	NA	NA	unphased	1.25556503042129	1.25556503042129	1
21	40151780	40151781	63	15	2	1	1	1	NA	NA	NA	unphased	0.835031230168008	0.835031230168008	1
21	41359187	41359188	54	16	2	1	1	1	NA	NA	NA	unphased	0.992494262142547	0.992494262142547	1
21	45925167	45925168	23	12	2	1	1	1	NA	NA	NA	unphased	1.48874139321382	1.48874139321382	1
21	46647548	46647549	47	28	2	1	1	1	NA	NA	NA	unphased	1.62107396149949	1.62107396149949	1
21	46733219	46733220	49	5	2	1	1	1	NA	NA	NA	unphased	0.402052073784597	0.402052073784597	1
22	17280031	17280032	47	19	2	1	1	1	NA	NA	NA	unphased	1.25001644758484	1.25001644758484	1
22	17308099	17308100	63	8	2	1	1	1	NA	NA	NA	unphased	0.489257734859002	0.489257734859002	1
22	19258150	19258151	42	18	2	1	1	1	NA	NA	NA	unphased	1.30264871906209	1.30264871906209	1
22	22436860	22436861	62	14	2	1	1	1	NA	NA	NA	unphased	0.799872020476724	0.799872020476724	1
22	22780584	22780585	60	14	2	1	1	1	NA	NA	NA	unphased	0.821490183192311	0.821490183192311	1
22	22819677	22819678	48	19	2	1	1	1	NA	NA	NA	unphased	1.23135948568059	1.23135948568059	1
22	24044542	24044543	52	15	2	1	1	1	NA	NA	NA	unphased	0.972125909747831	0.972125909747831	1
22	25835642	25835643	45	8	2	1	1	1	NA	NA	NA	unphased	0.655420739150739	0.655420739150739	1
22	26663897	26663898	45	17	2	1	1	1	NA	NA	NA	unphased	1.19059291527181	1.19059291527181	1
22	26757281	26757282	36	12	2	1	1	1	NA	NA	NA	unphased	1.08554059921841	1.08554059921841	1
22	28524268	28524269	43	14	2	1	1	1	NA	NA	NA	unphased	1.0664960273023	1.0664960273023	1
22	28931987	28931988	44	9	2	1	1	1	NA	NA	NA	unphased	0.737348331544581	0.737348331544581	1
22	29201697	29201698	47	16	2	1	1	1	NA	NA	NA	unphased	1.10277140238061	1.10277140238061	1
22	33156978	33156979	52	15	2	1	1	1	NA	NA	NA	unphased	0.972125909747831	0.972125909747831	1
22	34744889	34744890	51	5	2	1	1	1	NA	NA	NA	unphased	0.387693071149432	0.387693071149432	1
22	35079741	35079742	65	4	2	1	1	1	NA	NA	NA	unphased	0.251719559239052	0.251719559239052	1
22	35251344	35251345	74	24	2	1	1	1	NA	NA	NA	unphased	1.06338670943844	1.06338670943844	1
22	37308229	37308230	39	18	2	1	1	1	NA	NA	NA	unphased	1.3712091779601	1.3712091779601	1
22	37752608	37752609	43	13	2	1	1	1	NA	NA	NA	unphased	1.00800198498852	1.00800198498852	1
22	38456089	38456090	53	10	2	1	1	1	NA	NA	NA	unphased	0.68923212648788	0.68923212648788	1
22	41060562	41060563	48	15	2	1	1	1	NA	NA	NA	unphased	1.03384818973182	1.03384818973182	1
22	41688675	41688676	54	14	2	1	1	1	NA	NA	NA	unphased	0.893974611121044	0.893974611121044	1
22	43492305	43492306	31	6	2	1	1	1	NA	NA	NA	unphased	0.704134442736266	0.704134442736266	1
22	43944713	43944714	48	21	2	1	1	1	NA	NA	NA	unphased	1.32152768600502	1.32152768600502	1
22	44909346	44909347	56	19	2	1	1	1	NA	NA	NA	unphased	1.10001447387466	1.10001447387466	1
22	45412097	45412098	64	18	2	1	1	1	NA	NA	NA	unphased	0.953157599313727	0.953157599313727	1
22	46276676	46276677	48	20	2	1	1	1	NA	NA	NA	unphased	1.27710658731578	1.27710658731578	1
22	47641779	47641780	50	18	2	1	1	1	NA	NA	NA	unphased	1.1493959285842	1.1493959285842	1
22	48284041	48284042	46	12	2	1	1	1	NA	NA	NA	unphased	0.898378426939374	0.898378426939374	1
22	48345607	48345608	41	16	2	1	1	1	NA	NA	NA	unphased	1.2188526026312	1.2188526026312	1
22	48430060	48430061	32	14	2	1	1	1	NA	NA	NA	unphased	1.32152768600502	1.32152768600502	1
22	48586047	48586048	44	20	1	1	0	1	NA	NA	NA	unphased	1.04442574902301	1.04442574902301	1
22	48632424	48632425	39	14	1	1	0	1	NA	NA	NA	unphased	0.882835350117566	0.882835350117566	1
22	48632435	48632436	39	19	1	1	0	1	NA	NA	NA	unphased	1.09484630242412	1.09484630242412	1
22	49758725	49758726	46	12	2	1	1	1	NA	NA	NA	unphased	0.898378426939374	0.898378426939374	1
22	50671420	50671421	40	15	NA	NA	NA	NA	NA	NA	NA	unphased	NA	NA	1
22	50912001	50912002	46	16	NA	NA	NA	NA	NA	NA	NA	unphased	NA	NA	1
X	523046	523047	50	19	NA	NA	NA	NA	NA	NA	NA	unphased	NA	NA	1
X	808344	808345	60	14	NA	NA	NA	NA	NA	NA	NA	unphased	NA	NA	1
X	875148	875149	49	25	NA	NA	NA	NA	NA	NA	NA	unphased	NA	NA	1
X	1025020	1025021	44	13	NA	NA	NA	NA	NA	NA	NA	unphased	NA	NA	1
X	1675786	1675787	36	4	2	1	1	1	NA	NA	NA	unphased	0.434216239687364	0.434216239687364	1
X	1894649	1894650	47	18	2	1	1	1	NA	NA	NA	unphased	1.20244497144193	1.20244497144193	1
X	2858740	2858741	53	20	2	1	1	1	NA	NA	NA	unphased	1.18963353339004	1.18963353339004	1
X	4023790	4023791	60	15	2	1	1	1	NA	NA	NA	unphased	0.868432479374729	0.868432479374729	1
X	4329761	4329762	60	12	2	1	1	1	NA	NA	NA	unphased	0.723693732812274	0.723693732812274	1
X	4371520	4371521	66	13	2	1	1	1	NA	NA	NA	unphased	0.714533052650093	0.714533052650093	1
X	4505258	4505259	48	17	2	1	1	1	NA	NA	NA	unphased	1.13564247302849	1.13564247302849	1
X	5139138	5139139	63	12	2	1	1	1	NA	NA	NA	unphased	0.694745983499783	0.694745983499783	1
X	5292782	5292783	53	21	2	1	1	1	NA	NA	NA	unphased	1.23223527478847	1.23223527478847	1
X	5484318	5484319	39	7	2	1	1	1	NA	NA	NA	unphased	0.660763843002511	0.660763843002511	1
X	5542391	5542392	47	20	2	1	1	1	NA	NA	NA	unphased	1.29616787966377	1.29616787966377	1
X	5551930	5551931	55	17	2	1	1	1	NA	NA	NA	unphased	1.02523278815072	1.02523278815072	1
X	5874039	5874040	65	15	2	1	1	1	NA	NA	NA	unphased	0.814155449413808	0.814155449413808	1
X	6014637	6014638	37	18	2	1	1	1	NA	NA	NA	unphased	1.42107132988592	1.42107132988592	1
X	6190766	6190767	41	13	2	1	1	1	NA	NA	NA	unphased	1.04533539183995	1.04533539183995	1
X	6491706	6491707	83	15	2	1	1	1	NA	NA	NA	unphased	0.664616693399027	0.664616693399027	1
X	7042724	7042725	49	24	2	1	1	1	NA	NA	NA	unphased	1.42756024006805	1.42756024006805	1
X	8547198	8547199	69	14	2	1	1	1	NA	NA	NA	unphased	0.732412934412422	0.732412934412422	1
X	8585476	8585477	49	14	2	1	1	1	NA	NA	NA	unphased	0.964924977083032	0.964924977083032	1
X	9041480	9041481	60	11	2	1	1	1	NA	NA	NA	unphased	0.672729385431128	0.672729385431128	1
X	9289672	9289673	51	11	2	1	1	1	NA	NA	NA	unphased	0.770383651058227	0.770383651058227	1
X	9535643	9535644	35	17	2	1	1	1	NA	NA	NA	unphased	1.41955309128561	1.41955309128561	1
X	9559374	9559375	40	8	2	1	1	1	NA	NA	NA	unphased	0.723693732812274	0.723693732812274	1
X	9780483	9780484	53	20	2	1	1	1	NA	NA	NA	unphased	1.18963353339004	1.18963353339004	1
X	10286269	10286270	55	24	2	1	1	1	NA	NA	NA	unphased	1.31913794335402	1.31913794335402	1
X	10653369	10653370	60	16	2	1	1	1	NA	NA	NA	unphased	0.914139451973399	0.914139451973399	1
X	12121709	12121710	51	17	2	1	1	1	NA	NA	NA	unphased	1.08554059921841	1.08554059921841	1
X	12243667	12243668	70	15	2	1	1	1	NA	NA	NA	unphased	0.766263952389466	0.766263952389466	1
X	12314261	12314262	45	11	2	1	1	1	NA	NA	NA	unphased	0.852924756528751	0.852924756528751	1
X	12421265	12421266	47	15	2	1	1	1	NA	NA	NA	unphased	1.05052316053395	1.05052316053395	1
X	13744560	13744561	80	4	2	1	1	1	NA	NA	NA	unphased	0.206769637946364	0.206769637946364	1
X	13917940	13917941	49	11	2	1	1	1	NA	NA	NA	unphased	0.796063106093501	0.796063106093501	1
X	14192583	14192584	43	12	2	1	1	1	NA	NA	NA	unphased	0.947380886590613	0.947380886590613	1
X	14700835	14700836	43	17	2	1	1	1	NA	NA	NA	unphased	1.23027934578087	1.23027934578087	1
X	15920312	15920313	43	12	2	1	1	1	NA	NA	NA	unphased	0.947380886590613	0.947380886590613	1
X	18528839	18528840	59	20	2	1	1	1	NA	NA	NA	unphased	1.09928161946168	1.09928161946168	1
X	19235467	19235468	54	15	2	1	1	1	NA	NA	NA	unphased	0.943948347146444	0.943948347146444	1
X	20189303	20189304	71	9	2	1	1	1	NA	NA	NA	unphased	0.488493269648285	0.488493269648285	1
X	21158478	21158479	55	9	2	1	1	1	NA	NA	NA	unphased	0.610616587060356	0.610616587060356	1
X	21283841	21283842	55	15	2	1	1	1	NA	NA	NA	unphased	0.930463370758638	0.930463370758638	1
X	21448303	21448304	55	18	2	1	1	1	NA	NA	NA	unphased	1.07067018005104	1.07067018005104	1
X	21694023	21694024	57	17	2	1	1	1	NA	NA	NA	unphased	0.997523793876377	0.997523793876377	1
X	22051816	22051817	53	16	2	1	1	1	NA	NA	NA	unphased	1.00687823695621	1.00687823695621	1
X	22116229	22116230	34	10	2	1	1	1	NA	NA	NA	unphased	0.986855090198555	0.986855090198555	1
X	22298143	22298144	50	19	2	1	1	1	NA	NA	NA	unphased	1.1956679063855	1.1956679063855	1
X	22315159	22315160	57	15	2	1	1	1	NA	NA	NA	unphased	0.904617166015342	0.904617166015342	1
X	22349533	22349534	69	20	2	1	1	1	NA	NA	NA	unphased	0.975766830758122	0.975766830758122	1
X	22376733	22376734	49	13	2	1	1	1	NA	NA	NA	unphased	0.910453405796086	0.910453405796086	1
X	22938550	22938551	58	26	2	1	1	1	NA	NA	NA	unphased	1.34400264665137	1.34400264665137	1
X	22938551	22938552	58	26	2	1	1	1	NA	NA	NA	unphased	1.34400264665137	1.34400264665137	1
X	23380786	23380787	52	15	2	1	1	1	NA	NA	NA	unphased	0.972125909747831	0.972125909747831	1
X	24902275	24902276	81	18	2	1	1	1	NA	NA	NA	unphased	0.789484072158844	0.789484072158844	1
X	24954656	24954657	57	20	2	1	1	1	NA	NA	NA	unphased	1.12783438879835	1.12783438879835	1
X	25560439	25560440	51	6	2	1	1	1	NA	NA	NA	unphased	0.457069725986699	0.457069725986699	1
X	25581422	25581423	33	16	2	1	1	1	NA	NA	NA	unphased	1.41784894591792	1.41784894591792	1
X	26123413	26123414	63	18	2	1	1	1	NA	NA	NA	unphased	0.964924977083032	0.964924977083032	1
X	26133478	26133479	76	17	2	1	1	1	NA	NA	NA	unphased	0.793728610181204	0.793728610181204	1
X	26152891	26152892	65	15	2	1	1	1	NA	NA	NA	unphased	0.814155449413808	0.814155449413808	1
X	26165392	26165393	63	14	2	1	1	1	NA	NA	NA	unphased	0.789484072158844	0.789484072158844	1
X	27270670	27270671	47	16	2	1	1	1	NA	NA	NA	unphased	1.10277140238061	1.10277140238061	1
X	27324053	27324054	46	12	2	1	1	1	NA	NA	NA	unphased	0.898378426939374	0.898378426939374	1
X	27403288	27403289	38	19	2	1	1	1	NA	NA	NA	unphased	1.44738746562455	1.44738746562455	1
X	27654354	27654355	66	9	2	1	1	1	NA	NA	NA	unphased	0.521059487624837	0.521059487624837	1
X	27836383	27836384	49	10	2	1	1	1	NA	NA	NA	unphased	0.735959728283668	0.735959728283668	1
X	27873027	27873028	46	9	2	1	1	1	NA	NA	NA	unphased	0.71053566494296	0.71053566494296	1
X	27873028	27873029	46	9	2	1	1	1	NA	NA	NA	unphased	0.71053566494296	0.71053566494296	1
X	28540126	28540127	58	17	2	1	1	1	NA	NA	NA	unphased	0.984223476624692	0.984223476624692	1
X	28700570	28700571	43	13	2	1	1	1	NA	NA	NA	unphased	1.00800198498852	1.00800198498852	1
X	28768618	28768619	62	13	2	1	1	1	NA	NA	NA	unphased	0.752641482124765	0.752641482124765	1
X	28947708	28947709	62	11	2	1	1	1	NA	NA	NA	unphased	0.654298443364521	0.654298443364521	1
X	29021485	29021486	54	17	2	1	1	1	NA	NA	NA	unphased	1.03967268657538	1.03967268657538	1
X	29093229	29093230	59	18	2	1	1	1	NA	NA	NA	unphased	1.01505094991851	1.01505094991851	1
X	30622187	30622188	43	13	2	1	1	1	NA	NA	NA	unphased	1.00800198498852	1.00800198498852	1
X	30699129	30699130	55	13	2	1	1	1	NA	NA	NA	unphased	0.830119281755255	0.830119281755255	1
X	30995486	30995487	47	12	2	1	1	1	NA	NA	NA	unphased	0.883151673940402	0.883151673940402	1
X	31434355	31434356	41	18	2	1	1	1	NA	NA	NA	unphased	1.3247275109106	1.3247275109106	1
X	31453698	31453699	39	17	2	1	1	1	NA	NA	NA	unphased	1.31815644190807	1.31815644190807	1
X	32650397	32650398	52	13	2	1	1	1	NA	NA	NA	unphased	0.868432479374729	0.868432479374729	1
X	33021533	33021534	67	22	2	1	1	1	NA	NA	NA	unphased	1.07334351383393	1.07334351383393	1
X	33476808	33476809	71	9	2	1	1	1	NA	NA	NA	unphased	0.488493269648285	0.488493269648285	1
X	33538699	33538700	56	12	2	1	1	1	NA	NA	NA	unphased	0.766263952389466	0.766263952389466	1
X	33709578	33709579	52	17	2	1	1	1	NA	NA	NA	unphased	1.06980812676597	1.06980812676597	1
X	33797185	33797186	57	15	2	1	1	1	NA	NA	NA	unphased	0.904617166015342	0.904617166015342	1
X	33818171	33818172	29	14	2	1	1	1	NA	NA	NA	unphased	1.41372729200537	1.41372729200537	1
X	34190637	34190638	71	17	2	1	1	1	NA	NA	NA	unphased	0.838826826668772	0.838826826668772	1
X	34236686	34236687	57	16	2	1	1	1	NA	NA	NA	unphased	0.951706826712031	0.951706826712031	1
X	34631717	34631718	41	15	2	1	1	1	NA	NA	NA	unphased	1.1630792134483	1.1630792134483	1
X	34913395	34913396	65	22	2	1	1	1	NA	NA	NA	unphased	1.09801807737035	1.09801807737035	1
X	35328986	35328987	48	18	2	1	1	1	NA	NA	NA	unphased	1.18422610823827	1.18422610823827	1
X	35476932	35476933	53	18	2	1	1	1	NA	NA	NA	unphased	1.10082990343275	1.10082990343275	1
X	35505977	35505978	52	17	2	1	1	1	NA	NA	NA	unphased	1.06980812676597	1.06980812676597	1
X	36245065	36245066	70	20	2	1	1	1	NA	NA	NA	unphased	0.964924977083032	0.964924977083032	1
X	36939068	36939069	54	22	2	1	1	1	NA	NA	NA	unphased	1.25694174646342	1.25694174646342	1
X	38574694	38574695	48	15	2	1	1	1	NA	NA	NA	unphased	1.03384818973182	1.03384818973182	1
X	40045388	40045389	37	12	2	1	1	1	NA	NA	NA	unphased	1.06338670943844	1.06338670943844	1
X	40780550	40780551	58	16	2	1	1	1	NA	NA	NA	unphased	0.938845923648355	0.938845923648355	1
X	42301484	42301485	57	23	2	1	1	1	NA	NA	NA	unphased	1.24837168910117	1.24837168910117	1
X	43752142	43752143	80	12	2	1	1	1	NA	NA	NA	unphased	0.566369008287867	0.566369008287867	1
X	43950113	43950114	56	15	2	1	1	1	NA	NA	NA	unphased	0.917358252860629	0.917358252860629	1
X	44345300	44345301	17	4	2	1	1	1	NA	NA	NA	unphased	0.827078551785456	0.827078551785456	1
X	44404004	44404005	57	11	2	1	1	1	NA	NA	NA	unphased	0.702408623023678	0.702408623023678	1
X	44603334	44603335	25	7	2	1	1	1	NA	NA	NA	unphased	0.949848024316109	0.949848024316109	1
X	45143404	45143405	54	22	2	1	1	1	NA	NA	NA	unphased	1.25694174646342	1.25694174646342	1
X	45345826	45345827	60	13	2	1	1	1	NA	NA	NA	unphased	0.773261796703525	0.773261796703525	1
X	45669969	45669970	61	22	2	1	1	1	NA	NA	NA	unphased	1.15093461121952	1.15093461121952	1
X	48584870	48584871	45	13	2	1	1	1	NA	NA	NA	unphased	0.973243295850989	0.973243295850989	1
X	49097853	49097854	47	13	2	1	1	1	NA	NA	NA	unphased	0.940801852655956	0.940801852655956	1
X	49728280	49728281	60	20	2	1	1	1	NA	NA	NA	unphased	1.08554059921841	1.08554059921841	1
X	51107247	51107248	60	21	2	1	1	1	NA	NA	NA	unphased	1.12574580659687	1.12574580659687	1
X	51303987	51303988	65	16	2	1	1	1	NA	NA	NA	unphased	0.857711090740473	0.857711090740473	1
X	51892979	51892980	59	20	2	1	1	1	NA	NA	NA	unphased	1.09928161946168	1.09928161946168	1
X	53322869	53322870	45	22	2	1	1	1	NA	NA	NA	unphased	1.42578466763015	1.42578466763015	1
X	53577702	53577703	50	21	2	1	1	1	NA	NA	NA	unphased	1.28430155400488	1.28430155400488	1
X	54113982	54113983	71	10	2	1	1	1	NA	NA	NA	unphased	0.536069431712795	0.536069431712795	1
X	54898459	54898460	57	13	2	1	1	1	NA	NA	NA	unphased	0.806401587990819	0.806401587990819	1
X	55632235	55632236	82	5	2	1	1	1	NA	NA	NA	unphased	0.249549563038715	0.249549563038715	1
X	56317868	56317869	42	9	2	1	1	1	NA	NA	NA	unphased	0.766263952389466	0.766263952389466	1
X	56689875	56689876	63	22	2	1	1	1	NA	NA	NA	unphased	1.12385379683788	1.12385379683788	1
X	57068344	57068345	59	17	2	1	1	1	NA	NA	NA	unphased	0.971273167721736	0.971273167721736	1
X	57283303	57283304	63	20	2	1	1	1	NA	NA	NA	unphased	1.04630419201775	1.04630419201775	1
X	57315057	57315058	48	17	2	1	1	1	NA	NA	NA	unphased	1.13564247302849	1.13564247302849	1
X	58179041	58179042	53	16	2	1	1	1	NA	NA	NA	unphased	1.00687823695621	1.00687823695621	1
X	58353818	58353819	44	15	2	1	1	1	NA	NA	NA	unphased	1.1039395924255	1.1039395924255	1
X	58463273	58463274	62	16	2	1	1	1	NA	NA	NA	unphased	0.890699978845875	0.890699978845875	1
X	62016647	62016648	52	15	2	1	1	1	NA	NA	NA	unphased	0.972125909747831	0.972125909747831	1
X	62612843	62612844	37	7	2	1	1	1	NA	NA	NA	unphased	0.690798563138989	0.690798563138989	1
X	62763490	62763491	55	14	2	1	1	1	NA	NA	NA	unphased	0.881018457336681	0.881018457336681	1
X	62925129	62925130	47	15	2	1	1	1	NA	NA	NA	unphased	1.05052316053395	1.05052316053395	1
X	62949800	62949801	68	9	2	1	1	1	NA	NA	NA	unphased	0.507525474959257	0.507525474959257	1
X	63133367	63133368	65	12	2	1	1	1	NA	NA	NA	unphased	0.676700633279009	0.676700633279009	1
X	63792691	63792692	50	12	2	1	1	1	NA	NA	NA	unphased	0.840418528427157	0.840418528427157	1
X	64395262	64395263	49	19	2	1	1	1	NA	NA	NA	unphased	1.21325125794999	1.21325125794999	1
X	64728165	64728166	67	20	2	1	1	1	NA	NA	NA	unphased	0.99819825215486	0.99819825215486	1
X	65293601	65293602	52	10	2	1	1	1	NA	NA	NA	unphased	0.700348773689297	0.700348773689297	1
X	65317006	65317007	65	5	2	1	1	1	NA	NA	NA	unphased	0.310154456919546	0.310154456919546	1
X	65317032	65317033	70	8	2	1	1	1	NA	NA	NA	unphased	0.445349989422938	0.445349989422938	1
X	65362041	65362042	72	15	2	1	1	1	NA	NA	NA	unphased	0.748648689116145	0.748648689116145	1
X	65785840	65785841	69	16	2	1	1	1	NA	NA	NA	unphased	0.817348215882097	0.817348215882097	1
X	66184344	66184345	60	25	2	1	1	1	NA	NA	NA	unphased	1.27710658731578	1.27710658731578	1
X	66211302	66211303	62	20	2	1	1	1	NA	NA	NA	unphased	1.05906399923747	1.05906399923747	1
X	66237485	66237486	50	14	2	1	1	1	NA	NA	NA	unphased	0.949848024316109	0.949848024316109	1
X	66281631	66281632	60	12	2	1	1	1	NA	NA	NA	unphased	0.723693732812274	0.723693732812274	1
X	66546514	66546515	38	13	2	1	1	1	NA	NA	NA	unphased	1.10682570900701	1.10682570900701	1
X	66593811	66593812	47	23	2	1	1	1	NA	NA	NA	unphased	1.42671050182991	1.42671050182991	1
X	67264307	67264308	64	17	2	1	1	1	NA	NA	NA	unphased	0.911318033911752	0.911318033911752	1
X	67410695	67410696	67	22	2	1	1	1	NA	NA	NA	unphased	1.07334351383393	1.07334351383393	1
X	67430980	67430981	63	15	2	1	1	1	NA	NA	NA	unphased	0.835031230168008	0.835031230168008	1
X	68185545	68185546	63	18	2	1	1	1	NA	NA	NA	unphased	0.964924977083032	0.964924977083032	1
X	68766336	68766337	40	19	NA	NA	NA	NA	NA	NA	NA	unphased	NA	NA	1
X	68766882	68766883	44	12	NA	NA	NA	NA	NA	NA	NA	unphased	NA	NA	1
X	69195505	69195506	58	17	2	1	1	1	NA	NA	NA	unphased	0.984223476624692	0.984223476624692	1
X	69599222	69599223	44	21	2	1	1	1	NA	NA	NA	unphased	1.40285246668225	1.40285246668225	1
X	69599877	69599878	38	15	2	1	1	1	NA	NA	NA	unphased	1.22891388590763	1.22891388590763	1
X	70136598	70136599	52	16	2	1	1	1	NA	NA	NA	unphased	1.02168526985262	1.02168526985262	1
X	71527053	71527054	35	10	2	1	1	1	NA	NA	NA	unphased	0.964924977083032	0.964924977083032	1
X	71640634	71640635	62	15	2	1	1	1	NA	NA	NA	unphased	0.845875791598762	0.845875791598762	1
X	72136286	72136287	18	8	2	1	1	1	NA	NA	NA	unphased	1.33604996826881	1.33604996826881	1
X	72716764	72716765	52	12	2	1	1	1	NA	NA	NA	unphased	0.814155449413808	0.814155449413808	1
X	74147313	74147314	51	20	2	1	1	1	NA	NA	NA	unphased	1.22314433714751	1.22314433714751	1
X	74147458	74147459	45	19	2	1	1	1	NA	NA	NA	unphased	1.28907946157186	1.28907946157186	1
X	75284586	75284587	51	17	2	1	1	1	NA	NA	NA	unphased	1.08554059921841	1.08554059921841	1
X	75851373	75851374	57	10	2	1	1	1	NA	NA	NA	unphased	0.648083939831887	0.648083939831887	1
X	76350800	76350801	55	11	2	1	1	1	NA	NA	NA	unphased	0.723693732812274	0.723693732812274	1
X	77278009	77278010	77	11	2	1	1	1	NA	NA	NA	unphased	0.542770299609205	0.542770299609205	1
X	77467409	77467410	62	16	2	1	1	1	NA	NA	NA	unphased	0.890699978845875	0.890699978845875	1
X	77506854	77506855	53	12	2	1	1	1	NA	NA	NA	unphased	0.801629980961288	0.801629980961288	1
X	77557836	77557837	56	11	NA	NA	NA	NA	NA	NA	NA	unphased	NA	NA	1
X	77579617	77579618	44	11	NA	NA	NA	NA	NA	NA	NA	unphased	NA	NA	1
X	77579714	77579715	66	20	NA	NA	NA	NA	NA	NA	NA	unphased	NA	NA	1
X	77579809	77579810	61	17	NA	NA	NA	NA	NA	NA	NA	unphased	NA	NA	1
X	77579812	77579813	60	16	NA	NA	NA	NA	NA	NA	NA	unphased	NA	NA	1
X	77580197	77580198	65	7	NA	NA	NA	NA	NA	NA	NA	unphased	NA	NA	1
X	77580205	77580206	74	6	NA	NA	NA	NA	NA	NA	NA	unphased	NA	NA	1
X	77580229	77580230	72	5	NA	NA	NA	NA	NA	NA	NA	unphased	NA	NA	1
X	77650853	77650854	50	18	1.63951367781156	1	0	0.360486322188442	2	0	0.639513677811558	unphased	1.05397307859314	1.05397307859314	1
X	77800855	77800856	45	18	NA	NA	NA	NA	NA	NA	NA	unphased	NA	NA	1
X	77801041	77801042	52	10	NA	NA	NA	NA	NA	NA	NA	unphased	NA	NA	1
X	77801048	77801049	55	10	NA	NA	NA	NA	NA	NA	NA	unphased	NA	NA	1
X	78003102	78003103	51	19	2	1	1	1	NA	NA	NA	unphased	1.17858693629427	1.17858693629427	1
X	78037182	78037183	63	16	2	1	1	1	NA	NA	NA	unphased	0.879425295569345	0.879425295569345	1
X	78200542	78200543	57	16	2	1	1	1	NA	NA	NA	unphased	0.951706826712031	0.951706826712031	1
X	78200600	78200601	53	13	2	1	1	1	NA	NA	NA	unphased	0.855274411505415	0.855274411505415	1
X	78200622	78200623	47	10	2	1	1	1	NA	NA	NA	unphased	0.761782876644499	0.761782876644499	1
X	78200743	78200744	56	15	2	1	1	1	NA	NA	NA	unphased	0.917358252860629	0.917358252860629	1
X	78290281	78290282	49	23	2	1	1	1	NA	NA	NA	unphased	1.38707965455686	1.38707965455686	1
X	78470899	78470900	46	14	2	1	1	1	NA	NA	NA	unphased	1.01317122593718	1.01317122593718	1
X	78623730	78623731	51	10	2	1	1	1	NA	NA	NA	unphased	0.711829901126827	0.711829901126827	1
X	78899665	78899666	69	6	2	1	1	1	NA	NA	NA	unphased	0.347372991749891	0.347372991749891	1
X	78918539	78918540	55	10	2	1	1	1	NA	NA	NA	unphased	0.668024984134407	0.668024984134407	1
X	80458412	80458413	65	16	2	1	1	1	NA	NA	NA	unphased	0.857711090740473	0.857711090740473	1
X	80815961	80815962	55	14	2	1	1	1	NA	NA	NA	unphased	0.881018457336681	0.881018457336681	1
X	80966566	80966567	63	21	2	1	1	1	NA	NA	NA	unphased	1.08554059921841	1.08554059921841	1
X	81304180	81304181	60	21	2	1	1	1	NA	NA	NA	unphased	1.12574580659687	1.12574580659687	1
X	81320252	81320253	63	14	2	1	1	1	NA	NA	NA	unphased	0.789484072158844	0.789484072158844	1
X	81584355	81584356	57	16	2	1	1	1	NA	NA	NA	unphased	0.951706826712031	0.951706826712031	1
X	81605159	81605160	48	11	2	1	1	1	NA	NA	NA	unphased	0.809555701112035	0.809555701112035	1
X	82310061	82310062	53	22	2	1	1	1	NA	NA	NA	unphased	1.2737009697496	1.2737009697496	1
X	82761870	82761871	21	3	2	1	1	1	NA	NA	NA	unphased	0.542770299609205	0.542770299609205	1
X	82943428	82943429	49	15	2	1	1	1	NA	NA	NA	unphased	1.01769431176726	1.01769431176726	1
X	83041202	83041203	49	20	2	1	1	1	NA	NA	NA	unphased	1.25859779619526	1.25859779619526	1
X	83588753	83588754	66	18	2	1	1	1	NA	NA	NA	unphased	0.930463370758638	0.930463370758638	1
X	83596855	83596856	44	11	2	1	1	1	NA	NA	NA	unphased	0.868432479374729	0.868432479374729	1
X	84895991	84895992	67	15	2	1	1	1	NA	NA	NA	unphased	0.794297999428105	0.794297999428105	1
X	85111777	85111778	77	17	2	1	1	1	NA	NA	NA	unphased	0.785284688796297	0.785284688796297	1
X	86018614	86018615	45	9	2	1	1	1	NA	NA	NA	unphased	0.723693732812274	0.723693732812274	1
X	86203411	86203412	70	6	2	1	1	1	NA	NA	NA	unphased	0.342802294490024	0.342802294490024	1
X	86276918	86276919	52	14	2	1	1	1	NA	NA	NA	unphased	0.921064750851985	0.921064750851985	1
X	86450515	86450516	70	4	2	1	1	1	NA	NA	NA	unphased	0.234711480912089	0.234711480912089	1
X	86860446	86860447	70	14	2	1	1	1	NA	NA	NA	unphased	0.723693732812274	0.723693732812274	1
X	87009036	87009037	50	16	2	1	1	1	NA	NA	NA	unphased	1.05264542954513	1.05264542954513	1
X	87132705	87132706	46	14	2	1	1	1	NA	NA	NA	unphased	1.01317122593718	1.01317122593718	1
X	87388482	87388483	78	12	2	1	1	1	NA	NA	NA	unphased	0.578954986249819	0.578954986249819	1
X	87654338	87654339	61	11	2	1	1	1	NA	NA	NA	unphased	0.663385921744584	0.663385921744584	1
X	87826563	87826564	54	22	2	1	1	1	NA	NA	NA	unphased	1.25694174646342	1.25694174646342	1
X	87879462	87879463	55	18	2	1	1	1	NA	NA	NA	unphased	1.07067018005104	1.07067018005104	1
X	88163575	88163576	50	10	2	1	1	1	NA	NA	NA	unphased	0.723693732812274	0.723693732812274	1
X	88179949	88179950	61	12	2	1	1	1	NA	NA	NA	unphased	0.713780120034023	0.713780120034023	1
X	88365001	88365002	55	9	2	1	1	1	NA	NA	NA	unphased	0.610616587060356	0.610616587060356	1
X	88380796	88380797	57	16	2	1	1	1	NA	NA	NA	unphased	0.951706826712031	0.951706826712031	1
X	88433693	88433694	45	12	NA	NA	NA	NA	NA	NA	NA	unphased	NA	NA	1
X	89542563	89542564	49	16	NA	NA	NA	NA	NA	NA	NA	unphased	NA	NA	1
X	90863726	90863727	40	13	NA	NA	NA	NA	NA	NA	NA	unphased	NA	NA	1
X	90983224	90983225	60	19	NA	NA	NA	NA	NA	NA	NA	unphased	NA	NA	1
X	91225278	91225279	44	11	NA	NA	NA	NA	NA	NA	NA	unphased	NA	NA	1
X	91499642	91499643	61	13	NA	NA	NA	NA	NA	NA	NA	unphased	NA	NA	1
X	91748941	91748942	36	13	NA	NA	NA	NA	NA	NA	NA	unphased	NA	NA	1
X	92118835	92118836	63	12	NA	NA	NA	NA	NA	NA	NA	unphased	NA	NA	1
X	92253173	92253174	74	4	NA	NA	NA	NA	NA	NA	NA	unphased	NA	NA	1
X	93244663	93244664	49	11	2	1	1	1	NA	NA	NA	unphased	0.796063106093501	0.796063106093501	1
X	93531235	93531236	62	16	2	1	1	1	NA	NA	NA	unphased	0.890699978845875	0.890699978845875	1
X	93860306	93860307	63	14	2	1	1	1	NA	NA	NA	unphased	0.789484072158844	0.789484072158844	1
X	93862052	93862053	59	19	2	1	1	1	NA	NA	NA	unphased	1.05770622487948	1.05770622487948	1
X	93982900	93982901	52	18	2	1	1	1	NA	NA	NA	unphased	1.11655604491037	1.11655604491037	1
X	93987157	93987158	53	16	2	1	1	1	NA	NA	NA	unphased	1.00687823695621	1.00687823695621	1
X	93990333	93990334	48	11	2	1	1	1	NA	NA	NA	unphased	0.809555701112035	0.809555701112035	1
X	94124856	94124857	60	17	2	1	1	1	NA	NA	NA	unphased	0.958659230478596	0.958659230478596	1
X	94296914	94296915	47	11	2	1	1	1	NA	NA	NA	unphased	0.82351355802776	0.82351355802776	1
X	94341190	94341191	48	11	2	1	1	1	NA	NA	NA	unphased	0.809555701112035	0.809555701112035	1
X	94375214	94375215	48	6	2	1	1	1	NA	NA	NA	unphased	0.482462488541516	0.482462488541516	1
X	94587396	94587397	49	14	2	1	1	1	NA	NA	NA	unphased	0.964924977083032	0.964924977083032	1
X	94931215	94931216	57	13	2	1	1	1	NA	NA	NA	unphased	0.806401587990819	0.806401587990819	1
X	95346608	95346609	68	22	2	1	1	1	NA	NA	NA	unphased	1.06141747479133	1.06141747479133	1
X	95347150	95347151	64	18	2	1	1	1	NA	NA	NA	unphased	0.953157599313727	0.953157599313727	1
X	95552598	95552599	53	14	2	1	1	1	NA	NA	NA	unphased	0.907317515764642	0.907317515764642	1
X	95733878	95733879	70	16	2	1	1	1	NA	NA	NA	unphased	0.807844166860213	0.807844166860213	1
X	96478076	96478077	52	17	2	1	1	1	NA	NA	NA	unphased	1.06980812676597	1.06980812676597	1
X	96902249	96902250	40	15	2	1	1	1	NA	NA	NA	unphased	1.18422610823827	1.18422610823827	1
X	97358825	97358826	66	8	2	1	1	1	NA	NA	NA	unphased	0.469422961824178	0.469422961824178	1
X	97569574	97569575	61	8	2	1	1	1	NA	NA	NA	unphased	0.503439118478104	0.503439118478104	1
X	97689225	97689226	39	16	2	1	1	1	NA	NA	NA	unphased	1.26317451545415	1.26317451545415	1
X	97824174	97824175	67	26	2	1	1	1	NA	NA	NA	unphased	1.21393787439478	1.21393787439478	1
X	99483534	99483535	46	10	1	1	0	1	NA	NA	NA	unphased	0.596814713727436	0.596814713727436	1
X	101988678	101988679	36	16	1	1	0	1	NA	NA	NA	unphased	1.02835766057651	1.02835766057651	1
X	111292663	111292664	31	12	1	1	0	1	NA	NA	NA	unphased	0.932696482848459	0.932696482848459	1
X	112223102	112223103	47	14	1	1	0	1	NA	NA	NA	unphased	0.767053664856246	0.767053664856246	1
X	112799999	112800000	53	5	1	1	0	1	NA	NA	NA	unphased	0.288117448006349	0.288117448006349	1
X	112916298	112916299	34	20	1	1	0	1	NA	NA	NA	unphased	1.23783792476802	1.23783792476802	1
X	113067605	113067606	29	13	1	1	0	1	NA	NA	NA	unphased	1.03447883712756	1.03447883712756	1
X	113743500	113743501	41	19	1	1	0	1	NA	NA	NA	unphased	1.05835142567665	1.05835142567665	1
X	113766904	113766905	34	20	1	1	0	1	NA	NA	NA	unphased	1.23783792476802	1.23783792476802	1
X	115172704	115172705	33	16	1	1	0	1	NA	NA	NA	unphased	1.09131833367303	1.09131833367303	1
X	115516120	115516121	31	10	1	1	0	1	NA	NA	NA	unphased	0.815161560213084	0.815161560213084	1
X	116187005	116187006	34	9	1	1	0	1	NA	NA	NA	unphased	0.699522362136344	0.699522362136344	1
X	116773726	116773727	42	23	1	1	0	1	NA	NA	NA	unphased	1.18261130966298	1.18261130966298	1
X	117729284	117729285	36	16	1	1	0	1	NA	NA	NA	unphased	1.02835766057651	1.02835766057651	1
X	123484033	123484034	27	14	1	1	0	1	NA	NA	NA	unphased	1.14122618429832	1.14122618429832	1
X	124722032	124722033	41	13	1	1	0	1	NA	NA	NA	unphased	0.80459465109921	0.80459465109921	1
X	125444744	125444745	46	21	1	1	0	1	NA	NA	NA	unphased	1.04754343782607	1.04754343782607	1
X	125617692	125617693	42	10	1	1	0	1	NA	NA	NA	unphased	0.642723537860316	0.642723537860316	1
X	125918862	125918863	33	15	1	1	0	1	NA	NA	NA	unphased	1.04442574902301	1.04442574902301	1
X	126987620	126987621	28	20	1	1	0	1	NA	NA	NA	unphased	1.39256766536402	1.39256766536402	1
X	128779275	128779276	35	16	1	1	0	1	NA	NA	NA	unphased	1.04852153627408	1.04852153627408	1
X	129116549	129116550	18	14	1	1	0	1	NA	NA	NA	unphased	1.46219604863222	1.46219604863222	1
X	132524823	132524824	26	17	1	1	0	1	NA	NA	NA	unphased	1.32132001736865	1.32132001736865	1
X	132918807	132918808	38	26	1	1	0	1	NA	NA	NA	unphased	1.35775347372992	1.35775347372992	1
X	133659814	133659815	31	25	1	1	0	1	NA	NA	NA	unphased	1.49203678431859	1.49203678431859	1
X	133659818	133659819	34	25	1	1	0	1	NA	NA	NA	unphased	1.41617050714985	1.41617050714985	1
X	136590223	136590224	31	13	1	1	0	1	NA	NA	NA	unphased	0.987457071803576	0.987457071803576	1
X	136983224	136983225	57	14	1	1	0	1	NA	NA	NA	unphased	0.659017937411704	0.659017937411704	1
X	137702899	137702900	32	12	1	1	0	1	NA	NA	NA	unphased	0.911498835510994	0.911498835510994	1
X	139493910	139493911	33	13	1	1	0	1	NA	NA	NA	unphased	0.944524155638203	0.944524155638203	1
X	139748910	139748911	24	11	1	1	0	1	NA	NA	NA	unphased	1.05039389616029	1.05039389616029	1
X	140880503	140880504	22	5	1	1	0	1	NA	NA	NA	unphased	0.618918962384008	0.618918962384008	1
X	140903899	140903900	44	16	1	1	0	1	NA	NA	NA	unphased	0.891243305832971	0.891243305832971	1
X	141080706	141080707	38	18	1	1	0	1	NA	NA	NA	unphased	1.07426648470939	1.07426648470939	1
X	141542614	141542615	36	20	1	1	0	1	NA	NA	NA	unphased	1.19362942745487	1.19362942745487	1
X	142415551	142415552	30	5	1	1	0	1	NA	NA	NA	unphased	0.477451770981949	0.477451770981949	1
X	142490732	142490733	46	19	1	1	0	1	NA	NA	NA	unphased	0.97693977754768	0.97693977754768	1
X	142599174	142599175	23	11	1	1	0	1	NA	NA	NA	unphased	1.08128783428265	1.08128783428265	1
X	142970455	142970456	31	10	1	1	0	1	NA	NA	NA	unphased	0.815161560213084	0.815161560213084	1
X	143667819	143667820	41	12	1	1	0	1	NA	NA	NA	unphased	0.756716014386485	0.756716014386485	1
X	144251953	144251954	66	9	2	1	1	1	NA	NA	NA	unphased	0.521059487624837	0.521059487624837	1
X	144302191	144302192	52	16	1	1	0	1	NA	NA	NA	unphased	0.786391152205563	0.786391152205563	1
X	144302317	144302318	62	14	1	1	0	1	NA	NA	NA	unphased	0.615661494160934	0.615661494160934	1
X	144302400	144302401	60	14	1	1	0	1	NA	NA	NA	unphased	0.632300994003122	0.632300994003122	1
X	144302434	144302435	61	16	1	1	0	1	NA	NA	NA	unphased	0.694475303246471	0.694475303246471	1
X	144302562	144302563	60	10	1	1	0	1	NA	NA	NA	unphased	0.477451770981949	0.477451770981949	1
X	144302597	144302598	59	11	1	1	0	1	NA	NA	NA	unphased	0.525196948080144	0.525196948080144	1
X	144302687	144302688	58	26	1	1	0	1	NA	NA	NA	unphased	1.03447883712756	1.03447883712756	1
X	144302801	144302802	59	21	1	1	0	1	NA	NA	NA	unphased	0.877317629179331	0.877317629179331	1
X	144302884	144302885	58	22	1	1	0	1	NA	NA	NA	unphased	0.919094659140252	0.919094659140252	1
X	144303277	144303278	51	13	1	1	0	1	NA	NA	NA	unphased	0.678876736864959	0.678876736864959	1
X	144303299	144303300	54	12	1	1	0	1	NA	NA	NA	unphased	0.607665890340662	0.607665890340662	1
X	144303344	144303345	56	13	1	1	0	1	NA	NA	NA	unphased	0.629682770425469	0.629682770425469	1
X	144303862	144303863	62	18	1	1	0	1	NA	NA	NA	unphased	0.75198653929657	0.75198653929657	1
X	144304069	144304070	55	13	1	1	0	1	NA	NA	NA	unphased	0.63894281116702	0.63894281116702	1
X	144304107	144304108	60	5	1	1	0	1	NA	NA	NA	unphased	0.257089415144126	0.257089415144126	1
X	144304144	144304145	56	3	1	1	0	1	NA	NA	NA	unphased	0.169940460857982	0.169940460857982	1
X	144304147	144304148	60	4	1	1	0	1	NA	NA	NA	unphased	0.208885149804603	0.208885149804603	1
X	144304248	144304249	54	10	1	1	0	1	NA	NA	NA	unphased	0.522212874511507	0.522212874511507	1
X	144304282	144304283	61	8	1	1	0	1	NA	NA	NA	unphased	0.387497089492596	0.387497089492596	1
X	144773177	144773178	30	19	1	1	0	1	NA	NA	NA	unphased	1.29594052123672	1.29594052123672	1
X	145085769	145085770	42	14	1	1	0	1	NA	NA	NA	unphased	0.835540599218411	0.835540599218411	1
X	145095097	145095098	31	23	1	1	0	1	NA	NA	NA	unphased	1.42351361348322	1.42351361348322	1
X	145396171	145396172	41	16	1	1	0	1	NA	NA	NA	unphased	0.938150848245233	0.938150848245233	1
X	145682103	145682104	30	12	1	1	0	1	NA	NA	NA	unphased	0.954903541963898	0.954903541963898	1
X	146904390	146904391	32	15	1	1	0	1	NA	NA	NA	unphased	1.06664757347031	1.06664757347031	1
X	147414930	147414931	28	11	1	1	0	1	NA	NA	NA	unphased	0.942661188861797	0.942661188861797	1
X	148236711	148236712	56	19	2	1	1	1	NA	NA	NA	unphased	1.10001447387466	1.10001447387466	1
X	148236748	148236749	62	22	2	1	1	1	NA	NA	NA	unphased	1.137233008705	1.137233008705	1
X	148259666	148259667	65	12	2	1	1	1	NA	NA	NA	unphased	0.676700633279009	0.676700633279009	1
X	148318844	148318845	58	16	2	1	1	1	NA	NA	NA	unphased	0.938845923648355	0.938845923648355	1
X	149437515	149437516	61	14	2	1	1	1	NA	NA	NA	unphased	0.810536980749747	0.810536980749747	1
X	149469113	149469114	54	9	2	1	1	1	NA	NA	NA	unphased	0.620308913839092	0.620308913839092	1
X	150027670	150027671	59	11	2	1	1	1	NA	NA	NA	unphased	0.682339805223001	0.682339805223001	1
X	150207474	150207475	40	12	2	1	1	1	NA	NA	NA	unphased	1.00203747620161	1.00203747620161	1
X	150577502	150577503	76	7	2	1	1	1	NA	NA	NA	unphased	0.366206467206211	0.366206467206211	1
X	150859470	150859471	50	16	2	1	1	1	NA	NA	NA	unphased	1.05264542954513	1.05264542954513	1
X	150922159	150922160	39	11	2	1	1	1	NA	NA	NA	unphased	0.955275727312201	0.955275727312201	1
X	150987705	150987706	42	18	2	1	1	1	NA	NA	NA	unphased	1.30264871906209	1.30264871906209	1
X	151287175	151287176	24	4	2	1	1	1	NA	NA	NA	unphased	0.620308913839092	0.620308913839092	1
X	151379878	151379879	50	12	2	1	1	1	NA	NA	NA	unphased	0.840418528427157	0.840418528427157	1
X	151523195	151523196	48	13	2	1	1	1	NA	NA	NA	unphased	0.925378871464875	0.925378871464875	1
X	151731363	151731364	48	26	2	1	1	1	NA	NA	NA	unphased	1.52562462592858	1.52562462592858	1
X	153200224	153200225	40	8	2	1	1	1	NA	NA	NA	unphased	0.723693732812274	0.723693732812274	1
X	154044153	154044154	69	21	2	1	1	1	NA	NA	NA	unphased	1.01317122593718	1.01317122593718	1
X	154306086	154306087	58	17	2	1	1	1	NA	NA	NA	unphased	0.984223476624692	0.984223476624692	1
X	154313828	154313829	60	11	2	1	1	1	NA	NA	NA	unphased	0.672729385431128	0.672729385431128	1
X	154355976	154355977	51	13	2	1	1	1	NA	NA	NA	unphased	0.882001736864959	0.882001736864959	1
X	155181312	155181313	72	17	2.71882685538358	1	1	0.281173144616424	2	1	0.718826855383576	unphased	0.966705812228907	0.966705812228907	1
